time_ms,ax,ay,az
15,-0.0,-0.0,-0.0
39,-0.0,-0.0,-0.0
64,-0.0,-0.0,-0.0
88,-0.0,-0.0,-0.0
114,-0.0,-0.0,-0.0
137,-0.0,-0.0,-0.0
166,-0.0,-0.0,-0.0
190,-0.0,-0.0,-0.0
215,-0.0,-0.0,-0.0
240,-0.0,-0.0,-0.0
264,-0.0,-0.0,-0.0
289,-0.0,-0.0,-0.0
313,-0.0,-0.0,-0.0
338,-0.0,-0.0,-0.0
363,-0.0,-0.0,-0.0
387,-0.0,-0.0,-0.0
416,-0.0,-0.0,-0.0
440,-0.0,-0.0,-0.0
465,-0.0,-0.0,-0.0
489,-0.0,-0.0,-0.0
514,-0.0,-0.0,-0.0
539,-0.0,-0.0,-0.0
563,-0.0,-0.0,-0.0
588,-0.0,-0.0,-0.0
612,-0.0,-0.0,-0.0
637,-0.0,-0.0,-0.0
662,-0.0,-0.0,-0.0
690,-0.0,-0.0,-0.0
715,-0.0,-0.0,-0.0
739,-0.0,-0.0,-0.0
764,-0.0,-0.0,-0.0
788,-0.0,-0.0,-0.0
813,-0.0,-0.0,-0.0
838,-0.0,-0.0,-0.0
862,-0.0,-0.0,-0.0
887,-0.0,-0.0,-0.0
911,-0.0,-0.0,-0.0
940,-0.0,-0.0,-0.0
965,-0.0,-0.0,-0.0
989,-0.0,-0.0,-0.0
1014,-0.0,-0.0,-0.0
1038,-0.0,-0.0,-0.0
1063,-0.0,-0.0,-0.0
1087,-0.0,-0.0,-0.0
1112,-0.0,-0.0,-0.0
1137,-0.0,-0.0,-0.0
1161,-0.0,-0.0,-0.0
1190,-0.0,-0.0,-0.0
1215,-0.0,-0.0,-0.0
1239,-0.0,-0.0,-0.0
1263,-0.0,-0.0,-0.0
1288,-0.0,-0.0,-0.0
1313,-0.0,-0.0,-0.0
1337,-0.0,-0.0,-0.0
1362,-0.0,-0.0,-0.0
1386,-0.0,-0.0,-0.0
1411,-0.0,-0.0,-0.0
1440,-0.0,-0.0,-0.0
1465,-0.0,-0.0,-0.0
1489,-0.0,-0.0,-0.0
1514,-0.0,-0.0,-0.0
1538,-0.0,-0.0,-0.0
1563,-0.0,-0.0,-0.0
1587,-0.0,-0.0,-0.0
1612,-0.0,-0.0,-0.0
1636,-0.0,-0.0,-0.0
1661,-0.0,-0.0,-0.0
1690,-0.0,-0.0,-0.0
1714,-0.0,-0.0,-0.0
1739,-0.0,-0.0,-0.0
1763,-0.0,-0.0,-0.0
1788,-0.0,-0.0,-0.0
1813,-0.0,-0.0,-0.0
1837,-0.0,-0.0,-0.0
1861,-0.0,-0.0,-0.0
1886,-0.0,-0.0,-0.0
1911,-0.0,-0.0,-0.0
1936,-0.0,-0.0,-0.0
1964,-0.0,-0.0,-0.0
1989,-0.0,-0.0,-0.0
2013,-0.0,-0.0,-0.0
2038,-0.0,-0.0,-0.0
2062,-0.0,-0.0,-0.0
2087,-0.0,-0.0,-0.0
2111,-0.0,-0.0,-0.0
2136,-0.0,-0.0,-0.0
2161,-0.0,-0.0,-0.0
2186,-0.0,-0.0,-0.0
2214,-0.0,-0.0,-0.0
2239,-0.0,-0.0,-0.0
2263,-0.0,-0.0,-0.0
2288,-0.0,-0.0,-0.0
2312,-0.0,-0.0,-0.0
2337,-0.0,-0.0,-0.0
2362,-0.0,-0.0,-0.0
2386,-0.0,-0.0,-0.0
2410,-0.0,-0.0,-0.0
2435,-0.0,-0.0,-0.0
2464,-0.0,-0.0,-0.0
2489,-0.0,-0.0,-0.0
2513,-0.0,-0.0,-0.0
2538,-0.0,-0.0,-0.0
2562,-0.0,-0.0,-0.0
2587,-0.0,-0.0,-0.0
2611,-0.0,-0.0,-0.0
2636,-0.0,-0.0,-0.0
2660,-0.0,-0.0,-0.0
2686,-0.0,-0.0,-0.0
2714,-0.0,-0.0,-0.0
2738,-0.0,-0.0,-0.0
2763,-0.0,-0.0,-0.0
2787,-0.0,-0.0,-0.0
2812,-0.0,-0.0,-0.0
2837,-0.0,-0.0,-0.0
2861,-0.0,-0.0,-0.0
2886,-0.0,-0.0,-0.0
2911,-0.0,-0.0,-0.0
2935,-0.0,-0.0,-0.0
2964,-0.0,-0.0,-0.0
2988,-0.0,-0.0,-0.0
3013,-0.0,-0.0,-0.0
3037,-0.0,-0.0,-0.0
3062,-0.0,-0.0,-0.0
3086,-0.0,-0.0,-0.0
3111,-0.0,-0.0,-0.0
3136,-0.0,-0.0,-0.0
3160,-0.0,-0.0,-0.0
3185,-0.0,-0.0,-0.0
3209,-0.0,-0.0,-0.0
3238,-0.0,-0.0,-0.0
3263,-0.0,-0.0,-0.0
3287,-0.0,-0.0,-0.0
3312,-0.0,-0.0,-0.0
3336,-0.0,-0.0,-0.0
3361,-0.0,-0.0,-0.0
3385,-0.0,-0.0,-0.0
3410,-0.0,-0.0,-0.0
3435,-0.0,-0.0,-0.0
3459,-0.0,-0.0,-0.0
3488,-0.0,-0.0,-0.0
3512,-0.0,-0.0,-0.0
3537,-0.0,-0.0,-0.0
3561,-0.0,-0.0,-0.0
3586,-0.0,-0.0,-0.0
3610,-0.0,-0.0,-0.0
3635,-0.0,-0.0,-0.0
3660,-0.0,-0.0,-0.0
3685,-0.0,-0.0,-0.0
3709,-0.0,-0.0,-0.0
3737,-0.0,-0.0,-0.0
3762,-0.0,-0.0,-0.0
3786,-0.0,-0.0,-0.0
3811,-0.0,-0.0,-0.0
3836,-0.0,-0.0,-0.0
3860,-0.0,-0.0,-0.0
3885,-0.0,-0.0,-0.0
3909,-0.0,-0.0,-0.0
3935,-0.0,-0.0,-0.0
3959,-0.0,-0.0,-0.0
3988,-0.0,-0.0,-0.0
4012,-0.0,-0.0,-0.0
4036,-0.0,-0.0,-0.0
4061,-0.0,-0.0,-0.0
4086,-0.0,-0.0,-0.0
4110,-0.0,-0.0,-0.0
4135,-0.0,-0.0,-0.0
4160,-0.0,-0.0,-0.0
4184,-0.0,-0.0,-0.0
4209,-0.0,-0.0,-0.0
4237,-0.0,-0.0,-0.0
4262,-0.0,-0.0,-0.0
4287,-0.0,-0.0,-0.0
4311,-0.0,-0.0,-0.0
4336,-0.0,-0.0,-0.0
4360,-0.0,-0.0,-0.0
4385,-0.0,-0.0,-0.0
4409,-0.0,-0.0,-0.0
4434,-0.0,-0.0,-0.0
4459,-0.0,-0.0,-0.0
4483,-0.0,-0.0,-0.0
4511,-0.0,-0.0,-0.0
4536,-0.0,-0.0,-0.0
4561,-0.0,-0.0,-0.0
4586,-0.0,-0.0,-0.0
4610,-0.0,-0.0,-0.0
4635,-0.0,-0.0,-0.0
4659,-0.0,-0.0,-0.0
4684,-0.0,-0.0,-0.0
4708,-0.0,-0.0,-0.0
4733,-0.0,-0.0,-0.0
4762,-0.0,-0.0,-0.0
4786,-0.0,-0.0,-0.0
4810,-0.0,-0.0,-0.0
4835,-0.0,-0.0,-0.0
4860,-0.0,-0.0,-0.0
4885,-0.0,-0.0,-0.0
4909,-0.0,-0.0,-0.0
4934,-0.0,-0.0,-0.0
4958,-0.0,-0.0,-0.0
4983,-0.0,-0.0,-0.0
5011,-0.0,-0.0,-0.0
5036,-0.0,-0.0,-0.0
5060,-0.0,-0.0,-0.0
5085,-0.0,-0.0,-0.0
5110,-0.0,-0.0,-0.0
5134,-0.0,-0.0,-0.0
5159,-0.0,-0.0,-0.0
5183,-0.0,-0.0,-0.0
5208,-0.0,-0.0,-0.0
5233,-0.0,-0.0,-0.0
5261,-0.0,-0.0,-0.0
5286,-0.0,-0.0,-0.0
5310,-0.0,-0.0,-0.0
5335,-0.0,-0.0,-0.0
5359,-0.0,-0.0,-0.0
5384,-0.0,-0.0,-0.0
5408,-0.0,-0.0,-0.0
5433,-0.0,-0.0,-0.0
5458,-0.0,-0.0,-0.0
5483,-0.0,-0.0,-0.0
5511,-0.0,-0.0,-0.0
5536,-0.0,-0.0,-0.0
5560,-0.0,-0.0,-0.0
5585,-0.0,-0.0,-0.0
5609,-0.0,-0.0,-0.0
5634,-0.0,-0.0,-0.0
5659,-0.0,-0.0,-0.0
5683,-0.0,-0.0,-0.0
5708,-0.0,-0.0,-0.0
5732,-0.0,-0.0,-0.0
5757,-0.0,-0.0,-0.0
5785,-0.0,-0.0,-0.0
5810,-0.0,-0.0,-0.0
5834,-0.0,-0.0,-0.0
5859,-0.0,-0.0,-0.0
5884,-0.0,-0.0,-0.0
5908,-0.0,-0.0,-0.0
5933,-0.0,-0.0,-0.0
5958,-0.0,-0.0,-0.0
5982,-0.0,-0.0,-0.0
6007,-0.0,-0.0,-0.0
6035,-0.0,-0.0,-0.0
6064,-0.0,-0.0,-0.0
6097,-0.0,-0.0,-0.0
6125,-0.0,-0.0,-0.0
6158,-0.0,-0.0,-0.0
6191,-0.0,-0.0,-0.0
6219,-0.0,-0.0,-0.0
6252,-0.0,-0.0,-0.0
6285,-0.0,-0.0,-0.0
6314,-0.0,-0.0,-0.0
6347,-0.0,-0.0,-0.0
6372,-0.0,-0.0,-0.0
6396,-0.0,-0.0,-0.0
6421,-0.0,-0.0,-0.0
6445,-0.0,-0.0,-0.0
6470,-0.0,-0.0,-0.0
6494,-0.0,-0.0,-0.0
6519,-0.0,-0.0,-0.0
6547,-0.0,-0.0,-0.0
6572,-0.0,-0.0,-0.0
6597,-0.0,-0.0,-0.0
6621,-0.0,-0.0,-0.0
6646,-0.0,-0.0,-0.0
6670,-0.0,-0.0,-0.0
6694,-0.0,-0.0,-0.0
6720,-0.0,-0.0,-0.0
6744,-0.0,-0.0,-0.0
6769,-0.0,-0.0,-0.0
6797,-0.0,-0.0,-0.0
6822,-0.0,-0.0,-0.0
6846,-0.0,-0.0,-0.0
6871,-0.0,-0.0,-0.0
6896,-0.0,-0.0,-0.0
6920,-0.0,-0.0,-0.0
6945,-0.0,-0.0,-0.0
6970,-0.0,-0.0,-0.0
6994,-0.0,-0.0,-0.0
7019,-0.0,-0.0,-0.0
7047,-0.0,-0.0,-0.0
7072,-0.0,-0.0,-0.0
7097,-0.0,-0.0,-0.0
7121,-0.0,-0.0,-0.0
7146,-0.0,-0.0,-0.0
7170,-0.0,-0.0,-0.0
7194,-0.0,-0.0,-0.0
7219,-0.0,-0.0,-0.0
7243,-0.0,-0.0,-0.0
7268,-0.0,-0.0,-0.0
7297,-0.0,-0.0,-0.0
7322,-0.0,-0.0,-0.0
7346,-0.0,-0.0,-0.0
7371,-0.0,-0.0,-0.0
7395,-0.0,-0.0,-0.0
7420,-0.0,-0.0,-0.0
7444,-0.0,-0.0,-0.0
7469,-0.0,-0.0,-0.0
7493,-0.0,-0.0,-0.0
7518,-0.0,-0.0,-0.0
7543,-0.0,-0.0,-0.0
7571,-0.0,-0.0,-0.0
7596,-0.0,-0.0,-0.0
7621,-0.0,-0.0,-0.0
7645,-0.0,-0.0,-0.0
7670,-0.0,-0.0,-0.0
7694,-0.0,-0.0,-0.0
7719,-0.0,-0.0,-0.0
7743,-0.0,-0.0,-0.0
7768,-0.0,-0.0,-0.0
7793,-0.0,-0.0,-0.0
7821,-0.0,-0.0,-0.0
7845,-0.0,-0.0,-0.0
7870,-0.0,-0.0,-0.0
7895,-0.0,-0.0,-0.0
7920,-0.0,-0.0,-0.0
7944,-0.0,-0.0,-0.0
7968,-0.0,-0.0,-0.0
7993,-0.0,-0.0,-0.0
8017,-0.0,-0.0,-0.0
8043,-0.0,-0.0,-0.0
8071,-0.0,-0.0,-0.0
8095,-0.0,-0.0,-0.0
8120,-0.0,-0.0,-0.0
8144,-0.0,-0.0,-0.0
8169,-0.0,-0.0,-0.0
8194,-0.0,-0.0,-0.0
8218,-0.0,-0.0,-0.0
8243,-0.0,-0.0,-0.0
8267,-0.0,-0.0,-0.0
8292,-0.0,-0.0,-0.0
8321,-0.0,-0.0,-0.0
8345,-0.0,-0.0,-0.0
8370,-0.0,-0.0,-0.0
8394,-0.0,-0.0,-0.0
8419,-0.0,-0.0,-0.0
8444,-0.0,-0.0,-0.0
8468,-0.0,-0.0,-0.0
8493,-0.0,-0.0,-0.0
8518,-0.0,-0.0,-0.0
8542,-0.0,-0.0,-0.0
8571,-0.0,-0.0,-0.0
8595,-0.0,-0.0,-0.0
8624,-0.0,-0.0,-0.0
8657,-0.0,-0.0,-0.0
8686,-0.0,-0.0,-0.0
8718,-0.0,-0.0,-0.0
8751,-0.0,-0.0,-0.0
8779,-0.0,-0.0,-0.0
8812,-0.0,-0.0,-0.0
8845,-0.0,-0.0,-0.0
8874,-0.0,-0.0,-0.0
8906,-0.0,-0.0,-0.0
8939,-0.0,-0.0,-0.0
8972,-0.0,-0.0,-0.0
9001,-0.0,-0.0,-0.0
9033,-0.0,-0.0,-0.0
9067,-0.0,-0.0,-0.0
9099,-0.0,-0.0,-0.0
9132,-0.0,-0.0,-0.0
9157,-0.0,-0.0,-0.0
9181,-0.0,-0.0,-0.0
9206,-0.0,-0.0,-0.0
9231,-0.0,-0.0,-0.0
9255,-0.0,-0.0,-0.0
9283,-0.0,-0.0,-0.0
9308,-0.0,-0.0,-0.0
9333,-0.0,-0.0,-0.0
9357,-0.0,-0.0,-0.0
9382,-0.0,-0.0,-0.0
9407,-0.0,-0.0,-0.0
9431,-0.0,-0.0,-0.0
9456,-0.0,-0.0,-0.0
9480,-0.0,-0.0,-0.0
9505,-0.0,-0.0,-0.0
9533,-0.0,-0.0,-0.0
9558,-0.0,-0.0,-0.0
9582,-0.0,-0.0,-0.0
9607,-0.0,-0.0,-0.0
9631,-0.0,-0.0,-0.0
9656,-0.0,-0.0,-0.0
9681,-0.0,-0.0,-0.0
9705,-0.0,-0.0,-0.0
9730,-0.0,-0.0,-0.0
9755,-0.0,-0.0,-0.0
9783,-0.0,-0.0,-0.0
9807,-0.0,-0.0,-0.0
9832,-0.0,-0.0,-0.0
9856,-0.0,-0.0,-0.0
9881,-0.0,-0.0,-0.0
9906,-0.0,-0.0,-0.0
9930,-0.0,-0.0,-0.0
9955,-0.0,-0.0,-0.0
9980,-0.0,-0.0,-0.0
10004,-0.0,-0.0,-0.0
10029,-0.0,-0.0,-0.0
10057,-0.0,-0.0,-0.0
10082,-0.0,-0.0,-0.0
10107,-0.0,-0.0,-0.0
10131,-0.0,-0.0,-0.0
10156,-0.0,-0.0,-0.0
10180,-0.0,-0.0,-0.0
10205,-0.0,-0.0,-0.0
10229,-0.0,-0.0,-0.0
10254,-0.0,-0.0,-0.0
10278,-0.0,-0.0,-0.0
10307,-0.0,-0.0,-0.0
10336,-0.0,-0.0,-0.0
10369,-0.0,-0.0,-0.0
10401,-0.0,-0.0,-0.0
10434,-0.0,-0.0,-0.0
10467,-0.0,-0.0,-0.0
10500,-0.0,-0.0,-0.0
10528,-0.0,-0.0,-0.0
10561,-0.0,-0.0,-0.0
10590,-0.0,-0.0,-0.0
10624,-0.0,-0.0,-0.0
10655,-0.0,-0.0,-0.0
10685,-0.0,-0.0,-0.0
10717,-0.0,-0.0,-0.0
10749,-0.0,-0.0,-0.0
10778,-0.0,-0.0,-0.0
10812,-0.0,-0.0,-0.0
10840,-0.0,-0.0,-0.0
10868,-0.0,-0.0,-0.0
10893,-0.0,-0.0,-0.0
10917,-0.0,-0.0,-0.0
10942,-0.0,-0.0,-0.0
10966,-0.0,-0.0,-0.0
10991,-0.0,-0.0,-0.0
11016,-0.0,-0.0,-0.0
11040,-0.0,-0.0,-0.0
11065,-0.0,-0.0,-0.0
11090,-0.0,-0.0,-0.0
11118,-0.0,-0.0,-0.0
11143,-0.0,-0.0,-0.0
11167,-0.0,-0.0,-0.0
11192,-0.0,-0.0,-0.0
11216,-0.0,-0.0,-0.0
11241,-0.0,-0.0,-0.0
11266,-0.0,-0.0,-0.0
11290,-0.0,-0.0,-0.0
11315,-0.0,-0.0,-0.0
11339,-0.0,-0.0,-0.0
11364,-0.0,-0.0,-0.0
11392,-0.0,-0.0,-0.0
11417,-0.0,-0.0,-0.0
11442,-0.0,-0.0,-0.0
11467,-0.0,-0.0,-0.0
11491,-0.0,-0.0,-0.0
11516,-0.0,-0.0,-0.0
11540,-0.0,-0.0,-0.0
11565,-0.0,-0.0,-0.0
11590,-0.0,-0.0,-0.0
11614,-0.0,-0.0,-0.0
11642,-0.0,-0.0,-0.0
11667,-0.0,-0.0,-0.0
11691,-0.0,-0.0,-0.0
11717,-0.0,-0.0,-0.0
11741,-0.0,-0.0,-0.0
11765,-0.0,-0.0,-0.0
11790,-0.0,-0.0,-0.0
11815,-0.0,-0.0,-0.0
11839,-0.0,-0.0,-0.0
11864,-0.0,-0.0,-0.0
11892,-0.0,-0.0,-0.0
11917,-0.0,-0.0,-0.0
11941,-0.0,-0.0,-0.0
11966,-0.0,-0.0,-0.0
11990,-0.0,-0.0,-0.0
12015,-0.0,-0.0,-0.0
12042,-0.0,-0.0,-0.0
12065,-0.0,-0.0,-0.0
12089,-0.0,-0.0,-0.0
12114,-0.0,-0.0,-0.0
12142,-0.0,-0.0,-0.0
12167,-0.0,-0.0,-0.0
12191,-0.0,-0.0,-0.0
12216,-0.0,-0.0,-0.0
12240,-0.0,-0.0,-0.0
12265,-0.0,-0.0,-0.0
12290,-0.0,-0.0,-0.0
12314,-0.0,-0.0,-0.0
12339,-0.0,-0.0,-0.0
12364,-0.0,-0.0,-0.0
12392,-0.0,-0.0,-0.0
12416,-0.0,-0.0,-0.0
12441,-0.0,-0.0,-0.0
12465,-0.0,-0.0,-0.0
12490,-0.0,-0.0,-0.0
12515,-0.0,-0.0,-0.0
12539,-0.0,-0.0,-0.0
12564,-0.0,-0.0,-0.0
12589,-0.0,-0.0,-0.0
12613,-0.0,-0.0,-0.0
12638,-0.0,-0.0,-0.0
12667,-0.0,-0.0,-0.0
12691,-0.0,-0.0,-0.0
12716,-0.0,-0.0,-0.0
12740,-0.0,-0.0,-0.0
12765,-0.0,-0.0,-0.0
12790,-0.0,-0.0,-0.0
12814,-0.0,-0.0,-0.0
12839,-0.0,-0.0,-0.0
12864,-0.0,-0.0,-0.0
12888,-0.0,-0.0,-0.0
12916,-0.0,-0.0,-0.0
12941,-0.0,-0.0,-0.0
12966,-0.0,-0.0,-0.0
12990,-0.0,-0.0,-0.0
13015,-0.0,-0.0,-0.0
13040,-0.0,-0.0,-0.0
13064,-0.0,-0.0,-0.0
13088,-0.0,-0.0,-0.0
13113,-0.0,-0.0,-0.0
13137,-0.0,-0.0,-0.0
13166,-0.0,-0.0,-0.0
13191,-0.0,-0.0,-0.0
13216,-0.0,-0.0,-0.0
13240,-0.0,-0.0,-0.0
13264,-0.0,-0.0,-0.0
13290,-0.0,-0.0,-0.0
13314,-0.0,-0.0,-0.0
13338,-0.0,-0.0,-0.0
13363,-0.0,-0.0,-0.0
13388,-0.0,-0.0,-0.0
13416,-0.0,-0.0,-0.0
13440,-0.0,-0.0,-0.0
13465,-0.0,-0.0,-0.0
13490,-0.0,-0.0,-0.0
13514,-0.0,-0.0,-0.0
13539,-0.0,-0.0,-0.0
13564,-0.0,-0.0,-0.0
13588,-0.0,-0.0,-0.0
13613,-0.0,-0.0,-0.0
13637,-0.0,-0.0,-0.0
13662,-0.0,-0.0,-0.0
13690,-0.0,-0.0,-0.0
13719,-0.0,-0.0,-0.0
13752,-0.0,-0.0,-0.0
13781,-0.0,-0.0,-0.0
13813,-0.0,-0.0,-0.0
13846,-0.0,-0.0,-0.0
13875,-0.0,-0.0,-0.0
13907,-0.0,-0.0,-0.0
13940,-0.0,-0.0,-0.0
13969,-0.0,-0.0,-0.0
14002,-0.0,-0.0,-0.0
14026,-0.0,-0.0,-0.0
14051,-0.0,-0.0,-0.0
14075,-0.0,-0.0,-0.0
14100,-0.0,-0.0,-0.0
14125,-0.0,-0.0,-0.0
14150,-0.0,-0.0,-0.0
14177,-0.0,-0.0,-0.0
14202,-0.0,-0.0,-0.0
14227,-0.0,-0.0,-0.0
14252,-0.0,-0.0,-0.0
14276,-0.0,-0.0,-0.0
14301,-0.0,-0.0,-0.0
14325,-0.0,-0.0,-0.0
14350,-0.0,-0.0,-0.0
14374,-0.0,-0.0,-0.0
14399,-0.0,-0.0,-0.0
14423,-0.0,-0.0,-0.0
14452,-0.0,-0.0,-0.0
14476,-0.0,-0.0,-0.0
14501,-0.0,-0.0,-0.0
14526,-0.0,-0.0,-0.0
14550,-0.0,-0.0,-0.0
14575,-0.0,-0.0,-0.0
14600,-0.0,-0.0,-0.0
14624,-0.0,-0.0,-0.0
14649,-0.0,-0.0,-0.0
14673,-0.0,-0.0,-0.0
14702,-0.0,-0.0,-0.0
14726,-0.0,-0.0,-0.0
14751,-0.0,-0.0,-0.0
14776,-0.0,-0.0,-0.0
14800,-0.0,-0.0,-0.0
14825,-0.0,-0.0,-0.0
14849,-0.0,-0.0,-0.0
14874,-0.0,-0.0,-0.0
14899,-0.0,-0.0,-0.0
14924,-0.0,-0.0,-0.0
14952,-0.0,-0.0,-0.0
14976,-0.0,-0.0,-0.0
15001,-0.0,-0.0,-0.0
15026,-0.0,-0.0,-0.0
15050,-0.0,-0.0,-0.0
15075,-0.0,-0.0,-0.0
15099,-0.0,-0.0,-0.0
15124,-0.0,-0.0,-0.0
15149,-0.0,-0.0,-0.0
15173,-0.0,-0.0,-0.0
15202,-0.0,-0.0,-0.0
15226,-0.0,-0.0,-0.0
15251,-0.0,-0.0,-0.0
15275,-0.0,-0.0,-0.0
15300,-0.0,-0.0,-0.0
15325,-0.0,-0.0,-0.0
15349,-0.0,-0.0,-0.0
15374,-0.0,-0.0,-0.0
15399,-0.0,-0.0,-0.0
15423,-0.0,-0.0,-0.0
15451,-0.0,-0.0,-0.0
15476,-0.0,-0.0,-0.0
15501,-0.0,-0.0,-0.0
15525,-0.0,-0.0,-0.0
15550,-0.0,-0.0,-0.0
15583,-0.0,-0.0,-0.0
15611,-0.0,-0.0,-0.0
15644,-0.0,-0.0,-0.0
15673,-0.0,-0.0,-0.0
15706,-0.0,-0.0,-0.0
15738,-0.0,-0.0,-0.0
15767,-0.0,-0.0,-0.0
15800,-0.0,-0.0,-0.0
15829,-0.0,-0.0,-0.0
15861,-0.0,-0.0,-0.0
15886,-0.0,-0.0,-0.0
15910,-0.0,-0.0,-0.0
15935,-0.0,-0.0,-0.0
15963,-0.0,-0.0,-0.0
15988,-0.0,-0.0,-0.0
16013,-0.0,-0.0,-0.0
16038,-0.0,-0.0,-0.0
16063,-0.0,-0.0,-0.0
16087,-0.0,-0.0,-0.0
16111,-0.0,-0.0,-0.0
16135,-0.0,-0.0,-0.0
16160,-0.0,-0.0,-0.0
16185,-0.0,-0.0,-0.0
16209,-0.0,-0.0,-0.0
16238,-0.0,-0.0,-0.0
16262,-0.0,-0.0,-0.0
16287,-0.0,-0.0,-0.0
16312,-0.0,-0.0,-0.0
16336,-0.0,-0.0,-0.0
16361,-0.0,-0.0,-0.0
16386,-0.0,-0.0,-0.0
16410,-0.0,-0.0,-0.0
16434,-0.0,-0.0,-0.0
16459,-0.0,-0.0,-0.0
16488,-0.0,-0.0,-0.0
16512,-0.0,-0.0,-0.0
16537,-0.0,-0.0,-0.0
16562,-0.0,-0.0,-0.0
16586,-0.0,-0.0,-0.0
16610,-0.0,-0.0,-0.0
16636,-0.0,-0.0,-0.0
16660,-0.0,-0.0,-0.0
16684,-0.0,-0.0,-0.0
16709,-0.0,-0.0,-0.0
16738,-0.0,-0.0,-0.0
16762,-0.0,-0.0,-0.0
16787,-0.0,-0.0,-0.0
16811,-0.0,-0.0,-0.0
16836,-0.0,-0.0,-0.0
16860,-0.0,-0.0,-0.0
16885,-0.0,-0.0,-0.0
16909,-0.0,-0.0,-0.0
16934,-0.0,-0.0,-0.0
16959,-0.0,-0.0,-0.0
16987,-0.0,-0.0,-0.0
17012,-0.0,-0.0,-0.0
17036,-0.0,-0.0,-0.0
17061,-0.0,-0.0,-0.0
17086,-0.0,-0.0,-0.0
17110,-0.0,-0.0,-0.0
17135,-0.0,-0.0,-0.0
17159,-0.0,-0.0,-0.0
17192,-0.0,-0.0,-0.0
17222,-0.0,-0.0,-0.0
17253,-0.0,-0.0,-0.0
17287,-0.0,-0.0,-0.0
17316,-0.0,-0.0,-0.0
17348,-0.0,-0.0,-0.0
17381,-0.0,-0.0,-0.0
17409,-0.0,-0.0,-0.0
17442,-0.0,-0.0,-0.0
17471,-0.0,-0.0,-0.0
17504,-0.0,-0.0,-0.0
17536,-0.0,-0.0,-0.0
17561,-0.0,-0.0,-0.0
17586,-0.0,-0.0,-0.0
17610,-0.0,-0.0,-0.0
17639,-0.0,-0.0,-0.0
17664,-0.0,-0.0,-0.0
17688,-0.0,-0.0,-0.0
17713,-0.0,-0.0,-0.0
17737,-0.0,-0.0,-0.0
17762,-0.0,-0.0,-0.0
17786,-0.0,-0.0,-0.0
17811,-0.0,-0.0,-0.0
17836,-0.0,-0.0,-0.0
17860,-0.0,-0.0,-0.0
17888,-0.0,-0.0,-0.0
17913,-0.0,-0.0,-0.0
17938,-0.0,-0.0,-0.0
17963,-0.0,-0.0,-0.0
17987,-0.0,-0.0,-0.0
18011,-0.0,-0.0,-0.0
18036,-0.0,-0.0,-0.0
18060,-0.0,-0.0,-0.0
18086,-0.0,-0.0,-0.0
18110,-0.0,-0.0,-0.0
18138,-0.0,-0.0,-0.0
18163,-0.0,-0.0,-0.0
18187,-0.0,-0.0,-0.0
18213,-0.0,-0.0,-0.0
18237,-0.0,-0.0,-0.0
18261,-0.0,-0.0,-0.0
18286,-0.0,-0.0,-0.0
18310,-0.0,-0.0,-0.0
18335,-0.0,-0.0,-0.0
18359,-0.0,-0.0,-0.0
18388,-0.0,-0.0,-0.0
18413,-0.0,-0.0,-0.0
18438,-0.0,-0.0,-0.0
18462,-0.0,-0.0,-0.0
18486,-0.0,-0.0,-0.0
18511,-0.0,-0.0,-0.0
18536,-0.0,-0.0,-0.0
18560,-0.0,-0.0,-0.0
18585,-0.0,-0.0,-0.0
18609,-0.0,-0.0,-0.0
18638,-0.0,-0.0,-0.0
18662,-0.0,-0.0,-0.0
18688,-0.0,-0.0,-0.0
18712,-0.0,-0.0,-0.0
18736,-0.0,-0.0,-0.0
18761,-0.0,-0.0,-0.0
18786,-0.0,-0.0,-0.0
18810,-0.0,-0.0,-0.0
18835,-0.0,-0.0,-0.0
18859,-0.0,-0.0,-0.0
18884,-0.0,-0.0,-0.0
18916,-0.0,-0.0,-0.0
18950,-0.0,-0.0,-0.0
18982,-0.0,-0.0,-0.0
19011,-0.0,-0.0,-0.0
19043,-0.0,-0.0,-0.0
19072,-0.0,-0.0,-0.0
19105,-0.0,-0.0,-0.0
19138,-0.0,-0.0,-0.0
19166,-0.0,-0.0,-0.0
19199,-0.0,-0.0,-0.0
19232,-0.0,-0.0,-0.0
19260,-0.0,-0.0,-0.0
19285,-0.0,-0.0,-0.0
19310,-0.0,-0.0,-0.0
19339,-0.0,-0.0,-0.0
19363,-0.0,-0.0,-0.0
19388,-0.0,-0.0,-0.0
19412,-0.0,-0.0,-0.0
19436,-0.0,-0.0,-0.0
19461,-0.0,-0.0,-0.0
19486,-0.0,-0.0,-0.0
19511,-0.0,-0.0,-0.0
19535,-0.0,-0.0,-0.0
19559,-0.0,-0.0,-0.0
19584,-0.0,-0.0,-0.0
19613,-0.0,-0.0,-0.0
19638,-0.0,-0.0,-0.0
19662,-0.0,-0.0,-0.0
19687,-0.0,-0.0,-0.0
19712,-0.0,-0.0,-0.0
19736,-0.0,-0.0,-0.0
19760,-0.0,-0.0,-0.0
19785,-0.0,-0.0,-0.0
19809,-0.0,-0.0,-0.0
19834,-0.0,-0.0,-0.0
19863,-0.0,-0.0,-0.0
19887,-0.0,-0.0,-0.0
19912,-0.0,-0.0,-0.0
19936,-0.0,-0.0,-0.0
19961,-0.0,-0.0,-0.0
19985,-0.0,-0.0,-0.0
20010,-0.0,-0.0,-0.0
20035,-0.0,-0.0,-0.0
20060,-0.0,-0.0,-0.0
20084,-0.0,-0.0,-0.0
20113,-0.0,-0.0,-0.0
20137,-0.0,-0.0,-0.0
20161,-0.0,-0.0,-0.0
20186,-0.0,-0.0,-0.0
20211,-0.0,-0.0,-0.0
20236,-0.0,-0.0,-0.0
20260,-0.0,-0.0,-0.0
20285,-0.0,-0.0,-0.0
20309,-0.0,-0.0,-0.0
20334,-0.0,-0.0,-0.0
20362,-0.0,-0.0,-0.0
20387,-0.0,-0.0,-0.0
20412,-0.0,-0.0,-0.0
20436,-0.0,-0.0,-0.0
20460,-0.0,-0.0,-0.0
20485,-0.0,-0.0,-0.0
20510,-0.0,-0.0,-0.0
20535,-0.0,-0.0,-0.0
20559,-0.0,-0.0,-0.0
20584,-0.0,-0.0,-0.0
20612,-0.0,-0.0,-0.0
20637,-0.0,-0.0,-0.0
20661,-0.0,-0.0,-0.0
20686,-0.0,-0.0,-0.0
20710,-0.0,-0.0,-0.0
20735,-0.0,-0.0,-0.0
20760,-0.0,-0.0,-0.0
20784,-0.0,-0.0,-0.0
20809,-0.0,-0.0,-0.0
20833,-0.0,-0.0,-0.0
20858,-0.0,-0.0,-0.0
20887,-0.0,-0.0,-0.0
20911,-0.0,-0.0,-0.0
20936,-0.0,-0.0,-0.0
20960,-0.0,-0.0,-0.0
20985,-0.0,-0.0,-0.0
21009,-0.0,-0.0,-0.0
21034,-0.0,-0.0,-0.0
21059,-0.0,-0.0,-0.0
21083,-0.0,-0.0,-0.0
21108,-0.0,-0.0,-0.0
21137,-0.0,-0.0,-0.0
21161,-0.0,-0.0,-0.0
21186,-0.0,-0.0,-0.0
21210,-0.0,-0.0,-0.0
21235,-0.0,-0.0,-0.0
21259,-0.0,-0.0,-0.0
21284,-0.0,-0.0,-0.0
21309,-0.0,-0.0,-0.0
21333,-0.0,-0.0,-0.0
21358,-0.0,-0.0,-0.0
21386,-0.0,-0.0,-0.0
21411,-0.0,-0.0,-0.0
21435,-0.0,-0.0,-0.0
21460,-0.0,-0.0,-0.0
21484,-0.0,-0.0,-0.0
21509,-0.0,-0.0,-0.0
21534,-0.0,-0.0,-0.0
21559,-0.0,-0.0,-0.0
21583,-0.0,-0.0,-0.0
21607,-0.0,-0.0,-0.0
21636,-0.0,-0.0,-0.0
21660,-0.0,-0.0,-0.0
21685,-0.0,-0.0,-0.0
21710,-0.0,-0.0,-0.0
21734,-0.0,-0.0,-0.0
21759,-0.0,-0.0,-0.0
21783,-0.0,-0.0,-0.0
21808,-0.0,-0.0,-0.0
21833,-0.0,-0.0,-0.0
21858,-0.0,-0.0,-0.0
21886,-0.0,-0.0,-0.0
21910,-0.0,-0.0,-0.0
21935,-0.0,-0.0,-0.0
21960,-0.0,-0.0,-0.0
21984,-0.0,-0.0,-0.0
22009,-0.0,-0.0,-0.0
22034,-0.0,-0.0,-0.0
22058,-0.0,-0.0,-0.0
22082,-0.0,-0.0,-0.0
22107,-0.0,-0.0,-0.0
22132,-0.0,-0.0,-0.0
22160,-0.0,-0.0,-0.0
22185,-0.0,-0.0,-0.0
22209,-0.0,-0.0,-0.0
22234,-0.0,-0.0,-0.0
22259,-0.0,-0.0,-0.0
22284,-0.0,-0.0,-0.0
22308,-0.0,-0.0,-0.0
22333,-0.0,-0.0,-0.0
22357,-0.0,-0.0,-0.0
22382,-0.0,-0.0,-0.0
22410,-0.0,-0.0,-0.0
22435,-0.0,-0.0,-0.0
22459,-0.0,-0.0,-0.0
22484,-0.0,-0.0,-0.0
22509,-0.0,-0.0,-0.0
22533,-0.0,-0.0,-0.0
22558,-0.0,-0.0,-0.0
22583,-0.0,-0.0,-0.0
22607,-0.0,-0.0,-0.0
22632,-0.0,-0.0,-0.0
22660,-0.0,-0.0,-0.0
22685,-0.0,-0.0,-0.0
22709,-0.0,-0.0,-0.0
22734,-0.0,-0.0,-0.0
22763,-0.0,-0.0,-0.0
22796,-0.0,-0.0,-0.0
22828,-0.0,-0.0,-0.0
22857,-0.0,-0.0,-0.0
22890,-0.0,-0.0,-0.0
22914,-0.0,-0.0,-0.0
22939,-0.0,-0.0,-0.0
22963,-0.0,-0.0,-0.0
22988,-0.0,-0.0,-0.0
23013,-0.0,-0.0,-0.0
23041,-0.0,-0.0,-0.0
23066,-0.0,-0.0,-0.0
23090,-0.0,-0.0,-0.0
23115,-0.0,-0.0,-0.0
23140,-0.0,-0.0,-0.0
23164,-0.0,-0.0,-0.0
23189,-0.0,-0.0,-0.0
23221,-0.0,-0.0,-0.0
23250,-0.0,-0.0,-0.0
23283,-0.0,-0.0,-0.0
23316,-0.0,-0.0,-0.0
23340,-0.0,-0.0,-0.0
23365,-0.0,-0.0,-0.0
23389,-0.0,-0.0,-0.0
23414,-0.0,-0.0,-0.0
23439,-0.0,-0.0,-0.0
23463,-0.0,-0.0,-0.0
23488,-0.0,-0.0,-0.0
23512,-0.0,-0.0,-0.0
23536,-0.0,-0.0,-0.0
23565,-0.0,-0.0,-0.0
23590,-0.0,-0.0,-0.0
23614,-0.0,-0.0,-0.0
23640,-0.0,-0.0,-0.0
23664,-0.0,-0.0,-0.0
23688,-0.0,-0.0,-0.0
23713,-0.0,-0.0,-0.0
23737,-0.0,-0.0,-0.0
23763,-0.0,-0.0,-0.0
23787,-0.0,-0.0,-0.0
23815,-0.0,-0.0,-0.0
23841,-0.0,-0.0,-0.0
23864,-0.0,-0.0,-0.0
23889,-0.0,-0.0,-0.0
23914,-0.0,-0.0,-0.0
23938,-0.0,-0.0,-0.0
23963,-0.0,-0.0,-0.0
23987,-0.0,-0.0,-0.0
24012,-0.0,-0.0,-0.0
24037,-0.0,-0.0,-0.0
24065,-0.0,-0.0,-0.0
24089,-0.0,-0.0,-0.0
24114,-0.0,-0.0,-0.0
24139,-0.0,-0.0,-0.0
24164,-0.0,-0.0,-0.0
24188,-0.0,-0.0,-0.0
24213,-0.0,-0.0,-0.0
24237,-0.0,-0.0,-0.0
24262,-0.0,-0.0,-0.0
24287,-0.0,-0.0,-0.0
24315,-0.0,-0.0,-0.0
24339,-0.0,-0.0,-0.0
24364,-0.0,-0.0,-0.0
24389,-0.0,-0.0,-0.0
24413,-0.0,-0.0,-0.0
24438,-0.0,-0.0,-0.0
24463,-0.0,-0.0,-0.0
24487,-0.0,-0.0,-0.0
24512,-0.0,-0.0,-0.0
24536,-0.0,-0.0,-0.0
24565,-0.0,-0.0,-0.0
24590,-0.0,-0.0,-0.0
24614,-0.0,-0.0,-0.0
24639,-0.0,-0.0,-0.0
24663,-0.0,-0.0,-0.0
24687,-0.0,-0.0,-0.0
24712,-0.0,-0.0,-0.0
24737,-0.0,-0.0,-0.0
24761,-0.0,-0.0,-0.0
24786,-0.0,-0.0,-0.0
24810,-0.0,-0.0,-0.0
24839,-0.0,-0.0,-0.0
24864,-0.0,-0.0,-0.0
24888,-0.0,-0.0,-0.0
24913,-0.0,-0.0,-0.0
24938,-0.0,-0.0,-0.0
24962,-0.0,-0.0,-0.0
24987,-0.0,-0.0,-0.0
25011,-0.0,-0.0,-0.0
25036,-0.0,-0.0,-0.0
25060,-0.0,-0.0,-0.0
25089,-0.0,-0.0,-0.0
25114,-0.0,-0.0,-0.0
25138,-0.0,-0.0,-0.0
25163,-0.0,-0.0,-0.0
25187,-0.0,-0.0,-0.0
25212,-0.0,-0.0,-0.0
25237,-0.0,-0.0,-0.0
25262,-0.0,-0.0,-0.0
25286,-0.0,-0.0,-0.0
25310,-0.0,-0.0,-0.0
25339,-0.0,-0.0,-0.0
25364,-0.0,-0.0,-0.0
25388,-0.0,-0.0,-0.0
25412,-0.0,-0.0,-0.0
25437,-0.0,-0.0,-0.0
25462,-0.0,-0.0,-0.0
25486,-0.0,-0.0,-0.0
25511,-0.0,-0.0,-0.0
25536,-0.0,-0.0,-0.0
25560,-0.0,-0.0,-0.0
25588,-0.0,-0.0,-0.0
25613,-0.0,-0.0,-0.0
25638,-0.0,-0.0,-0.0
25663,-0.0,-0.0,-0.0
25687,-0.0,-0.0,-0.0
25711,-0.0,-0.0,-0.0
25736,-0.0,-0.0,-0.0
25761,-0.0,-0.0,-0.0
25785,-0.0,-0.0,-0.0
25810,-0.0,-0.0,-0.0
25838,-0.0,-0.0,-0.0
25863,-0.0,-0.0,-0.0
25887,-0.0,-0.0,-0.0
25912,-0.0,-0.0,-0.0
25937,-0.0,-0.0,-0.0
25961,-0.0,-0.0,-0.0
25986,-0.0,-0.0,-0.0
26011,-0.0,-0.0,-0.0
26035,-0.0,-0.0,-0.0
26059,-0.0,-0.0,-0.0
26084,-0.0,-0.0,-0.0
26113,-0.0,-0.0,-0.0
26137,-0.0,-0.0,-0.0
26162,-0.0,-0.0,-0.0
26187,-0.0,-0.0,-0.0
26211,-0.0,-0.0,-0.0
26236,-0.0,-0.0,-0.0
26261,-0.0,-0.0,-0.0
26285,-0.0,-0.0,-0.0
26309,-0.0,-0.0,-0.0
26334,-0.0,-0.0,-0.0
26363,-0.0,-0.0,-0.0
26387,-0.0,-0.0,-0.0
26413,-0.0,-0.0,-0.0
26437,-0.0,-0.0,-0.0
26462,-0.0,-0.0,-0.0
26486,-0.0,-0.0,-0.0
26510,-0.0,-0.0,-0.0
26535,-0.0,-0.0,-0.0
26568,-0.0,-0.0,-0.0
26600,-0.0,-0.0,-0.0
26629,-0.0,-0.0,-0.0
26662,-0.0,-0.0,-0.0
26690,-0.0,-0.0,-0.0
26723,-0.0,-0.0,-0.0
26756,-0.0,-0.0,-0.0
26781,-0.0,-0.0,-0.0
26806,-0.0,-0.0,-0.0
26830,-0.0,-0.0,-0.0
26854,-0.0,-0.0,-0.0
26879,-0.0,-0.0,-0.0
26903,-0.0,-0.0,-0.0
26928,-0.0,-0.0,-0.0
26953,-0.0,-0.0,-0.0
26977,-0.0,-0.0,-0.0
27006,-0.0,-0.0,-0.0
27031,-0.0,-0.0,-0.0
27055,-0.0,-0.0,-0.0
27080,-0.0,-0.0,-0.0
27104,-0.0,-0.0,-0.0
27129,-0.0,-0.0,-0.0
27154,-0.0,-0.0,-0.0
27178,-0.0,-0.0,-0.0
27203,-0.0,-0.0,-0.0
27227,-0.0,-0.0,-0.0
27256,-0.0,-0.0,-0.0
27280,-0.0,-0.0,-0.0
27305,-0.0,-0.0,-0.0
27330,-0.0,-0.0,-0.0
27354,-0.0,-0.0,-0.0
27379,-0.0,-0.0,-0.0
27403,-0.0,-0.0,-0.0
27428,-0.0,-0.0,-0.0
27453,-0.0,-0.0,-0.0
27477,-0.0,-0.0,-0.0
27506,-0.0,-0.0,-0.0
27530,-0.0,-0.0,-0.0
27555,-0.0,-0.0,-0.0
27580,-0.0,-0.0,-0.0
27604,-0.0,-0.0,-0.0
27629,-0.0,-0.0,-0.0
27653,-0.0,-0.0,-0.0
27678,-0.0,-0.0,-0.0
27702,-0.0,-0.0,-0.0
27726,-0.0,-0.0,-0.0
27756,-0.0,-0.0,-0.0
27780,-0.0,-0.0,-0.0
27805,-0.0,-0.0,-0.0
27829,-0.0,-0.0,-0.0
27854,-0.0,-0.0,-0.0
27879,-0.0,-0.0,-0.0
27903,-0.0,-0.0,-0.0
27927,-0.0,-0.0,-0.0
27952,-0.0,-0.0,-0.0
27976,-0.0,-0.0,-0.0
28009,-0.0,-0.0,-0.0
28042,-0.0,-0.0,-0.0
28071,-0.0,-0.0,-0.0
28103,-0.0,-0.0,-0.0
28137,-0.0,-0.0,-0.0
28165,-0.0,-0.0,-0.0
28198,-0.0,-0.0,-0.0
28226,-0.0,-0.0,-0.0
28259,-0.0,-0.0,-0.0
28292,-0.0,-0.0,-0.0
28325,-0.0,-0.0,-0.0
28357,-0.0,-0.0,-0.0
28382,-0.0,-0.0,-0.0
28407,-0.0,-0.0,-0.0
28431,-0.0,-0.0,-0.0
28456,-0.0,-0.0,-0.0
28480,-0.0,-0.0,-0.0
28505,-0.0,-0.0,-0.0
28533,-0.0,-0.0,-0.0
28558,-0.0,-0.0,-0.0
28583,-0.0,-0.0,-0.0
28607,-0.0,-0.0,-0.0
28632,-0.0,-0.0,-0.0
28656,-0.0,-0.0,-0.0
28681,-0.0,-0.0,-0.0
28706,-0.0,-0.0,-0.0
28730,-0.0,-0.0,-0.0
28755,-0.0,-0.0,-0.0
28783,-0.0,-0.0,-0.0
28808,-0.0,-0.0,-0.0
28833,-0.0,-0.0,-0.0
28857,-0.0,-0.0,-0.0
28882,-0.0,-0.0,-0.0
28906,-0.0,-0.0,-0.0
28931,-0.0,-0.0,-0.0
28955,-0.0,-0.0,-0.0
28980,-0.0,-0.0,-0.0
29005,-0.0,-0.0,-0.0
29033,-0.0,-0.0,-0.0
29057,-0.0,-0.0,-0.0
29082,-0.0,-0.0,-0.0
29107,-0.0,-0.0,-0.0
29132,-0.0,-0.0,-0.0
29156,-0.0,-0.0,-0.0
29181,-0.0,-0.0,-0.0
29206,-0.0,-0.0,-0.0
29230,-0.0,-0.0,-0.0
29255,-0.0,-0.0,-0.0
29283,-0.0,-0.0,-0.0
29308,-0.0,-0.0,-0.0
29332,-0.0,-0.0,-0.0
29357,-0.0,-0.0,-0.0
29382,-0.0,-0.0,-0.0
29406,-0.0,-0.0,-0.0
29430,-0.0,-0.0,-0.0
29455,-0.0,-0.0,-0.0
29480,-0.0,-0.0,-0.0
29504,-0.0,-0.0,-0.0
29533,-0.0,-0.0,-0.0
29557,-0.0,-0.0,-0.0
29582,-0.0,-0.0,-0.0
29607,-0.0,-0.0,-0.0
29631,-0.0,-0.0,-0.0
29656,-0.0,-0.0,-0.0
29680,-0.0,-0.0,-0.0
29705,-0.0,-0.0,-0.0
29729,-0.0,-0.0,-0.0
29754,-0.0,-0.0,-0.0
29787,-0.0,-0.0,-0.0
29819,-0.0,-0.0,-0.0
29852,-0.0,-0.0,-0.0
29885,-0.0,-0.0,-0.0
29914,-0.0,-0.0,-0.0
29946,-0.0,-0.0,-0.0
29979,-0.0,-0.0,-0.0
30008,-0.0,-0.0,-0.0
30041,-0.0,-0.0,-0.0
30069,-0.0,-0.0,-0.0
30102,-0.0,-0.0,-0.0
30135,-0.0,-0.0,-0.0
30163,-0.0,-0.0,-0.0
30196,-0.0,-0.0,-0.0
30221,-0.0,-0.0,-0.0
30245,-0.0,-0.0,-0.0
30270,-0.0,-0.0,-0.0
30295,-0.0,-0.0,-0.0
30319,-0.0,-0.0,-0.0
30344,-0.0,-0.0,-0.0
30372,-0.0,-0.0,-0.0
30397,-0.0,-0.0,-0.0
30421,-0.0,-0.0,-0.0
30446,-0.0,-0.0,-0.0
30471,-0.0,-0.0,-0.0
30495,-0.0,-0.0,-0.0
30520,-0.0,-0.0,-0.0
30544,-0.0,-0.0,-0.0
30569,-0.0,-0.0,-0.0
30594,-0.0,-0.0,-0.0
30622,-0.0,-0.0,-0.0
30647,-0.0,-0.0,-0.0
30672,-0.0,-0.0,-0.0
30696,-0.0,-0.0,-0.0
30721,-0.0,-0.0,-0.0
30745,-0.0,-0.0,-0.0
30770,-0.0,-0.0,-0.0
30794,-0.0,-0.0,-0.0
30819,-0.0,-0.0,-0.0
30844,-0.0,-0.0,-0.0
30872,-0.0,-0.0,-0.0
30896,-0.0,-0.0,-0.0
30921,-0.0,-0.0,-0.0
30946,-0.0,-0.0,-0.0
30970,-0.0,-0.0,-0.0
30995,-0.0,-0.0,-0.0
31019,-0.0,-0.0,-0.0
31044,-0.0,-0.0,-0.0
31069,-0.0,-0.0,-0.0
31093,-0.0,-0.0,-0.0
31122,-0.0,-0.0,-0.0
31146,-0.0,-0.0,-0.0
31171,-0.0,-0.0,-0.0
31196,-0.0,-0.0,-0.0
31220,-0.0,-0.0,-0.0
31245,-0.0,-0.0,-0.0
31269,-0.0,-0.0,-0.0
31294,-0.0,-0.0,-0.0
31318,-0.0,-0.0,-0.0
31343,-0.0,-0.0,-0.0
31368,-0.0,-0.0,-0.0
31397,-0.0,-0.0,-0.0
31421,-0.0,-0.0,-0.0
31446,-0.0,-0.0,-0.0
31470,-0.0,-0.0,-0.0
31495,-0.0,-0.0,-0.0
31520,-0.0,-0.0,-0.0
31544,-0.0,-0.0,-0.0
31569,-0.0,-0.0,-0.0
31593,-0.0,-0.0,-0.0
31617,-0.0,-0.0,-0.0
31646,-0.0,-0.0,-0.0
31671,-0.0,-0.0,-0.0
31695,-0.0,-0.0,-0.0
31720,-0.0,-0.0,-0.0
31744,-0.0,-0.0,-0.0
31769,-0.0,-0.0,-0.0
31794,-0.0,-0.0,-0.0
31818,-0.0,-0.0,-0.0
31843,-0.0,-0.0,-0.0
31867,-0.0,-0.0,-0.0
31896,-0.0,-0.0,-0.0
31921,-0.0,-0.0,-0.0
31945,-0.0,-0.0,-0.0
31970,-0.0,-0.0,-0.0
31994,-0.0,-0.0,-0.0
32019,-0.0,-0.0,-0.0
32043,-0.0,-0.0,-0.0
32068,-0.0,-0.0,-0.0
32093,-0.0,-0.0,-0.0
32117,-0.0,-0.0,-0.0
32146,-0.0,-0.0,-0.0
32171,-0.0,-0.0,-0.0
32195,-0.0,-0.0,-0.0
32219,-0.0,-0.0,-0.0
32244,-0.0,-0.0,-0.0
32270,-0.0,-0.0,-0.0
32293,-0.0,-0.0,-0.0
32318,-0.0,-0.0,-0.0
32342,-0.0,-0.0,-0.0
32367,-0.0,-0.0,-0.0
32396,-0.0,-0.0,-0.0
32420,-0.0,-0.0,-0.0
32445,-0.0,-0.0,-0.0
32469,-0.0,-0.0,-0.0
32494,-0.0,-0.0,-0.0
32519,-0.0,-0.0,-0.0
32544,-0.0,-0.0,-0.0
32568,-0.0,-0.0,-0.0
32593,-0.0,-0.0,-0.0
32617,-0.0,-0.0,-0.0
32641,-0.0,-0.0,-0.0
32670,-0.0,-0.0,-0.0
32695,-0.0,-0.0,-0.0
32720,-0.0,-0.0,-0.0
32744,-0.0,-0.0,-0.0
32768,-0.0,-0.0,-0.0
32793,-0.0,-0.0,-0.0
32818,-0.0,-0.0,-0.0
32842,-0.0,-0.0,-0.0
32867,-0.0,-0.0,-0.0
32892,-0.0,-0.0,-0.0
32920,-0.0,-0.0,-0.0
32945,-0.0,-0.0,-0.0
32969,-0.0,-0.0,-0.0
32994,-0.0,-0.0,-0.0
33019,-0.0,-0.0,-0.0
33043,-0.0,-0.0,-0.0
33068,-0.0,-0.0,-0.0
33092,-0.0,-0.0,-0.0
33117,-0.0,-0.0,-0.0
33141,-0.0,-0.0,-0.0
33170,-0.0,-0.0,-0.0
33194,-0.0,-0.0,-0.0
33219,-0.0,-0.0,-0.0
33244,-0.0,-0.0,-0.0
33268,-0.0,-0.0,-0.0
33293,-0.0,-0.0,-0.0
33318,-0.0,-0.0,-0.0
33342,-0.0,-0.0,-0.0
33367,-0.0,-0.0,-0.0
33391,-0.0,-0.0,-0.0
33420,-0.0,-0.0,-0.0
33444,-0.0,-0.0,-0.0
33469,-0.0,-0.0,-0.0
33493,-0.0,-0.0,-0.0
33518,-0.0,-0.0,-0.0
33542,-0.0,-0.0,-0.0
33567,-0.0,-0.0,-0.0
33592,-0.0,-0.0,-0.0
33617,-0.0,-0.0,-0.0
33641,-0.0,-0.0,-0.0
33670,-0.0,-0.0,-0.0
33694,-0.0,-0.0,-0.0
33719,-0.0,-0.0,-0.0
33743,-0.0,-0.0,-0.0
33768,-0.0,-0.0,-0.0
33792,-0.0,-0.0,-0.0
33817,-0.0,-0.0,-0.0
33841,-0.0,-0.0,-0.0
33867,-0.0,-0.0,-0.0
33891,-0.0,-0.0,-0.0
33924,-0.0,-0.0,-0.0
33956,-0.0,-0.0,-0.0
33986,-0.0,-0.0,-0.0
34018,-0.0,-0.0,-0.0
34046,-0.0,-0.0,-0.0
34079,-0.0,-0.0,-0.0
34112,-0.0,-0.0,-0.0
34136,-0.0,-0.0,-0.0
34161,-0.0,-0.0,-0.0
34186,-0.0,-0.0,-0.0
34210,-0.0,-0.0,-0.0
34235,-0.0,-0.0,-0.0
34259,-0.0,-0.0,-0.0
34284,-0.0,-0.0,-0.0
34313,-0.0,-0.0,-0.0
34337,-0.0,-0.0,-0.0
34362,-0.0,-0.0,-0.0
34387,-0.0,-0.0,-0.0
34411,-0.0,-0.0,-0.0
34436,-0.0,-0.0,-0.0
34460,-0.0,-0.0,-0.0
34485,-0.0,-0.0,-0.0
34509,-0.0,-0.0,-0.0
34534,-0.0,-0.0,-0.0
34563,-0.0,-0.0,-0.0
34587,-0.0,-0.0,-0.0
34611,-0.0,-0.0,-0.0
34636,-0.0,-0.0,-0.0
34661,-0.0,-0.0,-0.0
34685,-0.0,-0.0,-0.0
34710,-0.0,-0.0,-0.0
34734,-0.0,-0.0,-0.0
34759,-0.0,-0.0,-0.0
34784,-0.0,-0.0,-0.0
34808,-0.0,-0.0,-0.0
34837,-0.0,-0.0,-0.0
34861,-0.0,-0.0,-0.0
34886,-0.0,-0.0,-0.0
34915,-0.0,-0.0,-0.0
34947,-0.0,-0.0,-0.0
34980,-0.0,-0.0,-0.0
35009,-0.0,-0.0,-0.0
35034,-0.0,-0.0,-0.0
35058,-0.0,-0.0,-0.0
35086,-0.0,-0.0,-0.0
35111,-0.0,-0.0,-0.0
35136,-0.0,-0.0,-0.0
35165,-0.0,-0.0,-0.0
35197,-0.0,-0.0,-0.0
35230,-0.0,-0.0,-0.0
35255,-0.0,-0.0,-0.0
35279,-0.0,-0.0,-0.0
35304,-0.0,-0.0,-0.0
35328,-0.0,-0.0,-0.0
35353,-0.0,-0.0,-0.0
35378,-0.0,-0.0,-0.0
35402,-0.0,-0.0,-0.0
35427,-0.0,-0.0,-0.0
35455,-0.0,-0.0,-0.0
35480,-0.0,-0.0,-0.0
35505,-0.0,-0.0,-0.0
35529,-0.0,-0.0,-0.0
35554,-0.0,-0.0,-0.0
35578,-0.0,-0.0,-0.0
35603,-0.0,-0.0,-0.0
35627,-0.0,-0.0,-0.0
35652,-0.0,-0.0,-0.0
35676,-0.0,-0.0,-0.0
35709,-0.0,-0.0,-0.0
35742,-0.0,-0.0,-0.0
35771,-0.0,-0.0,-0.0
35804,-0.0,-0.0,-0.0
35836,-0.0,-0.0,-0.0
35865,-0.0,-0.0,-0.0
35898,-0.0,-0.0,-0.0
35926,-0.0,-0.0,-0.0
35959,-0.0,-0.0,-0.0
36001,-0.0,-0.0,-0.0
36021,-0.0,-0.0,-0.0
36053,-0.0,-0.0,-0.0
36086,-0.0,-0.0,-0.0
36119,-0.0,-0.0,-0.0
36152,-0.0,-0.0,-0.0
36184,-0.0,-0.0,-0.0
36209,-0.0,-0.0,-0.0
36234,-0.0,-0.0,-0.0
36267,-0.0,-0.0,-0.0
36299,-0.0,-0.0,-0.0
36332,-0.0,-0.0,-0.0
36365,-0.0,-0.0,-0.0
36393,-0.0,-0.0,-0.0
36422,-0.0,-0.0,-0.0
36447,-0.0,-0.0,-0.0
36472,-0.0,-0.0,-0.0
36496,-0.0,-0.0,-0.0
36520,-0.0,-0.0,-0.0
36545,-0.0,-0.0,-0.0
36570,-0.0,-0.0,-0.0
36594,-0.0,-0.0,-0.0
36619,-0.0,-0.0,-0.0
36643,-0.0,-0.0,-0.0
36672,-0.0,-0.0,-0.0
36697,-0.0,-0.0,-0.0
36721,-0.0,-0.0,-0.0
36746,-0.0,-0.0,-0.0
36771,-0.0,-0.0,-0.0
36795,-0.0,-0.0,-0.0
36819,-0.0,-0.0,-0.0
36844,-0.0,-0.0,-0.0
36868,-0.0,-0.0,-0.0
36893,-0.0,-0.0,-0.0
36926,-0.0,-0.0,-0.0
36958,-0.0,-0.0,-0.0
36987,-0.0,-0.0,-0.0
37020,-0.0,-0.0,-0.0
37052,-0.0,-0.0,-0.0
37081,-0.0,-0.0,-0.0
37114,-0.0,-0.0,-0.0
37143,-0.0,-0.0,-0.0
37175,-0.0,-0.0,-0.0
37208,-0.0,-0.0,-0.0
37233,-0.0,-0.0,-0.0
37258,-0.0,-0.0,-0.0
37282,-0.0,-0.0,-0.0
37307,-0.0,-0.0,-0.0
37331,-0.0,-0.0,-0.0
37356,-0.0,-0.0,-0.0
37381,-0.0,-0.0,-0.0
37406,-0.0,-0.0,-0.0
37433,-0.0,-0.0,-0.0
37458,-0.0,-0.0,-0.0
37483,-0.0,-0.0,-0.0
37507,-0.0,-0.0,-0.0
37532,-0.0,-0.0,-0.0
37556,-0.0,-0.0,-0.0
37581,-0.0,-0.0,-0.0
37606,-0.0,-0.0,-0.0
37630,-0.0,-0.0,-0.0
37655,-0.0,-0.0,-0.0
37683,-0.0,-0.0,-0.0
37708,-0.0,-0.0,-0.0
37732,-0.0,-0.0,-0.0
37757,-0.0,-0.0,-0.0
37782,-0.0,-0.0,-0.0
37806,-0.0,-0.0,-0.0
37831,-0.0,-0.0,-0.0
37856,-0.0,-0.0,-0.0
37880,-0.0,-0.0,-0.0
37905,-0.0,-0.0,-0.0
37929,-0.0,-0.0,-0.0
37958,-0.0,-0.0,-0.0
37982,-0.0,-0.0,-0.0
38007,-0.0,-0.0,-0.0
38032,-0.0,-0.0,-0.0
38056,-0.0,-0.0,-0.0
38081,-0.0,-0.0,-0.0
38105,-0.0,-0.0,-0.0
38138,-0.0,-0.0,-0.0
38167,-0.0,-0.0,-0.0
38200,-0.0,-0.0,-0.0
38232,-0.0,-0.0,-0.0
38261,-0.0,-0.0,-0.0
38294,-0.0,-0.0,-0.0
38326,-0.0,-0.0,-0.0
38355,-0.0,-0.0,-0.0
38388,-0.0,-0.0,-0.0
38413,-0.0,-0.0,-0.0
38437,-0.0,-0.0,-0.0
38462,-0.0,-0.0,-0.0
38486,-0.0,-0.0,-0.0
38511,-0.0,-0.0,-0.0
38536,-0.0,-0.0,-0.0
38560,-0.0,-0.0,-0.0
38590,-0.0,-0.0,-0.0
38613,-0.0,-0.0,-0.0
38638,-0.0,-0.0,-0.0
38663,-0.0,-0.0,-0.0
38687,-0.0,-0.0,-0.0
38711,-0.0,-0.0,-0.0
38736,-0.0,-0.0,-0.0
38761,-0.0,-0.0,-0.0
38786,-0.0,-0.0,-0.0
38810,-0.0,-0.0,-0.0
38839,-0.0,-0.0,-0.0
38863,-0.0,-0.0,-0.0
38888,-0.0,-0.0,-0.0
38913,-0.0,-0.0,-0.0
38937,-0.0,-0.0,-0.0
38961,-0.0,-0.0,-0.0
38986,-0.0,-0.0,-0.0
39010,-0.0,-0.0,-0.0
39035,-0.0,-0.0,-0.0
39060,-0.0,-0.0,-0.0
39092,-0.0,-0.0,-0.0
39125,-0.0,-0.0,-0.0
39158,-0.0,-0.0,-0.0
39191,-0.0,-0.0,-0.0
39224,-0.0,-0.0,-0.0
39248,-0.0,-0.0,-0.0
39273,-0.0,-0.0,-0.0
39297,-0.0,-0.0,-0.0
39322,-0.0,-0.0,-0.0
39347,-0.0,-0.0,-0.0
39371,-0.0,-0.0,-0.0
39396,-0.0,-0.0,-0.0
39428,-0.0,-0.0,-0.0
39461,-0.0,-0.0,-0.0
39486,-0.0,-0.0,-0.0
39511,-0.0,-0.0,-0.0
39539,-0.0,-0.0,-0.0
39563,-0.0,-0.0,-0.0
39588,-0.0,-0.0,-0.0
39613,-0.0,-0.0,-0.0
39637,-0.0,-0.0,-0.0
39662,-0.0,-0.0,-0.0
39686,-0.0,-0.0,-0.0
39711,-0.0,-0.0,-0.0
39736,-0.0,-0.0,-0.0
39760,-0.0,-0.0,-0.0
39789,-0.0,-0.0,-0.0
39813,-0.0,-0.0,-0.0
39838,-0.0,-0.0,-0.0
39863,-0.0,-0.0,-0.0
39887,-0.0,-0.0,-0.0
39912,-0.0,-0.0,-0.0
39936,-0.0,-0.0,-0.0
39961,-0.0,-0.0,-0.0
39986,-0.0,-0.0,-0.0
40010,-0.0,-0.0,-0.0
40038,-0.0,-0.0,-0.0
40063,-0.0,-0.0,-0.0
40088,-0.0,-0.0,-0.0
40113,-0.0,-0.0,-0.0
40137,-0.0,-0.0,-0.0
40162,-0.0,-0.0,-0.0
40186,-0.0,-0.0,-0.0
40210,-0.0,-0.0,-0.0
40235,-0.0,-0.0,-0.0
40260,-0.0,-0.0,-0.0
40285,-0.0,-0.0,-0.0
40313,-0.0,-0.0,-0.0
40337,-0.0,-0.0,-0.0
40362,-0.0,-0.0,-0.0
40387,-0.0,-0.0,-0.0
40412,-0.0,-0.0,-0.0
40436,-0.0,-0.0,-0.0
40461,-0.0,-0.0,-0.0
40485,-0.0,-0.0,-0.0
40509,-0.0,-0.0,-0.0
40534,-0.0,-0.0,-0.0
40563,-0.0,-0.0,-0.0
40587,-0.0,-0.0,-0.0
40612,-0.0,-0.0,-0.0
40637,-0.0,-0.0,-0.0
40661,-0.0,-0.0,-0.0
40686,-0.0,-0.0,-0.0
40710,-0.0,-0.0,-0.0
40736,-0.0,-0.0,-0.0
40759,-0.0,-0.0,-0.0
40784,-0.0,-0.0,-0.0
40813,-0.0,-0.0,-0.0
40837,-0.0,-0.0,-0.0
40862,-0.0,-0.0,-0.0
40886,-0.0,-0.0,-0.0
40911,-0.0,-0.0,-0.0
40936,-0.0,-0.0,-0.0
40960,-0.0,-0.0,-0.0
40985,-0.0,-0.0,-0.0
41009,-0.0,-0.0,-0.0
41035,-0.0,-0.0,-0.0
41063,-0.0,-0.0,-0.0
41087,-0.0,-0.0,-0.0
41112,-0.0,-0.0,-0.0
41137,-0.0,-0.0,-0.0
41161,-0.0,-0.0,-0.0
41186,-0.0,-0.0,-0.0
41210,-0.0,-0.0,-0.0
41234,-0.0,-0.0,-0.0
41259,-0.0,-0.0,-0.0
41284,-0.0,-0.0,-0.0
41312,-0.0,-0.0,-0.0
41337,-0.0,-0.0,-0.0
41361,-0.0,-0.0,-0.0
41386,-0.0,-0.0,-0.0
41411,-0.0,-0.0,-0.0
41436,-0.0,-0.0,-0.0
41460,-0.0,-0.0,-0.0
41484,-0.0,-0.0,-0.0
41509,-0.0,-0.0,-0.0
41534,-0.0,-0.0,-0.0
41558,-0.0,-0.0,-0.0
41587,-0.0,-0.0,-0.0
41611,-0.0,-0.0,-0.0
41636,-0.0,-0.0,-0.0
41661,-0.0,-0.0,-0.0
41685,-0.0,-0.0,-0.0
41710,-0.0,-0.0,-0.0
41734,-0.0,-0.0,-0.0
41759,-0.0,-0.0,-0.0
41784,-0.0,-0.0,-0.0
41808,-0.0,-0.0,-0.0
41836,-0.0,-0.0,-0.0
41861,-0.0,-0.0,-0.0
41886,-0.0,-0.0,-0.0
41910,-0.0,-0.0,-0.0
41935,-0.0,-0.0,-0.0
41959,-0.0,-0.0,-0.0
41984,-0.0,-0.0,-0.0
42009,-0.0,-0.0,-0.0
42033,-0.0,-0.0,-0.0
42058,-0.0,-0.0,-0.0
42086,-0.0,-0.0,-0.0
42111,-0.0,-0.0,-0.0
42135,-0.0,-0.0,-0.0
42160,-0.0,-0.0,-0.0
42185,-0.0,-0.0,-0.0
42209,-0.0,-0.0,-0.0
42234,-0.0,-0.0,-0.0
42258,-0.0,-0.0,-0.0
42283,-0.0,-0.0,-0.0
42308,-0.0,-0.0,-0.0
42336,-0.0,-0.0,-0.0
42361,-0.0,-0.0,-0.0
42385,-0.0,-0.0,-0.0
42410,-0.0,-0.0,-0.0
42434,-0.0,-0.0,-0.0
42459,-0.0,-0.0,-0.0
42484,-0.0,-0.0,-0.0
42508,-0.0,-0.0,-0.0
42534,-0.0,-0.0,-0.0
42566,-0.0,-0.0,-0.0
42598,-0.0,-0.0,-0.0
42631,-0.0,-0.0,-0.0
42664,-0.0,-0.0,-0.0
42697,-0.0,-0.0,-0.0
42725,-0.0,-0.0,-0.0
42758,-0.0,-0.0,-0.0
42791,-0.0,-0.0,-0.0
42820,-0.0,-0.0,-0.0
42853,-0.0,-0.0,-0.0
42881,-0.0,-0.0,-0.0
42914,-0.0,-0.0,-0.0
42946,-0.0,-0.0,-0.0
42975,-0.0,-0.0,-0.0
43008,-0.0,-0.0,-0.0
43041,-0.0,-0.0,-0.0
43069,-0.0,-0.0,-0.0
43094,-0.0,-0.0,-0.0
43119,-0.0,-0.0,-0.0
43143,-0.0,-0.0,-0.0
43172,-0.0,-0.0,-0.0
43197,-0.0,-0.0,-0.0
43221,-0.0,-0.0,-0.0
43246,-0.0,-0.0,-0.0
43270,-0.0,-0.0,-0.0
43295,-0.0,-0.0,-0.0
43320,-0.0,-0.0,-0.0
43344,-0.0,-0.0,-0.0
43368,-0.0,-0.0,-0.0
43393,-0.0,-0.0,-0.0
43422,-0.0,-0.0,-0.0
43446,-0.0,-0.0,-0.0
43471,-0.0,-0.0,-0.0
43495,-0.0,-0.0,-0.0
43520,-0.0,-0.0,-0.0
43544,-0.0,-0.0,-0.0
43569,-0.0,-0.0,-0.0
43593,-0.0,-0.0,-0.0
43618,-0.0,-0.0,-0.0
43643,-0.0,-0.0,-0.0
43671,-0.0,-0.0,-0.0
43696,-0.0,-0.0,-0.0
43721,-0.0,-0.0,-0.0
43745,-0.0,-0.0,-0.0
43770,-0.0,-0.0,-0.0
43795,-0.0,-0.0,-0.0
43819,-0.0,-0.0,-0.0
43844,-0.0,-0.0,-0.0
43868,-0.0,-0.0,-0.0
43893,-0.0,-0.0,-0.0
43922,-0.0,-0.0,-0.0
43946,-0.0,-0.0,-0.0
43971,-0.0,-0.0,-0.0
43995,-0.0,-0.0,-0.0
44020,-0.0,-0.0,-0.0
44044,-0.0,-0.0,-0.0
44069,-0.0,-0.0,-0.0
44093,-0.0,-0.0,-0.0
44119,-0.0,-0.0,-0.0
44142,-0.0,-0.0,-0.0
44167,-0.0,-0.0,-0.0
44196,-0.0,-0.0,-0.0
44220,-0.0,-0.0,-0.0
44245,-0.0,-0.0,-0.0
44270,-0.0,-0.0,-0.0
44294,-0.0,-0.0,-0.0
44319,-0.0,-0.0,-0.0
44343,-0.0,-0.0,-0.0
44369,-0.0,-0.0,-0.0
44393,-0.0,-0.0,-0.0
44417,-0.0,-0.0,-0.0
44445,-0.0,-0.0,-0.0
44470,-0.0,-0.0,-0.0
44495,-0.0,-0.0,-0.0
44520,-0.0,-0.0,-0.0
44544,-0.0,-0.0,-0.0
44569,-0.0,-0.0,-0.0
44593,-0.0,-0.0,-0.0
44618,-0.0,-0.0,-0.0
44642,-0.0,-0.0,-0.0
44667,-0.0,-0.0,-0.0
44696,-0.0,-0.0,-0.0
44720,-0.0,-0.0,-0.0
44745,-0.0,-0.0,-0.0
44769,-0.0,-0.0,-0.0
44794,-0.0,-0.0,-0.0
44819,-0.0,-0.0,-0.0
44843,-0.0,-0.0,-0.0
44868,-0.0,-0.0,-0.0
44892,-0.0,-0.0,-0.0
44917,-0.0,-0.0,-0.0
44945,-0.0,-0.0,-0.0
44970,-0.0,-0.0,-0.0
44995,-0.0,-0.0,-0.0
45019,-0.0,-0.0,-0.0
45044,-0.0,-0.0,-0.0
45068,-0.0,-0.0,-0.0
45093,-0.0,-0.0,-0.0
45117,-0.0,-0.0,-0.0
45142,-0.0,-0.0,-0.0
45167,-0.0,-0.0,-0.0
45195,-0.0,-0.0,-0.0
45220,-0.0,-0.0,-0.0
45244,-0.0,-0.0,-0.0
45269,-0.0,-0.0,-0.0
45294,-0.0,-0.0,-0.0
45318,-0.0,-0.0,-0.0
45342,-0.0,-0.0,-0.0
45367,-0.0,-0.0,-0.0
45392,-0.0,-0.0,-0.0
45417,-0.0,-0.0,-0.0
45441,-0.0,-0.0,-0.0
45469,-0.0,-0.0,-0.0
45494,-0.0,-0.0,-0.0
45519,-0.0,-0.0,-0.0
45544,-0.0,-0.0,-0.0
45568,-0.0,-0.0,-0.0
45592,-0.0,-0.0,-0.0
45617,-0.0,-0.0,-0.0
45641,-0.0,-0.0,-0.0
45667,-0.0,-0.0,-0.0
45691,-0.0,-0.0,-0.0
45719,-0.0,-0.0,-0.0
45744,-0.0,-0.0,-0.0
45768,-0.0,-0.0,-0.0
45793,-0.0,-0.0,-0.0
45818,-0.0,-0.0,-0.0
45842,-0.0,-0.0,-0.0
45867,-0.0,-0.0,-0.0
45891,-0.0,-0.0,-0.0
45916,-0.0,-0.0,-0.0
45941,-0.0,-0.0,-0.0
45969,-0.0,-0.0,-0.0
45994,-0.0,-0.0,-0.0
46019,-0.0,-0.0,-0.0
46043,-0.0,-0.0,-0.0
46068,-0.0,-0.0,-0.0
46092,-0.0,-0.0,-0.0
46117,-0.0,-0.0,-0.0
46141,-0.0,-0.0,-0.0
46166,-0.0,-0.0,-0.0
46190,-0.0,-0.0,-0.0
46219,-0.0,-0.0,-0.0
46244,-0.0,-0.0,-0.0
46268,-0.0,-0.0,-0.0
46293,-0.0,-0.0,-0.0
46318,-0.0,-0.0,-0.0
46342,-0.0,-0.0,-0.0
46367,-0.0,-0.0,-0.0
46391,-0.0,-0.0,-0.0
46416,-0.0,-0.0,-0.0
46440,-0.0,-0.0,-0.0
46469,-0.0,-0.0,-0.0
46493,-0.0,-0.0,-0.0
46518,-0.0,-0.0,-0.0
46542,-0.0,-0.0,-0.0
46568,-0.0,-0.0,-0.0
46592,-0.0,-0.0,-0.0
46617,-0.0,-0.0,-0.0
46641,-0.0,-0.0,-0.0
46674,-0.0,-0.0,-0.0
46703,-0.0,-0.0,-0.0
46735,-0.0,-0.0,-0.0
46760,-0.0,-0.0,-0.0
46784,-0.0,-0.0,-0.0
46809,-0.0,-0.0,-0.0
46834,-0.0,-0.0,-0.0
46863,-0.0,-0.0,-0.0
46887,-0.0,-0.0,-0.0
46911,-0.0,-0.0,-0.0
46936,-0.0,-0.0,-0.0
46960,-0.0,-0.0,-0.0
46986,-0.0,-0.0,-0.0
47009,-0.0,-0.0,-0.0
47034,-0.0,-0.0,-0.0
47059,-0.0,-0.0,-0.0
47083,-0.0,-0.0,-0.0
47112,-0.0,-0.0,-0.0
47136,-0.0,-0.0,-0.0
47161,-0.0,-0.0,-0.0
47186,-0.0,-0.0,-0.0
47211,-0.0,-0.0,-0.0
47235,-0.0,-0.0,-0.0
47259,-0.0,-0.0,-0.0
47284,-0.0,-0.0,-0.0
47308,-0.0,-0.0,-0.0
47334,-0.0,-0.0,-0.0
47362,-0.0,-0.0,-0.0
47387,-0.0,-0.0,-0.0
47411,-0.0,-0.0,-0.0
47436,-0.0,-0.0,-0.0
47460,-0.0,-0.0,-0.0
47485,-0.0,-0.0,-0.0
47509,-0.0,-0.0,-0.0
47542,-0.0,-0.0,-0.0
47571,-0.0,-0.0,-0.0
47604,-0.0,-0.0,-0.0
47628,-0.0,-0.0,-0.0
47653,-0.0,-0.0,-0.0
47677,-0.0,-0.0,-0.0
47702,-0.0,-0.0,-0.0
47726,-0.0,-0.0,-0.0
47755,-0.0,-0.0,-0.0
47779,-0.0,-0.0,-0.0
47804,-0.0,-0.0,-0.0
47829,-0.0,-0.0,-0.0
47854,-0.0,-0.0,-0.0
47879,-0.0,-0.0,-0.0
47903,-0.0,-0.0,-0.0
47935,-0.0,-0.0,-0.0
47964,-0.0,-0.0,-0.0
47997,-0.0,-0.0,-0.0
48029,-0.0,-0.0,-0.0
48058,-0.0,-0.0,-0.0
48091,-0.0,-0.0,-0.0
48116,-0.0,-0.0,-0.0
48140,-0.0,-0.0,-0.0
48165,-0.0,-0.0,-0.0
48189,-0.0,-0.0,-0.0
48214,-0.0,-0.0,-0.0
48238,-0.0,-0.0,-0.0
48267,-0.0,-0.0,-0.0
48291,-0.0,-0.0,-0.0
48317,-0.0,-0.0,-0.0
48341,-0.0,-0.0,-0.0
48365,-0.0,-0.0,-0.0
48390,-0.0,-0.0,-0.0
48415,-0.0,-0.0,-0.0
48447,-0.0,-0.0,-0.0
48476,-0.0,-0.0,-0.0
48509,-0.0,-0.0,-0.0
48541,-0.0,-0.0,-0.0
48574,-0.0,-0.0,-0.0
48603,-0.0,-0.0,-0.0
48627,-0.0,-0.0,-0.0
48656,-0.0,-0.0,-0.0
48680,-0.0,-0.0,-0.0
48706,-0.0,-0.0,-0.0
48730,-0.0,-0.0,-0.0
48754,-0.0,-0.0,-0.0
48779,-0.0,-0.0,-0.0
48804,-0.0,-0.0,-0.0
48828,-0.0,-0.0,-0.0
48853,-0.0,-0.0,-0.0
48878,-0.0,-0.0,-0.0
48906,-0.0,-0.0,-0.0
48931,-0.0,-0.0,-0.0
48955,-0.0,-0.0,-0.0
48980,-0.0,-0.0,-0.0
49005,-0.0,-0.0,-0.0
49029,-0.0,-0.0,-0.0
49053,-0.0,-0.0,-0.0
49078,-0.0,-0.0,-0.0
49103,-0.0,-0.0,-0.0
49127,-0.0,-0.0,-0.0
49156,-0.0,-0.0,-0.0
49180,-0.0,-0.0,-0.0
49205,-0.0,-0.0,-0.0
49230,-0.0,-0.0,-0.0
49254,-0.0,-0.0,-0.0
49279,-0.0,-0.0,-0.0
49303,-0.0,-0.0,-0.0
49328,-0.0,-0.0,-0.0
49353,-0.0,-0.0,-0.0
49378,-0.0,-0.0,-0.0
49406,-0.0,-0.0,-0.0
49430,-0.0,-0.0,-0.0
49455,-0.0,-0.0,-0.0
49479,-0.0,-0.0,-0.0
49504,-0.0,-0.0,-0.0
49529,-0.0,-0.0,-0.0
49553,-0.0,-0.0,-0.0
49578,-0.0,-0.0,-0.0
49603,-0.0,-0.0,-0.0
49627,-0.0,-0.0,-0.0
49655,-0.0,-0.0,-0.0
49680,-0.0,-0.0,-0.0
49705,-0.0,-0.0,-0.0
49729,-0.0,-0.0,-0.0
49754,-0.0,-0.0,-0.0
49779,-0.0,-0.0,-0.0
49803,-0.0,-0.0,-0.0
49828,-0.0,-0.0,-0.0
49852,-0.0,-0.0,-0.0
49877,-0.0,-0.0,-0.0
49902,-0.0,-0.0,-0.0
49930,-0.0,-0.0,-0.0
49954,-0.0,-0.0,-0.0
49979,-0.0,-0.0,-0.0
50004,-0.0,-0.0,-0.0
50029,-0.0,-0.0,-0.0
50053,-0.0,-0.0,-0.0
50077,-0.0,-0.0,-0.0
50102,-0.0,-0.0,-0.0
50126,-0.0,-0.0,-0.0
50151,-0.0,-0.0,-0.0
50179,-0.0,-0.0,-0.0
50204,-0.0,-0.0,-0.0
50229,-0.0,-0.0,-0.0
50253,-0.0,-0.0,-0.0
50278,-0.0,-0.0,-0.0
50303,-0.0,-0.0,-0.0
50327,-0.0,-0.0,-0.0
50352,-0.0,-0.0,-0.0
50376,-0.0,-0.0,-0.0
50401,-0.0,-0.0,-0.0
50430,-0.0,-0.0,-0.0
50454,-0.0,-0.0,-0.0
50479,-0.0,-0.0,-0.0
50504,-0.0,-0.0,-0.0
50528,-0.0,-0.0,-0.0
50553,-0.0,-0.0,-0.0
50577,-0.0,-0.0,-0.0
50602,-0.0,-0.0,-0.0
50626,-0.0,-0.0,-0.0
50651,-0.0,-0.0,-0.0
50680,-0.0,-0.0,-0.0
50704,-0.0,-0.0,-0.0
50728,-0.0,-0.0,-0.0
50753,-0.0,-0.0,-0.0
50778,-0.0,-0.0,-0.0
50803,-0.0,-0.0,-0.0
50828,-0.0,-0.0,-0.0
50851,-0.0,-0.0,-0.0
50876,-0.0,-0.0,-0.0
50901,-0.0,-0.0,-0.0
50929,-0.0,-0.0,-0.0
50954,-0.0,-0.0,-0.0
50978,-0.0,-0.0,-0.0
51003,-0.0,-0.0,-0.0
51028,-0.0,-0.0,-0.0
51052,-0.0,-0.0,-0.0
51077,-0.0,-0.0,-0.0
51102,-0.0,-0.0,-0.0
51126,-0.0,-0.0,-0.0
51151,-0.0,-0.0,-0.0
51175,-0.0,-0.0,-0.0
51208,-0.0,-0.0,-0.0
51240,-0.0,-0.0,-0.0
51273,-0.0,-0.0,-0.0
51306,-0.0,-0.0,-0.0
51331,-0.0,-0.0,-0.0
51355,-0.0,-0.0,-0.0
51380,-0.0,-0.0,-0.0
51405,-0.0,-0.0,-0.0
51430,-0.0,-0.0,-0.0
51457,-0.0,-0.0,-0.0
51482,-0.0,-0.0,-0.0
51507,-0.0,-0.0,-0.0
51531,-0.0,-0.0,-0.0
51556,-0.0,-0.0,-0.0
51581,-0.0,-0.0,-0.0
51605,-0.0,-0.0,-0.0
51638,-0.0,-0.0,-0.0
51671,-0.0,-0.0,-0.0
51703,-0.0,-0.0,-0.0
51728,-0.0,-0.0,-0.0
51753,-0.0,-0.0,-0.0
51778,-0.0,-0.0,-0.0
51801,-0.0,-0.0,-0.0
51834,-0.0,-0.0,-0.0
51868,-0.0,-0.0,-0.0
51900,-0.0,-0.0,-0.0
51924,-0.0,-0.0,-0.0
51949,-0.0,-0.0,-0.0
51973,-0.0,-0.0,-0.0
52002,-0.0,-0.0,-0.0
52035,-0.0,-0.0,-0.0
52068,-0.0,-0.0,-0.0
52092,-0.0,-0.0,-0.0
52117,-0.0,-0.0,-0.0
52141,-0.0,-0.0,-0.0
52166,-0.0,-0.0,-0.0
52191,-0.0,-0.0,-0.0
52215,-0.0,-0.0,-0.0
52240,-0.0,-0.0,-0.0
52268,-0.0,-0.0,-0.0
52293,-0.0,-0.0,-0.0
52318,-0.0,-0.0,-0.0
52342,-0.0,-0.0,-0.0
52367,-0.0,-0.0,-0.0
52391,-0.0,-0.0,-0.0
52416,-0.0,-0.0,-0.0
52440,-0.0,-0.0,-0.0
52465,-0.0,-0.0,-0.0
52490,-0.0,-0.0,-0.0
52518,-0.0,-0.0,-0.0
52543,-0.0,-0.0,-0.0
52567,-0.0,-0.0,-0.0
52592,-0.0,-0.0,-0.0
52621,-0.0,-0.0,-0.0
52654,-0.0,-0.0,-0.0
52687,-0.0,-0.0,-0.0
52712,-0.0,-0.0,-0.0
52736,-0.0,-0.0,-0.0
52760,-0.0,-0.0,-0.0
52785,-0.0,-0.0,-0.0
52809,-0.0,-0.0,-0.0
52834,-0.0,-0.0,-0.0
52859,-0.0,-0.0,-0.0
52883,-0.0,-0.0,-0.0
52912,-0.0,-0.0,-0.0
52936,-0.0,-0.0,-0.0
52961,-0.0,-0.0,-0.0
52986,-0.0,-0.0,-0.0
53010,-0.0,-0.0,-0.0
53035,-0.0,-0.0,-0.0
53059,-0.0,-0.0,-0.0
53084,-0.0,-0.0,-0.0
53108,-0.0,-0.0,-0.0
53134,-0.0,-0.0,-0.0
53161,-0.0,-0.0,-0.0
53186,-0.0,-0.0,-0.0
53211,-0.0,-0.0,-0.0
53235,-0.0,-0.0,-0.0
53260,-0.0,-0.0,-0.0
53284,-0.0,-0.0,-0.0
53309,-0.0,-0.0,-0.0
53333,-0.0,-0.0,-0.0
53358,-0.0,-0.0,-0.0
53383,-0.0,-0.0,-0.0
53412,-0.0,-0.0,-0.0
53436,-0.0,-0.0,-0.0
53461,-0.0,-0.0,-0.0
53485,-0.0,-0.0,-0.0
53509,-0.0,-0.0,-0.0
53534,-0.0,-0.0,-0.0
53559,-0.0,-0.0,-0.0
53583,-0.0,-0.0,-0.0
53608,-0.0,-0.0,-0.0
53632,-0.0,-0.0,-0.0
53657,-0.0,-0.0,-0.0
53686,-0.0,-0.0,-0.0
53710,-0.0,-0.0,-0.0
53735,-0.0,-0.0,-0.0
53759,-0.0,-0.0,-0.0
53784,-0.0,-0.0,-0.0
53808,-0.0,-0.0,-0.0
53833,-0.0,-0.0,-0.0
53858,-0.0,-0.0,-0.0
53882,-0.0,-0.0,-0.0
53907,-0.0,-0.0,-0.0
53936,-0.0,-0.0,-0.0
53960,-0.0,-0.0,-0.0
53985,-0.0,-0.0,-0.0
54009,-0.0,-0.0,-0.0
54034,-0.0,-0.0,-0.0
54066,-0.0,-0.0,-0.0
54096,-0.0,-0.0,-0.0
54128,-0.0,-0.0,-0.0
54157,-0.0,-0.0,-0.0
54190,-0.0,-0.0,-0.0
54222,-0.0,-0.0,-0.0
54247,-0.0,-0.0,-0.0
54271,-0.0,-0.0,-0.0
54296,-0.0,-0.0,-0.0
54321,-0.0,-0.0,-0.0
54345,-0.0,-0.0,-0.0
54370,-0.0,-0.0,-0.0
54403,-0.0,-0.0,-0.0
54435,-0.0,-0.0,-0.0
54468,-0.0,-0.0,-0.0
54501,-0.0,-0.0,-0.0
54533,-0.0,-0.0,-0.0
54558,-0.0,-0.0,-0.0
54583,-0.0,-0.0,-0.0
54607,-0.0,-0.0,-0.0
54632,-0.0,-0.0,-0.0
54656,-0.0,-0.0,-0.0
54681,-0.0,-0.0,-0.0
54706,-0.0,-0.0,-0.0
54730,-0.0,-0.0,-0.0
54759,-0.0,-0.0,-0.0
54783,-0.0,-0.0,-0.0
54808,-0.0,-0.0,-0.0
54832,-0.0,-0.0,-0.0
54857,-0.0,-0.0,-0.0
54882,-0.0,-0.0,-0.0
54906,-0.0,-0.0,-0.0
54931,-0.0,-0.0,-0.0
54955,-0.0,-0.0,-0.0
54981,-0.0,-0.0,-0.0
55008,-0.0,-0.0,-0.0
55033,-0.0,-0.0,-0.0
55058,-0.0,-0.0,-0.0
55082,-0.0,-0.0,-0.0
55107,-0.0,-0.0,-0.0
55131,-0.0,-0.0,-0.0
55156,-0.0,-0.0,-0.0
55180,-0.0,-0.0,-0.0
55205,-0.0,-0.0,-0.0
55230,-0.0,-0.0,-0.0
55258,-0.0,-0.0,-0.0
55283,-0.0,-0.0,-0.0
55307,-0.0,-0.0,-0.0
55332,-0.0,-0.0,-0.0
55357,-0.0,-0.0,-0.0
55381,-0.0,-0.0,-0.0
55406,-0.0,-0.0,-0.0
55431,-0.0,-0.0,-0.0
55455,-0.0,-0.0,-0.0
55480,-0.0,-0.0,-0.0
55505,-0.0,-0.0,-0.0
55533,-0.0,-0.0,-0.0
55557,-0.0,-0.0,-0.0
55582,-0.0,-0.0,-0.0
55607,-0.0,-0.0,-0.0
55632,-0.0,-0.0,-0.0
55656,-0.0,-0.0,-0.0
55680,-0.0,-0.0,-0.0
55705,-0.0,-0.0,-0.0
55730,-0.0,-0.0,-0.0
55754,-0.0,-0.0,-0.0
55783,-0.0,-0.0,-0.0
55807,-0.0,-0.0,-0.0
55832,-0.0,-0.0,-0.0
55857,-0.0,-0.0,-0.0
55881,-0.0,-0.0,-0.0
55906,-0.0,-0.0,-0.0
55931,-0.0,-0.0,-0.0
55955,-0.0,-0.0,-0.0
55979,-0.0,-0.0,-0.0
56004,-0.0,-0.0,-0.0
56033,-0.0,-0.0,-0.0
56057,-0.0,-0.0,-0.0
56082,-0.0,-0.0,-0.0
56106,-0.0,-0.0,-0.0
56131,-0.0,-0.0,-0.0
56155,-0.0,-0.0,-0.0
56180,-0.0,-0.0,-0.0
56205,-0.0,-0.0,-0.0
56230,-0.0,-0.0,-0.0
56254,-0.0,-0.0,-0.0
56282,-0.0,-0.0,-0.0
56307,-0.0,-0.0,-0.0
56332,-0.0,-0.0,-0.0
56356,-0.0,-0.0,-0.0
56381,-0.0,-0.0,-0.0
56405,-0.0,-0.0,-0.0
56430,-0.0,-0.0,-0.0
56455,-0.0,-0.0,-0.0
56479,-0.0,-0.0,-0.0
56504,-0.0,-0.0,-0.0
56532,-0.0,-0.0,-0.0
56557,-0.0,-0.0,-0.0
56582,-0.0,-0.0,-0.0
56606,-0.0,-0.0,-0.0
56631,-0.0,-0.0,-0.0
56655,-0.0,-0.0,-0.0
56680,-0.0,-0.0,-0.0
56705,-0.0,-0.0,-0.0
56729,-0.0,-0.0,-0.0
56754,-0.0,-0.0,-0.0
56778,-0.0,-0.0,-0.0
56807,-0.0,-0.0,-0.0
56831,-0.0,-0.0,-0.0
56856,-0.0,-0.0,-0.0
56880,-0.0,-0.0,-0.0
56905,-0.0,-0.0,-0.0
56930,-0.0,-0.0,-0.0
56954,-0.0,-0.0,-0.0
56979,-0.0,-0.0,-0.0
57003,-0.0,-0.0,-0.0
57028,-0.0,-0.0,-0.0
57056,-0.0,-0.0,-0.0
57081,-0.0,-0.0,-0.0
57106,-0.0,-0.0,-0.0
57130,-0.0,-0.0,-0.0
57155,-0.0,-0.0,-0.0
57180,-0.0,-0.0,-0.0
57204,-0.0,-0.0,-0.0
57229,-0.0,-0.0,-0.0
57253,-0.0,-0.0,-0.0
57278,-0.0,-0.0,-0.0
57306,-0.0,-0.0,-0.0
57331,-0.0,-0.0,-0.0
57355,-0.0,-0.0,-0.0
57380,-0.0,-0.0,-0.0
57405,-0.0,-0.0,-0.0
57429,-0.0,-0.0,-0.0
57454,-0.0,-0.0,-0.0
57479,-0.0,-0.0,-0.0
57503,-0.0,-0.0,-0.0
57528,-0.0,-0.0,-0.0
57556,-0.0,-0.0,-0.0
57581,-0.0,-0.0,-0.0
57605,-0.0,-0.0,-0.0
57630,-0.0,-0.0,-0.0
57655,-0.0,-0.0,-0.0
57679,-0.0,-0.0,-0.0
57704,-0.0,-0.0,-0.0
57729,-0.0,-0.0,-0.0
57753,-0.0,-0.0,-0.0
57777,-0.0,-0.0,-0.0
57806,-0.0,-0.0,-0.0
57831,-0.0,-0.0,-0.0
57855,-0.0,-0.0,-0.0
57880,-0.0,-0.0,-0.0
57905,-0.0,-0.0,-0.0
57929,-0.0,-0.0,-0.0
57953,-0.0,-0.0,-0.0
57978,-0.0,-0.0,-0.0
58003,-0.0,-0.0,-0.0
58027,-0.0,-0.0,-0.0
58052,-0.0,-0.0,-0.0
58081,-0.0,-0.0,-0.0
58105,-0.0,-0.0,-0.0
58130,-0.0,-0.0,-0.0
58154,-0.0,-0.0,-0.0
58179,-0.0,-0.0,-0.0
58204,-0.0,-0.0,-0.0
58228,-0.0,-0.0,-0.0
58253,-0.0,-0.0,-0.0
58277,-0.0,-0.0,-0.0
58302,-0.0,-0.0,-0.0
58331,-0.0,-0.0,-0.0
58355,-0.0,-0.0,-0.0
58379,-0.0,-0.0,-0.0
58404,-0.0,-0.0,-0.0
58429,-0.0,-0.0,-0.0
58453,-0.0,-0.0,-0.0
58478,-0.0,-0.0,-0.0
58502,-0.0,-0.0,-0.0
58527,-0.0,-0.0,-0.0
58552,-0.0,-0.0,-0.0
58580,-0.0,-0.0,-0.0
58605,-0.0,-0.0,-0.0
58630,-0.0,-0.0,-0.0
58654,-0.0,-0.0,-0.0
58679,-0.0,-0.0,-0.0
58703,-0.0,-0.0,-0.0
58728,-0.0,-0.0,-0.0
58752,-0.0,-0.0,-0.0
58777,-0.0,-0.0,-0.0
58801,-0.0,-0.0,-0.0
58830,-0.0,-0.0,-0.0
58855,-0.0,-0.0,-0.0
58880,-0.0,-0.0,-0.0
58904,-0.0,-0.0,-0.0
58929,-0.0,-0.0,-0.0
58953,-0.0,-0.0,-0.0
58978,-0.0,-0.0,-0.0
59002,-0.0,-0.0,-0.0
59027,-0.0,-0.0,-0.0
59051,-0.0,-0.0,-0.0
59080,-0.0,-0.0,-0.0
59104,-0.0,-0.0,-0.0
59129,-0.0,-0.0,-0.0
59153,-0.0,-0.0,-0.0
59178,-0.0,-0.0,-0.0
59203,-0.0,-0.0,-0.0
59228,-0.0,-0.0,-0.0
59253,-0.0,-0.0,-0.0
59277,-0.0,-0.0,-0.0
59301,-0.0,-0.0,-0.0
59325,-0.0,-0.0,-0.0
59354,-0.0,-0.0,-0.0
59379,-0.0,-0.0,-0.0
59404,-0.0,-0.0,-0.0
59428,-0.0,-0.0,-0.0
59453,-0.0,-0.0,-0.0
59477,-0.0,-0.0,-0.0
59502,-0.0,-0.0,-0.0
59527,-0.0,-0.0,-0.0
59551,-0.0,-0.0,-0.0
59576,-0.0,-0.0,-0.0
59604,-0.0,-0.0,-0.0
59629,-0.0,-0.0,-0.0
59653,-0.0,-0.0,-0.0
59678,-0.0,-0.0,-0.0
59702,-0.0,-0.0,-0.0
59727,-0.0,-0.0,-0.0
59752,-0.0,-0.0,-0.0
59776,-0.0,-0.0,-0.0
59801,-0.0,-0.0,-0.0
59825,-0.0,-0.0,-0.0
59854,-0.0,-0.0,-0.0
59878,-0.0,-0.0,-0.0
59903,-0.0,-0.0,-0.0
59928,-0.0,-0.0,-0.0
59952,-0.0,-0.0,-0.0
59977,-0.0,-0.0,-0.0
60002,-0.0,-0.0,-0.0
60026,-0.0,-0.0,-0.0
60050,-0.0,-0.0,-0.0
60075,-0.0,-0.0,-0.0
60104,-0.0,-0.0,-0.0
60129,-0.0,-0.0,-0.0
60153,-0.0,-0.0,-0.0
60178,-0.0,-0.0,-0.0
60203,-0.0,-0.0,-0.0
60227,-0.0,-0.0,-0.0
60252,-0.0,-0.0,-0.0
60276,-0.0,-0.0,-0.0
60300,-0.0,-0.0,-0.0
60325,-0.0,-0.0,-0.0
60353,-0.0,-0.0,-0.0
60378,-0.0,-0.0,-0.0
60403,-0.0,-0.0,-0.0
60428,-0.0,-0.0,-0.0
60452,-0.0,-0.0,-0.0
60477,-0.0,-0.0,-0.0
60501,-0.0,-0.0,-0.0
60526,-0.0,-0.0,-0.0
60551,-0.0,-0.0,-0.0
60575,-0.0,-0.0,-0.0
60599,-0.0,-0.0,-0.0
60628,-0.0,-0.0,-0.0
60653,-0.0,-0.0,-0.0
60677,-0.0,-0.0,-0.0
60702,-0.0,-0.0,-0.0
60727,-0.0,-0.0,-0.0
60751,-0.0,-0.0,-0.0
60775,-0.0,-0.0,-0.0
60800,-0.0,-0.0,-0.0
60825,-0.0,-0.0,-0.0
60850,-0.0,-0.0,-0.0
60878,-0.0,-0.0,-0.0
60903,-0.0,-0.0,-0.0
60927,-0.0,-0.0,-0.0
60952,-0.0,-0.0,-0.0
60976,-0.0,-0.0,-0.0
61001,-0.0,-0.0,-0.0
61025,-0.0,-0.0,-0.0
61050,-0.0,-0.0,-0.0
61074,-0.0,-0.0,-0.0
61099,-0.0,-0.0,-0.0
61128,-0.0,-0.0,-0.0
61152,-0.0,-0.0,-0.0
61177,-0.0,-0.0,-0.0
61201,-0.0,-0.0,-0.0
61226,-0.0,-0.0,-0.0
61251,-0.0,-0.0,-0.0
61275,-0.0,-0.0,-0.0
61300,-0.0,-0.0,-0.0
61324,-0.0,-0.0,-0.0
61349,-0.0,-0.0,-0.0
61377,-0.0,-0.0,-0.0
61402,-0.0,-0.0,-0.0
61427,-0.0,-0.0,-0.0
61451,-0.0,-0.0,-0.0
61476,-0.0,-0.0,-0.0
61500,-0.0,-0.0,-0.0
61525,-0.0,-0.0,-0.0
61550,-0.0,-0.0,-0.0
61574,-0.0,-0.0,-0.0
61599,-0.0,-0.0,-0.0
61627,-0.0,-0.0,-0.0
61652,-0.0,-0.0,-0.0
61676,-0.0,-0.0,-0.0
61701,-0.0,-0.0,-0.0
61726,-0.0,-0.0,-0.0
61751,-0.0,-0.0,-0.0
61775,-0.0,-0.0,-0.0
61800,-0.0,-0.0,-0.0
61824,-0.0,-0.0,-0.0
61849,-0.0,-0.0,-0.0
61873,-0.0,-0.0,-0.0
61902,-0.0,-0.0,-0.0
61927,-0.0,-0.0,-0.0
61951,-0.0,-0.0,-0.0
61975,-0.0,-0.0,-0.0
62000,-0.0,-0.0,-0.0
62025,-0.0,-0.0,-0.0
62049,-0.0,-0.0,-0.0
62074,-0.0,-0.0,-0.0
62098,-0.0,-0.0,-0.0
62123,-0.0,-0.0,-0.0
62152,-0.0,-0.0,-0.0
62176,-0.0,-0.0,-0.0
62201,-0.0,-0.0,-0.0
62225,-0.0,-0.0,-0.0
62250,-0.0,-0.0,-0.0
62274,-0.0,-0.0,-0.0
62300,-0.0,-0.0,-0.0
62324,-0.0,-0.0,-0.0
62348,-0.0,-0.0,-0.0
62373,-0.0,-0.0,-0.0
62402,-0.0,-0.0,-0.0
62426,-0.0,-0.0,-0.0
62451,-0.0,-0.0,-0.0
62475,-0.0,-0.0,-0.0
62500,-0.0,-0.0,-0.0
62524,-0.0,-0.0,-0.0
62549,-0.0,-0.0,-0.0
62573,-0.0,-0.0,-0.0
62598,-0.0,-0.0,-0.0
62623,-0.0,-0.0,-0.0
62651,-0.0,-0.0,-0.0
62676,-0.0,-0.0,-0.0
62700,-0.0,-0.0,-0.0
62725,-0.0,-0.0,-0.0
62750,-0.0,-0.0,-0.0
62774,-0.0,-0.0,-0.0
62799,-0.0,-0.0,-0.0
62824,-0.0,-0.0,-0.0
62848,-0.0,-0.0,-0.0
62873,-0.0,-0.0,-0.0
62901,-0.0,-0.0,-0.0
62926,-0.0,-0.0,-0.0
62951,-0.0,-0.0,-0.0
62975,-0.0,-0.0,-0.0
63000,-0.0,-0.0,-0.0
63024,-0.0,-0.0,-0.0
63049,-0.0,-0.0,-0.0
63074,-0.0,-0.0,-0.0
63098,-0.0,-0.0,-0.0
63123,-0.0,-0.0,-0.0
63148,-0.0,-0.0,-0.0
63176,-0.0,-0.0,-0.0
63200,-0.0,-0.0,-0.0
63225,-0.0,-0.0,-0.0
63249,-0.0,-0.0,-0.0
63274,-0.0,-0.0,-0.0
63299,-0.0,-0.0,-0.0
63323,-0.0,-0.0,-0.0
63348,-0.0,-0.0,-0.0
63372,-0.0,-0.0,-0.0
63397,-0.0,-0.0,-0.0
63426,-0.0,-0.0,-0.0
63450,-0.0,-0.0,-0.0
63475,-0.0,-0.0,-0.0
63499,-0.0,-0.0,-0.0
63524,-0.0,-0.0,-0.0
63548,-0.0,-0.0,-0.0
63573,-0.0,-0.0,-0.0
63598,-0.0,-0.0,-0.0
63622,-0.0,-0.0,-0.0
63647,-0.0,-0.0,-0.0
63675,-0.0,-0.0,-0.0
63700,-0.0,-0.0,-0.0
63724,-0.0,-0.0,-0.0
63749,-0.0,-0.0,-0.0
63774,-0.0,-0.0,-0.0
63798,-0.0,-0.0,-0.0
63823,-0.0,-0.0,-0.0
63848,-0.0,-0.0,-0.0
63872,-0.0,-0.0,-0.0
63897,-0.0,-0.0,-0.0
63925,-0.0,-0.0,-0.0
63950,-0.0,-0.0,-0.0
63974,-0.0,-0.0,-0.0
63999,-0.0,-0.0,-0.0
64024,-0.0,-0.0,-0.0
64048,-0.0,-0.0,-0.0
64073,-0.0,-0.0,-0.0
64098,-0.0,-0.0,-0.0
64122,-0.0,-0.0,-0.0
64147,-0.0,-0.0,-0.0
64175,-0.0,-0.0,-0.0
64199,-0.0,-0.0,-0.0
64224,-0.0,-0.0,-0.0
64249,-0.0,-0.0,-0.0
64273,-0.0,-0.0,-0.0
64298,-0.0,-0.0,-0.0
64323,-0.0,-0.0,-0.0
64348,-0.0,-0.0,-0.0
64372,-0.0,-0.0,-0.0
64397,-0.0,-0.0,-0.0
64421,-0.0,-0.0,-0.0
64450,-0.0,-0.0,-0.0
64474,-0.0,-0.0,-0.0
64499,-0.0,-0.0,-0.0
64523,-0.0,-0.0,-0.0
64548,-0.0,-0.0,-0.0
64572,-0.0,-0.0,-0.0
64597,-0.0,-0.0,-0.0
64621,-0.0,-0.0,-0.0
64646,-0.0,-0.0,-0.0
64671,-0.0,-0.0,-0.0
64699,-0.0,-0.0,-0.0
64724,-0.0,-0.0,-0.0
64749,-0.0,-0.0,-0.0
64773,-0.0,-0.0,-0.0
64798,-0.0,-0.0,-0.0
64822,-0.0,-0.0,-0.0
64847,-0.0,-0.0,-0.0
64871,-0.0,-0.0,-0.0
64896,-0.0,-0.0,-0.0
64922,-0.0,-0.0,-0.0
64949,-0.0,-0.0,-0.0
64974,-0.0,-0.0,-0.0
64998,-0.0,-0.0,-0.0
65023,-0.0,-0.0,-0.0
65048,-0.0,-0.0,-0.0
65072,-0.0,-0.0,-0.0
65097,-0.0,-0.0,-0.0
65121,-0.0,-0.0,-0.0
65146,-0.0,-0.0,-0.0
65171,-0.0,-0.0,-0.0
65199,-0.0,-0.0,-0.0
65224,-0.0,-0.0,-0.0
65248,-0.0,-0.0,-0.0
65273,-0.0,-0.0,-0.0
65298,-0.0,-0.0,-0.0
65322,-0.0,-0.0,-0.0
65347,-0.0,-0.0,-0.0
65371,-0.0,-0.0,-0.0
65395,-0.0,-0.0,-0.0
65421,-0.0,-0.0,-0.0
65449,-0.0,-0.0,-0.0
65473,-0.0,-0.0,-0.0
65498,-0.0,-0.0,-0.0
65522,-0.0,-0.0,-0.0
65547,-0.0,-0.0,-0.0
65572,-0.0,-0.0,-0.0
65597,-0.0,-0.0,-0.0
65621,-0.0,-0.0,-0.0
65645,-0.0,-0.0,-0.0
65670,-0.0,-0.0,-0.0
65694,-0.0,-0.0,-0.0
65723,-0.0,-0.0,-0.0
65748,-0.0,-0.0,-0.0
65772,-0.0,-0.0,-0.0
65797,-0.0,-0.0,-0.0
65821,-0.0,-0.0,-0.0
65846,-0.0,-0.0,-0.0
65871,-0.0,-0.0,-0.0
65896,-0.0,-0.0,-0.0
65920,-0.0,-0.0,-0.0
65944,-0.0,-0.0,-0.0
65973,-0.0,-0.0,-0.0
65998,-0.0,-0.0,-0.0
66022,-0.0,-0.0,-0.0
66047,-0.0,-0.0,-0.0
66072,-0.0,-0.0,-0.0
66096,-0.0,-0.0,-0.0
66121,-0.0,-0.0,-0.0
66145,-0.0,-0.0,-0.0
66170,-0.0,-0.0,-0.0
66194,-0.0,-0.0,-0.0
66223,-0.0,-0.0,-0.0
66247,-0.0,-0.0,-0.0
66272,-0.0,-0.0,-0.0
66297,-0.0,-0.0,-0.0
66321,-0.0,-0.0,-0.0
66346,-0.0,-0.0,-0.0
66371,-0.0,-0.0,-0.0
66395,-0.0,-0.0,-0.0
66419,-0.0,-0.0,-0.0
66444,-0.0,-0.0,-0.0
66473,-0.0,-0.0,-0.0
66498,-0.0,-0.0,-0.0
66522,-0.0,-0.0,-0.0
66547,-0.0,-0.0,-0.0
66571,-0.0,-0.0,-0.0
66596,-0.0,-0.0,-0.0
66621,-0.0,-0.0,-0.0
66645,-0.0,-0.0,-0.0
66670,-0.0,-0.0,-0.0
66694,-0.0,-0.0,-0.0
66723,-0.0,-0.0,-0.0
66748,-0.0,-0.0,-0.0
66772,-0.0,-0.0,-0.0
66797,-0.0,-0.0,-0.0
66821,-0.0,-0.0,-0.0
66846,-0.0,-0.0,-0.0
66871,-0.0,-0.0,-0.0
66895,-0.0,-0.0,-0.0
66920,-0.0,-0.0,-0.0
66944,-0.0,-0.0,-0.0
66969,-0.0,-0.0,-0.0
66997,-0.0,-0.0,-0.0
67022,-0.0,-0.0,-0.0
67046,-0.0,-0.0,-0.0
67071,-0.0,-0.0,-0.0
67096,-0.0,-0.0,-0.0
67120,-0.0,-0.0,-0.0
67145,-0.0,-0.0,-0.0
67170,-0.0,-0.0,-0.0
67194,-0.0,-0.0,-0.0
67218,-0.0,-0.0,-0.0
67247,-0.0,-0.0,-0.0
67271,-0.0,-0.0,-0.0
67296,-0.0,-0.0,-0.0
67321,-0.0,-0.0,-0.0
67345,-0.0,-0.0,-0.0
67370,-0.0,-0.0,-0.0
67394,-0.0,-0.0,-0.0
67419,-0.0,-0.0,-0.0
67444,-0.0,-0.0,-0.0
67468,-0.0,-0.0,-0.0
67497,-0.0,-0.0,-0.0
67521,-0.0,-0.0,-0.0
67546,-0.0,-0.0,-0.0
67571,-0.0,-0.0,-0.0
67595,-0.0,-0.0,-0.0
67620,-0.0,-0.0,-0.0
67644,-0.0,-0.0,-0.0
67669,-0.0,-0.0,-0.0
67694,-0.0,-0.0,-0.0
67718,-0.0,-0.0,-0.0
67747,-0.0,-0.0,-0.0
67771,-0.0,-0.0,-0.0
67796,-0.0,-0.0,-0.0
67821,-0.0,-0.0,-0.0
67845,-0.0,-0.0,-0.0
67870,-0.0,-0.0,-0.0
67894,-0.0,-0.0,-0.0
67918,-0.0,-0.0,-0.0
67943,-0.0,-0.0,-0.0
67968,-0.0,-0.0,-0.0
67997,-0.0,-0.0,-0.0
68021,-0.0,-0.0,-0.0
68045,-0.0,-0.0,-0.0
68071,-0.0,-0.0,-0.0
68095,-0.0,-0.0,-0.0
68119,-0.0,-0.0,-0.0
68144,-0.0,-0.0,-0.0
68168,-0.0,-0.0,-0.0
68193,-0.0,-0.0,-0.0
68218,-0.0,-0.0,-0.0
68242,-0.0,-0.0,-0.0
68271,-0.0,-0.0,-0.0
68296,-0.0,-0.0,-0.0
68320,-0.0,-0.0,-0.0
68345,-0.0,-0.0,-0.0
68369,-0.0,-0.0,-0.0
68394,-0.0,-0.0,-0.0
68418,-0.0,-0.0,-0.0
68443,-0.0,-0.0,-0.0
68468,-0.0,-0.0,-0.0
68492,-0.0,-0.0,-0.0
68521,-0.0,-0.0,-0.0
68545,-0.0,-0.0,-0.0
68570,-0.0,-0.0,-0.0
68595,-0.0,-0.0,-0.0
68619,-0.0,-0.0,-0.0
68644,-0.0,-0.0,-0.0
68668,-0.0,-0.0,-0.0
68693,-0.0,-0.0,-0.0
68718,-0.0,-0.0,-0.0
68742,-0.0,-0.0,-0.0
68771,-0.0,-0.0,-0.0
68795,-0.0,-0.0,-0.0
68820,-0.0,-0.0,-0.0
68845,-0.0,-0.0,-0.0
68869,-0.0,-0.0,-0.0
68894,-0.0,-0.0,-0.0
68918,-0.0,-0.0,-0.0
68942,-0.0,-0.0,-0.0
68967,-0.0,-0.0,-0.0
68992,-0.0,-0.0,-0.0
69021,-0.0,-0.0,-0.0
69045,-0.0,-0.0,-0.0
69070,-0.0,-0.0,-0.0
69094,-0.0,-0.0,-0.0
69119,-0.0,-0.0,-0.0
69143,-0.0,-0.0,-0.0
69168,-0.0,-0.0,-0.0
69193,-0.0,-0.0,-0.0
69218,-0.0,-0.0,-0.0
69241,-0.0,-0.0,-0.0
69271,-0.0,-0.0,-0.0
69295,-0.0,-0.0,-0.0
69319,-0.0,-0.0,-0.0
69344,-0.0,-0.0,-0.0
69369,-0.0,-0.0,-0.0
69393,-0.0,-0.0,-0.0
69418,-0.0,-0.0,-0.0
69442,-0.0,-0.0,-0.0
69467,-0.0,-0.0,-0.0
69491,-0.0,-0.0,-0.0
69516,-0.0,-0.0,-0.0
69545,-0.0,-0.0,-0.0
69569,-0.0,-0.0,-0.0
69594,-0.0,-0.0,-0.0
69618,-0.0,-0.0,-0.0
69643,-0.0,-0.0,-0.0
69668,-0.0,-0.0,-0.0
69692,-0.0,-0.0,-0.0
69717,-0.0,-0.0,-0.0
69741,-0.0,-0.0,-0.0
69766,-0.0,-0.0,-0.0
69795,-0.0,-0.0,-0.0
69819,-0.0,-0.0,-0.0
69844,-0.0,-0.0,-0.0
69868,-0.0,-0.0,-0.0
69893,-0.0,-0.0,-0.0
69918,-0.0,-0.0,-0.0
69942,-0.0,-0.0,-0.0
69967,-0.0,-0.0,-0.0
69991,-0.0,-0.0,-0.0
70016,-0.0,-0.0,-0.0
70044,-0.0,-0.0,-0.0
70069,-0.0,-0.0,-0.0
70093,-0.0,-0.0,-0.0
70118,-0.0,-0.0,-0.0
70143,-0.0,-0.0,-0.0
70167,-0.0,-0.0,-0.0
70192,-0.0,-0.0,-0.0
70216,-0.0,-0.0,-0.0
70241,-0.0,-0.0,-0.0
70265,-0.0,-0.0,-0.0
70295,-0.0,-0.0,-0.0
70319,-0.0,-0.0,-0.0
70343,-0.0,-0.0,-0.0
70369,-0.0,-0.0,-0.0
70392,-0.0,-0.0,-0.0
70417,-0.0,-0.0,-0.0
70441,-0.0,-0.0,-0.0
70467,-0.0,-0.0,-0.0
70491,-0.0,-0.0,-0.0
70515,-0.0,-0.0,-0.0
70544,-0.0,-0.0,-0.0
70569,-0.0,-0.0,-0.0
70593,-0.0,-0.0,-0.0
70618,-0.0,-0.0,-0.0
70643,-0.0,-0.0,-0.0
70667,-0.0,-0.0,-0.0
70691,-0.0,-0.0,-0.0
70716,-0.0,-0.0,-0.0
70740,-0.0,-0.0,-0.0
70765,-0.0,-0.0,-0.0
70790,-0.0,-0.0,-0.0
70819,-0.0,-0.0,-0.0
70843,-0.0,-0.0,-0.0
70868,-0.0,-0.0,-0.0
70892,-0.0,-0.0,-0.0
70917,-0.0,-0.0,-0.0
70941,-0.0,-0.0,-0.0
70966,-0.0,-0.0,-0.0
70990,-0.0,-0.0,-0.0
71015,-0.0,-0.0,-0.0
71040,-0.0,-0.0,-0.0
71068,-0.0,-0.0,-0.0
71093,-0.0,-0.0,-0.0
71117,-0.0,-0.0,-0.0
71142,-0.0,-0.0,-0.0
71167,-0.0,-0.0,-0.0
71191,-0.0,-0.0,-0.0
71216,-0.0,-0.0,-0.0
71240,-0.0,-0.0,-0.0
71265,-0.0,-0.0,-0.0
71290,-0.0,-0.0,-0.0
71318,-0.0,-0.0,-0.0
71343,-0.0,-0.0,-0.0
71367,-0.0,-0.0,-0.0
71392,-0.0,-0.0,-0.0
71417,-0.0,-0.0,-0.0
71441,-0.0,-0.0,-0.0
71466,-0.0,-0.0,-0.0
71490,-0.0,-0.0,-0.0
71515,-0.0,-0.0,-0.0
71539,-0.0,-0.0,-0.0
71568,-0.0,-0.0,-0.0
71593,-0.0,-0.0,-0.0
71617,-0.0,-0.0,-0.0
71642,-0.0,-0.0,-0.0
71667,-0.0,-0.0,-0.0
71691,-0.0,-0.0,-0.0
71716,-0.0,-0.0,-0.0
71740,-0.0,-0.0,-0.0
71765,-0.0,-0.0,-0.0
71789,-0.0,-0.0,-0.0
71818,-0.0,-0.0,-0.0
71842,-0.0,-0.0,-0.0
71867,-0.0,-0.0,-0.0
71892,-0.0,-0.0,-0.0
71916,-0.0,-0.0,-0.0
71941,-0.0,-0.0,-0.0
71966,-0.0,-0.0,-0.0
71990,-0.0,-0.0,-0.0
72014,-0.0,-0.0,-0.0
72039,-0.0,-0.0,-0.0
72064,-0.0,-0.0,-0.0
72092,-0.0,-0.0,-0.0
72117,-0.0,-0.0,-0.0
72141,-0.0,-0.0,-0.0
72166,-0.0,-0.0,-0.0
72190,-0.0,-0.0,-0.0
72215,-0.0,-0.0,-0.0
72240,-0.0,-0.0,-0.0
72264,-0.0,-0.0,-0.0
72289,-0.0,-0.0,-0.0
72313,-0.0,-0.0,-0.0
72342,-0.0,-0.0,-0.0
72366,-0.0,-0.0,-0.0
72391,-0.0,-0.0,-0.0
72416,-0.0,-0.0,-0.0
72440,-0.0,-0.0,-0.0
72465,-0.0,-0.0,-0.0
72490,-0.0,-0.0,-0.0
72514,-0.0,-0.0,-0.0
72539,-0.0,-0.0,-0.0
72563,-0.0,-0.0,-0.0
72592,-0.0,-0.0,-0.0
72617,-0.0,-0.0,-0.0
72641,-0.0,-0.0,-0.0
72666,-0.0,-0.0,-0.0
72690,-0.0,-0.0,-0.0
72715,-0.0,-0.0,-0.0
72740,-0.0,-0.0,-0.0
72764,-0.0,-0.0,-0.0
72789,-0.0,-0.0,-0.0
72813,-0.0,-0.0,-0.0
72841,-0.0,-0.0,-0.0
72866,-0.0,-0.0,-0.0
72891,-0.0,-0.0,-0.0
72915,-0.0,-0.0,-0.0
72940,-0.0,-0.0,-0.0
72964,-0.0,-0.0,-0.0
72989,-0.0,-0.0,-0.0
73014,-0.0,-0.0,-0.0
73038,-0.0,-0.0,-0.0
73063,-0.0,-0.0,-0.0
73091,-0.0,-0.0,-0.0
73116,-0.0,-0.0,-0.0
73141,-0.0,-0.0,-0.0
73165,-0.0,-0.0,-0.0
73190,-0.0,-0.0,-0.0
73214,-0.0,-0.0,-0.0
73240,-0.0,-0.0,-0.0
73263,-0.0,-0.0,-0.0
73288,-0.0,-0.0,-0.0
73313,-0.0,-0.0,-0.0
73338,-0.0,-0.0,-0.0
73366,-0.0,-0.0,-0.0
73390,-0.0,-0.0,-0.0
73415,-0.0,-0.0,-0.0
73440,-0.0,-0.0,-0.0
73465,-0.0,-0.0,-0.0
73489,-0.0,-0.0,-0.0
73514,-0.0,-0.0,-0.0
73538,-0.0,-0.0,-0.0
73563,-0.0,-0.0,-0.0
73588,-0.0,-0.0,-0.0
73616,-0.0,-0.0,-0.0
73640,-0.0,-0.0,-0.0
73665,-0.0,-0.0,-0.0
73690,-0.0,-0.0,-0.0
73715,-0.0,-0.0,-0.0
73739,-0.0,-0.0,-0.0
73764,-0.0,-0.0,-0.0
73788,-0.0,-0.0,-0.0
73812,-0.0,-0.0,-0.0
73837,-0.0,-0.0,-0.0
73866,-0.0,-0.0,-0.0
73890,-0.0,-0.0,-0.0
73915,-0.0,-0.0,-0.0
73939,-0.0,-0.0,-0.0
73964,-0.0,-0.0,-0.0
73989,-0.0,-0.0,-0.0
74014,-0.0,-0.0,-0.0
74038,-0.0,-0.0,-0.0
74063,-0.0,-0.0,-0.0
74088,-0.0,-0.0,-0.0
74115,-0.0,-0.0,-0.0
74140,-0.0,-0.0,-0.0
74165,-0.0,-0.0,-0.0
74189,-0.0,-0.0,-0.0
74214,-0.0,-0.0,-0.0
74239,-0.0,-0.0,-0.0
74263,-0.0,-0.0,-0.0
74288,-0.0,-0.0,-0.0
74312,-0.0,-0.0,-0.0
74338,-0.0,-0.0,-0.0
74365,-0.0,-0.0,-0.0
74390,-0.0,-0.0,-0.0
74414,-0.0,-0.0,-0.0
74439,-0.0,-0.0,-0.0
74464,-0.0,-0.0,-0.0
74488,-0.0,-0.0,-0.0
74513,-0.0,-0.0,-0.0
74537,-0.0,-0.0,-0.0
74562,-0.0,-0.0,-0.0
74586,-0.0,-0.0,-0.0
74611,-0.0,-0.0,-0.0
74640,-0.0,-0.0,-0.0
74664,-0.0,-0.0,-0.0
74689,-0.0,-0.0,-0.0
74714,-0.0,-0.0,-0.0
74738,-0.0,-0.0,-0.0
74763,-0.0,-0.0,-0.0
74787,-0.0,-0.0,-0.0
74812,-0.0,-0.0,-0.0
74836,-0.0,-0.0,-0.0
74861,-0.0,-0.0,-0.0
74890,-0.0,-0.0,-0.0
74914,-0.0,-0.0,-0.0
74939,-0.0,-0.0,-0.0
74964,-0.0,-0.0,-0.0
74988,-0.0,-0.0,-0.0
75013,-0.0,-0.0,-0.0
75038,-0.0,-0.0,-0.0
75062,-0.0,-0.0,-0.0
75086,-0.0,-0.0,-0.0
75111,-0.0,-0.0,-0.0
75139,-0.0,-0.0,-0.0
75164,-0.0,-0.0,-0.0
75189,-0.0,-0.0,-0.0
75214,-0.0,-0.0,-0.0
75238,-0.0,-0.0,-0.0
75263,-0.0,-0.0,-0.0
75287,-0.0,-0.0,-0.0
75312,-0.0,-0.0,-0.0
75336,-0.0,-0.0,-0.0
75361,-0.0,-0.0,-0.0
75389,-0.0,-0.0,-0.0
75414,-0.0,-0.0,-0.0
75438,-0.0,-0.0,-0.0
75463,-0.0,-0.0,-0.0
75488,-0.0,-0.0,-0.0
75512,-0.0,-0.0,-0.0
75538,-0.0,-0.0,-0.0
75562,-0.0,-0.0,-0.0
75586,-0.0,-0.0,-0.0
75610,-0.0,-0.0,-0.0
75639,-0.0,-0.0,-0.0
75664,-0.0,-0.0,-0.0
75688,-0.0,-0.0,-0.0
75713,-0.0,-0.0,-0.0
75737,-0.0,-0.0,-0.0
75762,-0.0,-0.0,-0.0
75787,-0.0,-0.0,-0.0
75811,-0.0,-0.0,-0.0
75836,-0.0,-0.0,-0.0
75861,-0.0,-0.0,-0.0
75885,-0.0,-0.0,-0.0
75913,-0.0,-0.0,-0.0
75938,-0.0,-0.0,-0.0
75963,-0.0,-0.0,-0.0
75987,-0.0,-0.0,-0.0
76012,-0.0,-0.0,-0.0
76037,-0.0,-0.0,-0.0
76061,-0.0,-0.0,-0.0
76085,-0.0,-0.0,-0.0
76110,-0.0,-0.0,-0.0
76135,-0.0,-0.0,-0.0
76163,-0.0,-0.0,-0.0
76188,-0.0,-0.0,-0.0
76213,-0.0,-0.0,-0.0
76237,-0.0,-0.0,-0.0
76262,-0.0,-0.0,-0.0
76286,-0.0,-0.0,-0.0
76311,-0.0,-0.0,-0.0
76336,-0.0,-0.0,-0.0
76360,-0.0,-0.0,-0.0
76385,-0.0,-0.0,-0.0
76413,-0.0,-0.0,-0.0
76438,-0.0,-0.0,-0.0
76463,-0.0,-0.0,-0.0
76488,-0.0,-0.0,-0.0
76512,-0.0,-0.0,-0.0
76537,-0.0,-0.0,-0.0
76561,-0.0,-0.0,-0.0
76586,-0.0,-0.0,-0.0
76610,-0.0,-0.0,-0.0
76635,-0.0,-0.0,-0.0
76663,-0.0,-0.0,-0.0
76688,-0.0,-0.0,-0.0
76712,-0.0,-0.0,-0.0
76737,-0.0,-0.0,-0.0
76762,-0.0,-0.0,-0.0
76786,-0.0,-0.0,-0.0
76810,-0.0,-0.0,-0.0
76835,-0.0,-0.0,-0.0
76860,-0.0,-0.0,-0.0
76884,-0.0,-0.0,-0.0
76909,-0.0,-0.0,-0.0
76937,-0.0,-0.0,-0.0
76962,-0.0,-0.0,-0.0
76987,-0.0,-0.0,-0.0
77011,-0.0,-0.0,-0.0
77036,-0.0,-0.0,-0.0
77060,-0.0,-0.0,-0.0
77085,-0.0,-0.0,-0.0
77109,-0.0,-0.0,-0.0
77134,-0.0,-0.0,-0.0
77159,-0.0,-0.0,-0.0
77187,-0.0,-0.0,-0.0
77212,-0.0,-0.0,-0.0
77236,-0.0,-0.0,-0.0
77261,-0.0,-0.0,-0.0
77286,-0.0,-0.0,-0.0
77310,-0.0,-0.0,-0.0
77335,-0.0,-0.0,-0.0
77360,-0.0,-0.0,-0.0
77384,-0.0,-0.0,-0.0
77409,-0.0,-0.0,-0.0
77437,-0.0,-0.0,-0.0
77462,-0.0,-0.0,-0.0
77487,-0.0,-0.0,-0.0
77511,-0.0,-0.0,-0.0
77536,-0.0,-0.0,-0.0
77560,-0.0,-0.0,-0.0
77585,-0.0,-0.0,-0.0
77610,-0.0,-0.0,-0.0
77634,-0.0,-0.0,-0.0
77659,-0.0,-0.0,-0.0
77687,-0.0,-0.0,-0.0
77712,-0.0,-0.0,-0.0
77736,-0.0,-0.0,-0.0
77761,-0.0,-0.0,-0.0
77786,-0.0,-0.0,-0.0
77810,-0.0,-0.0,-0.0
77835,-0.0,-0.0,-0.0
77859,-0.0,-0.0,-0.0
77884,-0.0,-0.0,-0.0
77908,-0.0,-0.0,-0.0
77937,-0.0,-0.0,-0.0
77961,-0.0,-0.0,-0.0
77986,-0.0,-0.0,-0.0
78011,-0.0,-0.0,-0.0
78035,-0.0,-0.0,-0.0
78060,-0.0,-0.0,-0.0
78085,-0.0,-0.0,-0.0
78109,-0.0,-0.0,-0.0
78134,-0.0,-0.0,-0.0
78158,-0.0,-0.0,-0.0
78187,-0.0,-0.0,-0.0
78211,-0.0,-0.0,-0.0
78236,-0.0,-0.0,-0.0
78261,-0.0,-0.0,-0.0
78285,-0.0,-0.0,-0.0
78310,-0.0,-0.0,-0.0
78335,-0.0,-0.0,-0.0
78359,-0.0,-0.0,-0.0
78384,-0.0,-0.0,-0.0
78408,-0.0,-0.0,-0.0
78433,-0.0,-0.0,-0.0
78461,-0.0,-0.0,-0.0
78486,-0.0,-0.0,-0.0
78511,-0.0,-0.0,-0.0
78535,-0.0,-0.0,-0.0
78559,-0.0,-0.0,-0.0
78584,-0.0,-0.0,-0.0
78609,-0.0,-0.0,-0.0
78633,-0.0,-0.0,-0.0
78658,-0.0,-0.0,-0.0
78683,-0.0,-0.0,-0.0
78711,-0.0,-0.0,-0.0
78736,-0.0,-0.0,-0.0
78760,-0.0,-0.0,-0.0
78785,-0.0,-0.0,-0.0
78810,-0.0,-0.0,-0.0
78834,-0.0,-0.0,-0.0
78859,-0.0,-0.0,-0.0
78883,-0.0,-0.0,-0.0
78908,-0.0,-0.0,-0.0
78932,-0.0,-0.0,-0.0
78961,-0.0,-0.0,-0.0
78985,-0.0,-0.0,-0.0
79010,-0.0,-0.0,-0.0
79034,-0.0,-0.0,-0.0
79059,-0.0,-0.0,-0.0
79086,-0.0,-0.0,-0.0
79108,-0.0,-0.0,-0.0
79133,-0.0,-0.0,-0.0
79157,-0.0,-0.0,-0.0
79182,-0.0,-0.0,-0.0
79211,-0.0,-0.0,-0.0
79235,-0.0,-0.0,-0.0
79260,-0.0,-0.0,-0.0
79284,-0.0,-0.0,-0.0
79309,-0.0,-0.0,-0.0
79334,-0.0,-0.0,-0.0
79358,-0.0,-0.0,-0.0
79383,-0.0,-0.0,-0.0
79407,-0.0,-0.0,-0.0
79432,-0.0,-0.0,-0.0
79456,-0.0,-0.0,-0.0
79485,-0.0,-0.0,-0.0
79510,-0.0,-0.0,-0.0
79534,-0.0,-0.0,-0.0
79559,-0.0,-0.0,-0.0
79583,-0.0,-0.0,-0.0
79608,-0.0,-0.0,-0.0
79633,-0.0,-0.0,-0.0
79657,-0.0,-0.0,-0.0
79682,-0.0,-0.0,-0.0
79706,-0.0,-0.0,-0.0
79735,-0.0,-0.0,-0.0
79760,-0.0,-0.0,-0.0
79784,-0.0,-0.0,-0.0
79809,-0.0,-0.0,-0.0
79833,-0.0,-0.0,-0.0
79858,-0.0,-0.0,-0.0
79883,-0.0,-0.0,-0.0
79907,-0.0,-0.0,-0.0
79932,-0.0,-0.0,-0.0
79956,-0.0,-0.0,-0.0
79985,-0.0,-0.0,-0.0
80009,-0.0,-0.0,-0.0
80034,-0.0,-0.0,-0.0
80059,-0.0,-0.0,-0.0
80083,-0.0,-0.0,-0.0
80107,-0.0,-0.0,-0.0
80132,-0.0,-0.0,-0.0
80157,-0.0,-0.0,-0.0
80182,-0.0,-0.0,-0.0
80206,-0.0,-0.0,-0.0
80235,-0.0,-0.0,-0.0
80259,-0.0,-0.0,-0.0
80284,-0.0,-0.0,-0.0
80308,-0.0,-0.0,-0.0
80333,-0.0,-0.0,-0.0
80357,-0.0,-0.0,-0.0
80382,-0.0,-0.0,-0.0
80407,-0.0,-0.0,-0.0
80431,-0.0,-0.0,-0.0
80456,-0.0,-0.0,-0.0
80484,-0.0,-0.0,-0.0
80509,-0.0,-0.0,-0.0
80534,-0.0,-0.0,-0.0
80558,-0.0,-0.0,-0.0
80583,-0.0,-0.0,-0.0
80607,-0.0,-0.0,-0.0
80632,-0.0,-0.0,-0.0
80656,-0.0,-0.0,-0.0
80681,-0.0,-0.0,-0.0
80706,-0.0,-0.0,-0.0
80730,-0.0,-0.0,-0.0
80759,-0.0,-0.0,-0.0
80784,-0.0,-0.0,-0.0
80808,-0.0,-0.0,-0.0
80833,-0.0,-0.0,-0.0
80857,-0.0,-0.0,-0.0
80882,-0.0,-0.0,-0.0
80906,-0.0,-0.0,-0.0
80931,-0.0,-0.0,-0.0
80956,-0.0,-0.0,-0.0
80980,-0.0,-0.0,-0.0
81009,-0.0,-0.0,-0.0
81033,-0.0,-0.0,-0.0
81058,-0.0,-0.0,-0.0
81082,-0.0,-0.0,-0.0
81107,-0.0,-0.0,-0.0
81132,-0.0,-0.0,-0.0
81156,-0.0,-0.0,-0.0
81181,-0.0,-0.0,-0.0
81205,-0.0,-0.0,-0.0
81230,-0.0,-0.0,-0.0
81259,-0.0,-0.0,-0.0
81283,-0.0,-0.0,-0.0
81307,-0.0,-0.0,-0.0
81332,-0.0,-0.0,-0.0
81357,-0.0,-0.0,-0.0
81382,-0.0,-0.0,-0.0
81406,-0.0,-0.0,-0.0
81431,-0.0,-0.0,-0.0
81455,-0.0,-0.0,-0.0
81480,-0.0,-0.0,-0.0
81508,-0.0,-0.0,-0.0
81533,-0.0,-0.0,-0.0
81557,-0.0,-0.0,-0.0
81582,-0.0,-0.0,-0.0
81607,-0.0,-0.0,-0.0
81631,-0.0,-0.0,-0.0
81656,-0.0,-0.0,-0.0
81681,-0.0,-0.0,-0.0
81705,-0.0,-0.0,-0.0
81730,-0.0,-0.0,-0.0
81758,-0.0,-0.0,-0.0
81783,-0.0,-0.0,-0.0
81807,-0.0,-0.0,-0.0
81832,-0.0,-0.0,-0.0
81856,-0.0,-0.0,-0.0
81882,-0.0,-0.0,-0.0
81906,-0.0,-0.0,-0.0
81930,-0.0,-0.0,-0.0
81955,-0.0,-0.0,-0.0
81980,-0.0,-0.0,-0.0
82004,-0.0,-0.0,-0.0
82033,-0.0,-0.0,-0.0
82057,-0.0,-0.0,-0.0
82082,-0.0,-0.0,-0.0
82106,-0.0,-0.0,-0.0
82131,-0.0,-0.0,-0.0
82156,-0.0,-0.0,-0.0
82180,-0.0,-0.0,-0.0
82205,-0.0,-0.0,-0.0
82230,-0.0,-0.0,-0.0
82254,-0.0,-0.0,-0.0
82282,-0.0,-0.0,-0.0
82307,-0.0,-0.0,-0.0
82332,-0.0,-0.0,-0.0
82356,-0.0,-0.0,-0.0
82381,-0.0,-0.0,-0.0
82406,-0.0,-0.0,-0.0
82430,-0.0,-0.0,-0.0
82455,-0.0,-0.0,-0.0
82479,-0.0,-0.0,-0.0
82504,-0.0,-0.0,-0.0
82532,-0.0,-0.0,-0.0
82557,-0.0,-0.0,-0.0
82581,-0.0,-0.0,-0.0
82606,-0.0,-0.0,-0.0
82631,-0.0,-0.0,-0.0
82655,-0.0,-0.0,-0.0
82680,-0.0,-0.0,-0.0
82705,-0.0,-0.0,-0.0
82729,-0.0,-0.0,-0.0
82754,-0.0,-0.0,-0.0
82782,-0.0,-0.0,-0.0
82807,-0.0,-0.0,-0.0
82832,-0.0,-0.0,-0.0
82856,-0.0,-0.0,-0.0
82881,-0.0,-0.0,-0.0
82905,-0.0,-0.0,-0.0
82930,-0.0,-0.0,-0.0
82954,-0.0,-0.0,-0.0
82979,-0.0,-0.0,-0.0
83004,-0.0,-0.0,-0.0
83032,-0.0,-0.0,-0.0
83056,-0.0,-0.0,-0.0
83081,-0.0,-0.0,-0.0
83106,-0.0,-0.0,-0.0
83131,-0.0,-0.0,-0.0
83155,-0.0,-0.0,-0.0
83180,-0.0,-0.0,-0.0
83204,-0.0,-0.0,-0.0
83228,-0.0,-0.0,-0.0
83253,-0.0,-0.0,-0.0
83278,-0.0,-0.0,-0.0
83306,-0.0,-0.0,-0.0
83331,-0.0,-0.0,-0.0
83356,-0.0,-0.0,-0.0
83380,-0.0,-0.0,-0.0
83405,-0.0,-0.0,-0.0
83429,-0.0,-0.0,-0.0
83454,-0.0,-0.0,-0.0
83478,-0.0,-0.0,-0.0
83503,-0.0,-0.0,-0.0
83528,-0.0,-0.0,-0.0
83556,-0.0,-0.0,-0.0
83581,-0.0,-0.0,-0.0
83605,-0.0,-0.0,-0.0
83630,-0.0,-0.0,-0.0
83655,-0.0,-0.0,-0.0
83679,-0.0,-0.0,-0.0
83704,-0.0,-0.0,-0.0
83729,-0.0,-0.0,-0.0
83753,-0.0,-0.0,-0.0
83778,-0.0,-0.0,-0.0
83806,-0.0,-0.0,-0.0
83831,-0.0,-0.0,-0.0
83855,-0.0,-0.0,-0.0
83880,-0.0,-0.0,-0.0
83904,-0.0,-0.0,-0.0
83929,-0.0,-0.0,-0.0
83954,-0.0,-0.0,-0.0
83978,-0.0,-0.0,-0.0
84003,-0.0,-0.0,-0.0
84028,-0.0,-0.0,-0.0
84056,-0.0,-0.0,-0.0
84081,-0.0,-0.0,-0.0
84105,-0.0,-0.0,-0.0
84130,-0.0,-0.0,-0.0
84154,-0.0,-0.0,-0.0
84179,-0.0,-0.0,-0.0
84203,-0.0,-0.0,-0.0
84228,-0.0,-0.0,-0.0
84253,-0.0,-0.0,-0.0
84277,-0.0,-0.0,-0.0
84306,-0.0,-0.0,-0.0
84331,-0.0,-0.0,-0.0
84355,-0.0,-0.0,-0.0
84380,-0.0,-0.0,-0.0
84404,-0.0,-0.0,-0.0
84429,-0.0,-0.0,-0.0
84454,-0.0,-0.0,-0.0
84478,-0.0,-0.0,-0.0
84503,-0.0,-0.0,-0.0
84527,-0.0,-0.0,-0.0
84552,-0.0,-0.0,-0.0
84580,-0.0,-0.0,-0.0
84605,-0.0,-0.0,-0.0
84630,-0.0,-0.0,-0.0
84654,-0.0,-0.0,-0.0
84679,-0.0,-0.0,-0.0
84704,-0.0,-0.0,-0.0
84728,-0.0,-0.0,-0.0
84752,-0.0,-0.0,-0.0
84777,-0.0,-0.0,-0.0
84802,-0.0,-0.0,-0.0
84830,-0.0,-0.0,-0.0
84855,-0.0,-0.0,-0.0
84879,-0.0,-0.0,-0.0
84904,-0.0,-0.0,-0.0
84929,-0.0,-0.0,-0.0
84953,-0.0,-0.0,-0.0
84978,-0.0,-0.0,-0.0
85002,-0.0,-0.0,-0.0
85027,-0.0,-0.0,-0.0
85052,-0.0,-0.0,-0.0
85080,-0.0,-0.0,-0.0
85104,-0.0,-0.0,-0.0
85129,-0.0,-0.0,-0.0
85154,-0.0,-0.0,-0.0
85179,-0.0,-0.0,-0.0
85203,-0.0,-0.0,-0.0
85228,-0.0,-0.0,-0.0
85252,-0.0,-0.0,-0.0
85277,-0.0,-0.0,-0.0
85301,-0.0,-0.0,-0.0
85330,-0.0,-0.0,-0.0
85354,-0.0,-0.0,-0.0
85379,-0.0,-0.0,-0.0
85403,-0.0,-0.0,-0.0
85428,-0.0,-0.0,-0.0
85453,-0.0,-0.0,-0.0
85478,-0.0,-0.0,-0.0
85502,-0.0,-0.0,-0.0
85526,-0.0,-0.0,-0.0
85551,-0.0,-0.0,-0.0
85580,-0.0,-0.0,-0.0
85604,-0.0,-0.0,-0.0
85629,-0.0,-0.0,-0.0
85653,-0.0,-0.0,-0.0
85678,-0.0,-0.0,-0.0
85702,-0.0,-0.0,-0.0
85727,-0.0,-0.0,-0.0
85751,-0.0,-0.0,-0.0
85776,-0.0,-0.0,-0.0
85801,-0.0,-0.0,-0.0
85826,-0.0,-0.0,-0.0
85854,-0.0,-0.0,-0.0
85879,-0.0,-0.0,-0.0
85903,-0.0,-0.0,-0.0
85928,-0.0,-0.0,-0.0
85952,-0.0,-0.0,-0.0
85977,-0.0,-0.0,-0.0
86002,-0.0,-0.0,-0.0
86026,-0.0,-0.0,-0.0
86051,-0.0,-0.0,-0.0
86075,-0.0,-0.0,-0.0
86104,-0.0,-0.0,-0.0
86129,-0.0,-0.0,-0.0
86153,-0.0,-0.0,-0.0
86178,-0.0,-0.0,-0.0
86202,-0.0,-0.0,-0.0
86227,-0.0,-0.0,-0.0
86251,-0.0,-0.0,-0.0
86276,-0.0,-0.0,-0.0
86301,-0.0,-0.0,-0.0
86325,-0.0,-0.0,-0.0
86354,-0.0,-0.0,-0.0
86378,-0.0,-0.0,-0.0
86403,-0.0,-0.0,-0.0
86427,-0.0,-0.0,-0.0
86452,-0.0,-0.0,-0.0
86477,-0.0,-0.0,-0.0
86501,-0.0,-0.0,-0.0
86526,-0.0,-0.0,-0.0
86551,-0.0,-0.0,-0.0
86575,-0.0,-0.0,-0.0
86603,-0.0,-0.0,-0.0
86628,-0.0,-0.0,-0.0
86653,-0.0,-0.0,-0.0
86678,-0.0,-0.0,-0.0
86702,-0.0,-0.0,-0.0
86726,-0.0,-0.0,-0.0
86751,-0.0,-0.0,-0.0
86775,-0.0,-0.0,-0.0
86800,-0.0,-0.0,-0.0
86825,-0.0,-0.0,-0.0
86853,-0.0,-0.0,-0.0
86878,-0.0,-0.0,-0.0
86903,-0.0,-0.0,-0.0
86927,-0.0,-0.0,-0.0
86952,-0.0,-0.0,-0.0
86977,-0.0,-0.0,-0.0
87001,-0.0,-0.0,-0.0
87026,-0.0,-0.0,-0.0
87050,-0.0,-0.0,-0.0
87075,-0.0,-0.0,-0.0
87099,-0.0,-0.0,-0.0
87128,-0.0,-0.0,-0.0
87153,-0.0,-0.0,-0.0
87178,-0.0,-0.0,-0.0
87202,-0.0,-0.0,-0.0
87226,-0.0,-0.0,-0.0
87251,-0.0,-0.0,-0.0
87275,-0.0,-0.0,-0.0
87300,-0.0,-0.0,-0.0
87324,-0.0,-0.0,-0.0
87349,-0.0,-0.0,-0.0
87378,-0.0,-0.0,-0.0
87403,-0.0,-0.0,-0.0
87427,-0.0,-0.0,-0.0
87451,-0.0,-0.0,-0.0
87476,-0.0,-0.0,-0.0
87501,-0.0,-0.0,-0.0
87525,-0.0,-0.0,-0.0
87550,-0.0,-0.0,-0.0
87574,-0.0,-0.0,-0.0
87599,-0.0,-0.0,-0.0
87628,-0.0,-0.0,-0.0
87652,-0.0,-0.0,-0.0
87677,-0.0,-0.0,-0.0
87701,-0.0,-0.0,-0.0
87726,-0.0,-0.0,-0.0
87751,-0.0,-0.0,-0.0
87775,-0.0,-0.0,-0.0
87800,-0.0,-0.0,-0.0
87824,-0.0,-0.0,-0.0
87849,-0.0,-0.0,-0.0
87878,-0.0,-0.0,-0.0
87902,-0.0,-0.0,-0.0
87926,-0.0,-0.0,-0.0
87951,-0.0,-0.0,-0.0
87976,-0.0,-0.0,-0.0
88000,-0.0,-0.0,-0.0
88025,-0.0,-0.0,-0.0
88049,-0.0,-0.0,-0.0
88074,-0.0,-0.0,-0.0
88099,-0.0,-0.0,-0.0
88127,-0.0,-0.0,-0.0
88152,-0.0,-0.0,-0.0
88177,-0.0,-0.0,-0.0
88201,-0.0,-0.0,-0.0
88226,-0.0,-0.0,-0.0
88250,-0.0,-0.0,-0.0
88276,-0.0,-0.0,-0.0
88300,-0.0,-0.0,-0.0
88324,-0.0,-0.0,-0.0
88349,-0.0,-0.0,-0.0
88373,-0.0,-0.0,-0.0
88402,-0.0,-0.0,-0.0
88426,-0.0,-0.0,-0.0
88451,-0.0,-0.0,-0.0
88476,-0.0,-0.0,-0.0
88500,-0.0,-0.0,-0.0
88524,-0.0,-0.0,-0.0
88549,-0.0,-0.0,-0.0
88574,-0.0,-0.0,-0.0
88599,-0.0,-0.0,-0.0
88623,-0.0,-0.0,-0.0
88651,-0.0,-0.0,-0.0
88676,-0.0,-0.0,-0.0
88701,-0.0,-0.0,-0.0
88725,-0.0,-0.0,-0.0
88750,-0.0,-0.0,-0.0
88774,-0.0,-0.0,-0.0
88799,-0.0,-0.0,-0.0
88823,-0.0,-0.0,-0.0
88848,-0.0,-0.0,-0.0
88873,-0.0,-0.0,-0.0
88901,-0.0,-0.0,-0.0
88926,-0.0,-0.0,-0.0
88950,-0.0,-0.0,-0.0
88975,-0.0,-0.0,-0.0
89000,-0.0,-0.0,-0.0
89024,-0.0,-0.0,-0.0
89049,-0.0,-0.0,-0.0
89073,-0.0,-0.0,-0.0
89098,-0.0,-0.0,-0.0
89123,-0.0,-0.0,-0.0
89151,-0.0,-0.0,-0.0
89176,-0.0,-0.0,-0.0
89200,-0.0,-0.0,-0.0
89225,-0.0,-0.0,-0.0
89250,-0.0,-0.0,-0.0
89274,-0.0,-0.0,-0.0
89299,-0.0,-0.0,-0.0
89323,-0.0,-0.0,-0.0
89348,-0.0,-0.0,-0.0
89373,-0.0,-0.0,-0.0
89401,-0.0,-0.0,-0.0
89426,-0.0,-0.0,-0.0
89450,-0.0,-0.0,-0.0
89475,-0.0,-0.0,-0.0
89500,-0.0,-0.0,-0.0
89524,-0.0,-0.0,-0.0
89549,-0.0,-0.0,-0.0
89573,-0.0,-0.0,-0.0
89598,-0.0,-0.0,-0.0
89622,-0.0,-0.0,-0.0
89647,-0.0,-0.0,-0.0
89676,-0.0,-0.0,-0.0
89700,-0.0,-0.0,-0.0
89724,-0.0,-0.0,-0.0
89749,-0.0,-0.0,-0.0
89774,-0.0,-0.0,-0.0
89799,-0.0,-0.0,-0.0
89823,-0.0,-0.0,-0.0
89848,-0.0,-0.0,-0.0
89872,-0.0,-0.0,-0.0
89897,-0.0,-0.0,-0.0
89925,-0.0,-0.0,-0.0
89950,-0.0,-0.0,-0.0
89974,-0.0,-0.0,-0.0
89999,-0.0,-0.0,-0.0
90023,-0.0,-0.0,-0.0
90048,-0.0,-0.0,-0.0
90073,-0.0,-0.0,-0.0
90097,-0.0,-0.0,-0.0
90122,-0.0,-0.0,-0.0
90146,-0.0,-0.0,-0.0
90175,-0.0,-0.0,-0.0
90200,-0.0,-0.0,-0.0
90224,-0.0,-0.0,-0.0
90249,-0.0,-0.0,-0.0
90273,-0.0,-0.0,-0.0
90298,-0.0,-0.0,-0.0
90322,-0.0,-0.0,-0.0
90347,-0.0,-0.0,-0.0
90372,-0.0,-0.0,-0.0
90397,-0.0,-0.0,-0.0
90425,-0.0,-0.0,-0.0
90449,-0.0,-0.0,-0.0
90474,-0.0,-0.0,-0.0
90499,-0.0,-0.0,-0.0
90523,-0.0,-0.0,-0.0
90548,-0.0,-0.0,-0.0
90572,-0.0,-0.0,-0.0
90597,-0.0,-0.0,-0.0
90622,-0.0,-0.0,-0.0
90647,-0.0,-0.0,-0.0
90675,-0.0,-0.0,-0.0
90699,-0.0,-0.0,-0.0
90724,-0.0,-0.0,-0.0
90749,-0.0,-0.0,-0.0
90773,-0.0,-0.0,-0.0
90798,-0.0,-0.0,-0.0
90823,-0.0,-0.0,-0.0
90847,-0.0,-0.0,-0.0
90871,-0.0,-0.0,-0.0
90896,-0.0,-0.0,-0.0
90921,-0.0,-0.0,-0.0
90949,-0.0,-0.0,-0.0
90974,-0.0,-0.0,-0.0
90998,-0.0,-0.0,-0.0
91023,-0.0,-0.0,-0.0
91047,-0.0,-0.0,-0.0
91072,-0.0,-0.0,-0.0
91097,-0.0,-0.0,-0.0
91121,-0.0,-0.0,-0.0
91146,-0.0,-0.0,-0.0
91171,-0.0,-0.0,-0.0
91199,-0.0,-0.0,-0.0
91223,-0.0,-0.0,-0.0
91248,-0.0,-0.0,-0.0
91273,-0.0,-0.0,-0.0
91298,-0.0,-0.0,-0.0
91322,-0.0,-0.0,-0.0
91347,-0.0,-0.0,-0.0
91371,-0.0,-0.0,-0.0
91396,-0.0,-0.0,-0.0
91420,-0.0,-0.0,-0.0
91449,-0.0,-0.0,-0.0
91473,-0.0,-0.0,-0.0
91498,-0.0,-0.0,-0.0
91522,-0.0,-0.0,-0.0
91547,-0.0,-0.0,-0.0
91572,-0.0,-0.0,-0.0
91597,-0.0,-0.0,-0.0
91621,-0.0,-0.0,-0.0
91646,-0.0,-0.0,-0.0
91670,-0.0,-0.0,-0.0
91699,-0.0,-0.0,-0.0
91723,-0.0,-0.0,-0.0
91748,-0.0,-0.0,-0.0
91772,-0.0,-0.0,-0.0
91797,-0.0,-0.0,-0.0
91822,-0.0,-0.0,-0.0
91846,-0.0,-0.0,-0.0
91871,-0.0,-0.0,-0.0
91896,-0.0,-0.0,-0.0
91920,-0.0,-0.0,-0.0
91949,-0.0,-0.0,-0.0
91973,-0.0,-0.0,-0.0
91998,-0.0,-0.0,-0.0
92023,-0.0,-0.0,-0.0
92047,-0.0,-0.0,-0.0
92071,-0.0,-0.0,-0.0
92096,-0.0,-0.0,-0.0
92121,-0.0,-0.0,-0.0
92145,-0.0,-0.0,-0.0
92170,-0.0,-0.0,-0.0
92194,-0.0,-0.0,-0.0
92223,-0.0,-0.0,-0.0
92247,-0.0,-0.0,-0.0
92272,-0.0,-0.0,-0.0
92297,-0.0,-0.0,-0.0
92321,-0.0,-0.0,-0.0
92346,-0.0,-0.0,-0.0
92371,-0.0,-0.0,-0.0
92395,-0.0,-0.0,-0.0
92420,-0.0,-0.0,-0.0
92444,-0.0,-0.0,-0.0
92473,-0.0,-0.0,-0.0
92497,-0.0,-0.0,-0.0
92522,-0.0,-0.0,-0.0
92547,-0.0,-0.0,-0.0
92571,-0.0,-0.0,-0.0
92596,-0.0,-0.0,-0.0
92621,-0.0,-0.0,-0.0
92645,-0.0,-0.0,-0.0
92669,-0.0,-0.0,-0.0
92694,-0.0,-0.0,-0.0
92722,-0.0,-0.0,-0.0
92747,-0.0,-0.0,-0.0
92772,-0.0,-0.0,-0.0
92796,-0.0,-0.0,-0.0
92821,-0.0,-0.0,-0.0
92846,-0.0,-0.0,-0.0
92870,-0.0,-0.0,-0.0
92895,-0.0,-0.0,-0.0
92919,-0.0,-0.0,-0.0
92944,-0.0,-0.0,-0.0
92972,-0.0,-0.0,-0.0
92997,-0.0,-0.0,-0.0
93021,-0.0,-0.0,-0.0
93046,-0.0,-0.0,-0.0
93071,-0.0,-0.0,-0.0
93095,-0.0,-0.0,-0.0
93120,-0.0,-0.0,-0.0
93145,-0.0,-0.0,-0.0
93169,-0.0,-0.0,-0.0
93194,-0.0,-0.0,-0.0
93218,-0.0,-0.0,-0.0
93247,-0.0,-0.0,-0.0
93271,-0.0,-0.0,-0.0
93296,-0.0,-0.0,-0.0
93321,-0.0,-0.0,-0.0
93345,-0.0,-0.0,-0.0
93370,-0.0,-0.0,-0.0
93394,-0.0,-0.0,-0.0
93419,-0.0,-0.0,-0.0
93444,-0.0,-0.0,-0.0
93468,-0.0,-0.0,-0.0
93497,-0.0,-0.0,-0.0
93521,-0.0,-0.0,-0.0
93546,-0.0,-0.0,-0.0
93570,-0.0,-0.0,-0.0
93595,-0.0,-0.0,-0.0
93620,-0.0,-0.0,-0.0
93644,-0.0,-0.0,-0.0
93669,-0.0,-0.0,-0.0
93693,-0.0,-0.0,-0.0
93718,-0.0,-0.0,-0.0
93746,-0.0,-0.0,-0.0
93771,-0.0,-0.0,-0.0
93796,-0.0,-0.0,-0.0
93820,-0.0,-0.0,-0.0
93845,-0.0,-0.0,-0.0
93869,-0.0,-0.0,-0.0
93894,-0.0,-0.0,-0.0
93919,-0.0,-0.0,-0.0
93944,-0.0,-0.0,-0.0
93968,-0.0,-0.0,-0.0
93997,-0.0,-0.0,-0.0
94021,-0.0,-0.0,-0.0
94045,-0.0,-0.0,-0.0
94070,-0.0,-0.0,-0.0
94095,-0.0,-0.0,-0.0
94120,-0.0,-0.0,-0.0
94144,-0.0,-0.0,-0.0
94168,-0.0,-0.0,-0.0
94193,-0.0,-0.0,-0.0
94218,-0.0,-0.0,-0.0
94246,-0.0,-0.0,-0.0
94271,-0.0,-0.0,-0.0
94296,-0.0,-0.0,-0.0
94320,-0.0,-0.0,-0.0
94345,-0.0,-0.0,-0.0
94369,-0.0,-0.0,-0.0
94394,-0.0,-0.0,-0.0
94419,-0.0,-0.0,-0.0
94443,-0.0,-0.0,-0.0
94468,-0.0,-0.0,-0.0
94496,-0.0,-0.0,-0.0
94521,-0.0,-0.0,-0.0
94545,-0.0,-0.0,-0.0
94570,-0.0,-0.0,-0.0
94595,-0.0,-0.0,-0.0
94619,-0.0,-0.0,-0.0
94644,-0.0,-0.0,-0.0
94668,-0.0,-0.0,-0.0
94693,-0.0,-0.0,-0.0
94717,-0.0,-0.0,-0.0
94743,-0.0,-0.0,-0.0
94770,-0.0,-0.0,-0.0
94795,-0.0,-0.0,-0.0
94820,-0.0,-0.0,-0.0
94845,-0.0,-0.0,-0.0
94869,-0.0,-0.0,-0.0
94893,-0.0,-0.0,-0.0
94918,-0.0,-0.0,-0.0
94943,-0.0,-0.0,-0.0
94968,-0.0,-0.0,-0.0
94992,-0.0,-0.0,-0.0
95020,-0.0,-0.0,-0.0
95045,-0.0,-0.0,-0.0
95070,-0.0,-0.0,-0.0
95094,-0.0,-0.0,-0.0
95119,-0.0,-0.0,-0.0
95143,-0.0,-0.0,-0.0
95168,-0.0,-0.0,-0.0
95193,-0.0,-0.0,-0.0
95217,-0.0,-0.0,-0.0
95242,-0.0,-0.0,-0.0
95270,-0.0,-0.0,-0.0
95295,-0.0,-0.0,-0.0
95320,-0.0,-0.0,-0.0
95344,-0.0,-0.0,-0.0
95368,-0.0,-0.0,-0.0
95393,-0.0,-0.0,-0.0
95418,-0.0,-0.0,-0.0
95442,-0.0,-0.0,-0.0
95467,-0.0,-0.0,-0.0
95491,-0.0,-0.0,-0.0
95520,-0.0,-0.0,-0.0
95545,-0.0,-0.0,-0.0
95570,-0.0,-0.0,-0.0
95594,-0.0,-0.0,-0.0
95619,-0.0,-0.0,-0.0
95643,-0.0,-0.0,-0.0
95668,-0.0,-0.0,-0.0
95692,-0.0,-0.0,-0.0
95717,-0.0,-0.0,-0.0
95741,-0.0,-0.0,-0.0
95766,-0.0,-0.0,-0.0
95795,-0.0,-0.0,-0.0
95819,-0.0,-0.0,-0.0
95844,-0.0,-0.0,-0.0
95868,-0.0,-0.0,-0.0
95893,-0.0,-0.0,-0.0
95917,-0.0,-0.0,-0.0
95942,-0.0,-0.0,-0.0
95967,-0.0,-0.0,-0.0
95991,-0.0,-0.0,-0.0
96016,-0.0,-0.0,-0.0
96044,-0.0,-0.0,-0.0
96069,-0.0,-0.0,-0.0
96094,-0.0,-0.0,-0.0
96118,-0.0,-0.0,-0.0
96143,-0.0,-0.0,-0.0
96167,-0.0,-0.0,-0.0
96192,-0.0,-0.0,-0.0
96217,-0.0,-0.0,-0.0
96241,-0.0,-0.0,-0.0
96266,-0.0,-0.0,-0.0
96294,-0.0,-0.0,-0.0
96319,-0.0,-0.0,-0.0
96344,-0.0,-0.0,-0.0
96368,-0.0,-0.0,-0.0
96393,-0.0,-0.0,-0.0
96417,-0.0,-0.0,-0.0
96442,-0.0,-0.0,-0.0
96466,-0.0,-0.0,-0.0
96491,-0.0,-0.0,-0.0
96516,-0.0,-0.0,-0.0
96544,-0.0,-0.0,-0.0
96569,-0.0,-0.0,-0.0
96593,-0.0,-0.0,-0.0
96618,-0.0,-0.0,-0.0
96643,-0.0,-0.0,-0.0
96667,-0.0,-0.0,-0.0
96692,-0.0,-0.0,-0.0
96716,-0.0,-0.0,-0.0
96741,-0.0,-0.0,-0.0
96765,-0.0,-0.0,-0.0
96794,-0.0,-0.0,-0.0
96818,-0.0,-0.0,-0.0
96843,-0.0,-0.0,-0.0
96867,-0.0,-0.0,-0.0
96892,-0.0,-0.0,-0.0
96917,-0.0,-0.0,-0.0
96942,-0.0,-0.0,-0.0
96966,-0.0,-0.0,-0.0
96990,-0.0,-0.0,-0.0
97015,-0.0,-0.0,-0.0
97039,-0.0,-0.0,-0.0
97068,-0.0,-0.0,-0.0
97093,-0.0,-0.0,-0.0
97117,-0.0,-0.0,-0.0
97142,-0.0,-0.0,-0.0
97167,-0.0,-0.0,-0.0
97191,-0.0,-0.0,-0.0
97216,-0.0,-0.0,-0.0
97240,-0.0,-0.0,-0.0
97265,-0.0,-0.0,-0.0
97289,-0.0,-0.0,-0.0
97318,-0.0,-0.0,-0.0
97343,-0.0,-0.0,-0.0
97367,-0.0,-0.0,-0.0
97392,-0.0,-0.0,-0.0
97417,-0.0,-0.0,-0.0
97441,-0.0,-0.0,-0.0
97466,-0.0,-0.0,-0.0
97490,-0.0,-0.0,-0.0
97515,-0.0,-0.0,-0.0
97539,-0.0,-0.0,-0.0
97568,-0.0,-0.0,-0.0
97592,-0.0,-0.0,-0.0
97617,-0.0,-0.0,-0.0
97642,-0.0,-0.0,-0.0
97667,-0.0,-0.0,-0.0
97691,-0.0,-0.0,-0.0
97715,-0.0,-0.0,-0.0
97740,-0.0,-0.0,-0.0
97765,-0.0,-0.0,-0.0
97789,-0.0,-0.0,-0.0
97818,-0.0,-0.0,-0.0
97842,-0.0,-0.0,-0.0
97867,-0.0,-0.0,-0.0
97892,-0.0,-0.0,-0.0
97916,-0.0,-0.0,-0.0
97941,-0.0,-0.0,-0.0
97965,-0.0,-0.0,-0.0
97990,-0.0,-0.0,-0.0
98014,-0.0,-0.0,-0.0
98039,-0.0,-0.0,-0.0
98068,-0.0,-0.0,-0.0
98092,-0.0,-0.0,-0.0
98117,-0.0,-0.0,-0.0
98141,-0.0,-0.0,-0.0
98166,-0.0,-0.0,-0.0
98190,-0.0,-0.0,-0.0
98215,-0.0,-0.0,-0.0
98240,-0.0,-0.0,-0.0
98264,-0.0,-0.0,-0.0
98289,-0.0,-0.0,-0.0
98313,-0.0,-0.0,-0.0
98342,-0.0,-0.0,-0.0
98366,-0.0,-0.0,-0.0
98391,-0.0,-0.0,-0.0
98416,-0.0,-0.0,-0.0
98440,-0.0,-0.0,-0.0
98465,-0.0,-0.0,-0.0
98489,-0.0,-0.0,-0.0
98515,-0.0,-0.0,-0.0
98539,-0.0,-0.0,-0.0
98564,-0.0,-0.0,-0.0
98592,-0.0,-0.0,-0.0
98617,-0.0,-0.0,-0.0
98641,-0.0,-0.0,-0.0
98666,-0.0,-0.0,-0.0
98690,-0.0,-0.0,-0.0
98715,-0.0,-0.0,-0.0
98739,-0.0,-0.0,-0.0
98764,-0.0,-0.0,-0.0
98789,-0.0,-0.0,-0.0
98814,-0.0,-0.0,-0.0
98842,-0.0,-0.0,-0.0
98867,-0.0,-0.0,-0.0
98891,-0.0,-0.0,-0.0
98916,-0.0,-0.0,-0.0
98940,-0.0,-0.0,-0.0
98965,-0.0,-0.0,-0.0
98989,-0.0,-0.0,-0.0
99014,-0.0,-0.0,-0.0
99038,-0.0,-0.0,-0.0
99063,-0.0,-0.0,-0.0
99091,-0.0,-0.0,-0.0
99116,-0.0,-0.0,-0.0
99141,-0.0,-0.0,-0.0
99165,-0.0,-0.0,-0.0
99190,-0.0,-0.0,-0.0
99217,-0.0,-0.0,-0.0
99239,-0.0,-0.0,-0.0
99264,-0.0,-0.0,-0.0
99288,-0.0,-0.0,-0.0
99313,-0.0,-0.0,-0.0
99341,-0.0,-0.0,-0.0
99366,-0.0,-0.0,-0.0
99390,-0.0,-0.0,-0.0
99415,-0.0,-0.0,-0.0
99440,-0.0,-0.0,-0.0
99464,-0.0,-0.0,-0.0
99489,-0.0,-0.0,-0.0
99513,-0.0,-0.0,-0.0
99538,-0.0,-0.0,-0.0
99563,-0.0,-0.0,-0.0
99587,-0.0,-0.0,-0.0
99616,-0.0,-0.0,-0.0
99640,-0.0,-0.0,-0.0
99665,-0.0,-0.0,-0.0
99690,-0.0,-0.0,-0.0
99714,-0.0,-0.0,-0.0
99739,-0.0,-0.0,-0.0
99763,-0.0,-0.0,-0.0
99788,-0.0,-0.0,-0.0
99812,-0.0,-0.0,-0.0
99837,-0.0,-0.0,-0.0
99866,-0.0,-0.0,-0.0
99890,-0.0,-0.0,-0.0
99915,-0.0,-0.0,-0.0
99939,-0.0,-0.0,-0.0
99964,-0.0,-0.0,-0.0
99989,-0.0,-0.0,-0.0
100013,-0.0,-0.0,-0.0
100038,-0.0,-0.0,-0.0
100062,-0.0,-0.0,-0.0
100087,-0.0,-0.0,-0.0
100115,-0.0,-0.0,-0.0
100140,-0.0,-0.0,-0.0
100164,-0.0,-0.0,-0.0
100189,-0.0,-0.0,-0.0
100214,-0.0,-0.0,-0.0
100238,-0.0,-0.0,-0.0
100263,-0.0,-0.0,-0.0
100287,-0.0,-0.0,-0.0
100312,-0.0,-0.0,-0.0
100337,-0.0,-0.0,-0.0
100366,-0.0,-0.0,-0.0
100390,-0.0,-0.0,-0.0
100415,-0.0,-0.0,-0.0
100439,-0.0,-0.0,-0.0
100464,-0.0,-0.0,-0.0
100488,-0.0,-0.0,-0.0
100514,-0.0,-0.0,-0.0
100537,-0.0,-0.0,-0.0
100563,-0.0,-0.0,-0.0
100587,-0.0,-0.0,-0.0
100615,-0.0,-0.0,-0.0
100640,-0.0,-0.0,-0.0
100664,-0.0,-0.0,-0.0
100689,-0.0,-0.0,-0.0
100713,-0.0,-0.0,-0.0
100738,-0.0,-0.0,-0.0
100763,-0.0,-0.0,-0.0
100787,-0.0,-0.0,-0.0
100812,-0.0,-0.0,-0.0
100837,-0.0,-0.0,-0.0
100861,-0.0,-0.0,-0.0
100889,-0.0,-0.0,-0.0
100914,-0.0,-0.0,-0.0
100939,-0.0,-0.0,-0.0
100963,-0.0,-0.0,-0.0
100988,-0.0,-0.0,-0.0
101013,-0.0,-0.0,-0.0
101037,-0.0,-0.0,-0.0
101062,-0.0,-0.0,-0.0
101086,-0.0,-0.0,-0.0
101111,-0.0,-0.0,-0.0
101139,-0.0,-0.0,-0.0
101164,-0.0,-0.0,-0.0
101189,-0.0,-0.0,-0.0
101213,-0.0,-0.0,-0.0
101238,-0.0,-0.0,-0.0
101263,-0.0,-0.0,-0.0
101287,-0.0,-0.0,-0.0
101311,-0.0,-0.0,-0.0
101336,-0.0,-0.0,-0.0
101361,-0.0,-0.0,-0.0
101389,-0.0,-0.0,-0.0
101414,-0.0,-0.0,-0.0
101439,-0.0,-0.0,-0.0
101463,-0.0,-0.0,-0.0
101488,-0.0,-0.0,-0.0
101512,-0.0,-0.0,-0.0
101537,-0.0,-0.0,-0.0
101561,-0.0,-0.0,-0.0
101586,-0.0,-0.0,-0.0
101611,-0.0,-0.0,-0.0
101639,-0.0,-0.0,-0.0
101664,-0.0,-0.0,-0.0
101688,-0.0,-0.0,-0.0
101713,-0.0,-0.0,-0.0
101738,-0.0,-0.0,-0.0
101762,-0.0,-0.0,-0.0
101787,-0.0,-0.0,-0.0
101812,-0.0,-0.0,-0.0
101836,-0.0,-0.0,-0.0
101861,-0.0,-0.0,-0.0
101889,-0.0,-0.0,-0.0
101914,-0.0,-0.0,-0.0
101938,-0.0,-0.0,-0.0
101963,-0.0,-0.0,-0.0
101988,-0.0,-0.0,-0.0
102012,-0.0,-0.0,-0.0
102037,-0.0,-0.0,-0.0
102061,-0.0,-0.0,-0.0
102087,-0.0,-0.0,-0.0
102111,-0.0,-0.0,-0.0
102135,-0.0,-0.0,-0.0
102163,-0.0,-0.0,-0.0
102188,-0.0,-0.0,-0.0
102213,-0.0,-0.0,-0.0
102242,-0.0,-0.0,-0.0
102274,-0.0,-0.0,-0.0
102307,-0.0,-0.0,-0.0
102339,-0.0,-0.0,-0.0
102365,-0.0,-0.0,-0.0
102389,-0.0,-0.0,-0.0
102414,-0.0,-0.0,-0.0
102438,-0.0,-0.0,-0.0
102467,-0.0,-0.0,-0.0
102491,-0.0,-0.0,-0.0
102516,-0.0,-0.0,-0.0
102540,-0.0,-0.0,-0.0
102565,-0.0,-0.0,-0.0
102589,-0.0,-0.0,-0.0
102614,-0.0,-0.0,-0.0
102638,-0.0,-0.0,-0.0
102663,-0.0,-0.0,-0.0
102688,-0.0,-0.0,-0.0
102716,-0.0,-0.0,-0.0
102741,-0.0,-0.0,-0.0
102765,-0.0,-0.0,-0.0
102790,-0.0,-0.0,-0.0
102815,-0.0,-0.0,-0.0
102839,-0.0,-0.0,-0.0
102864,-0.0,-0.0,-0.0
102889,-0.0,-0.0,-0.0
102913,-0.0,-0.0,-0.0
102938,-0.0,-0.0,-0.0
102962,-0.0,-0.0,-0.0
102991,-0.0,-0.0,-0.0
103015,-0.0,-0.0,-0.0
103040,-0.0,-0.0,-0.0
103065,-0.0,-0.0,-0.0
103089,-0.0,-0.0,-0.0
103114,-0.0,-0.0,-0.0
103138,-0.0,-0.0,-0.0
103163,-0.0,-0.0,-0.0
103188,-0.0,-0.0,-0.0
103212,-0.0,-0.0,-0.0
103240,-0.0,-0.0,-0.0
103265,-0.0,-0.0,-0.0
103290,-0.0,-0.0,-0.0
103314,-0.0,-0.0,-0.0
103339,-0.0,-0.0,-0.0
103364,-0.0,-0.0,-0.0
103388,-0.0,-0.0,-0.0
103413,-0.0,-0.0,-0.0
103437,-0.0,-0.0,-0.0
103462,-0.0,-0.0,-0.0
103490,-0.0,-0.0,-0.0
103519,-0.0,-0.0,-0.0
103552,-0.0,-0.0,-0.0
103577,-0.0,-0.0,-0.0
103601,-0.0,-0.0,-0.0
103630,-0.0,-0.0,-0.0
103654,-0.0,-0.0,-0.0
103679,-0.0,-0.0,-0.0
103704,-0.0,-0.0,-0.0
103728,-0.0,-0.0,-0.0
103753,-0.0,-0.0,-0.0
103777,-0.0,-0.0,-0.0
103802,-0.0,-0.0,-0.0
103826,-0.0,-0.0,-0.0
103851,-0.0,-0.0,-0.0
103879,-0.0,-0.0,-0.0
103904,-0.0,-0.0,-0.0
103933,-0.0,-0.0,-0.0
103966,-0.0,-0.0,-0.0
103998,-0.0,-0.0,-0.0
104023,-0.0,-0.0,-0.0
104047,-0.0,-0.0,-0.0
104072,-0.0,-0.0,-0.0
104097,-0.0,-0.0,-0.0
104121,-0.0,-0.0,-0.0
104146,-0.0,-0.0,-0.0
104170,-0.0,-0.0,-0.0
104195,-0.0,-0.0,-0.0
104220,-0.0,-0.0,-0.0
104248,-0.0,-0.0,-0.0
104273,-0.0,-0.0,-0.0
104297,-0.0,-0.0,-0.0
104322,-0.0,-0.0,-0.0
104347,-0.0,-0.0,-0.0
104371,-0.0,-0.0,-0.0
104396,-0.0,-0.0,-0.0
104420,-0.0,-0.0,-0.0
104445,-0.0,-0.0,-0.0
104470,-0.0,-0.0,-0.0
104494,-0.0,-0.0,-0.0
104522,-0.0,-0.0,-0.0
104547,-0.0,-0.0,-0.0
104572,-0.0,-0.0,-0.0
104597,-0.0,-0.0,-0.0
104621,-0.0,-0.0,-0.0
104646,-0.0,-0.0,-0.0
104670,-0.0,-0.0,-0.0
104695,-0.0,-0.0,-0.0
104720,-0.0,-0.0,-0.0
104744,-0.0,-0.0,-0.0
104772,-0.0,-0.0,-0.0
104797,-0.0,-0.0,-0.0
104821,-0.0,-0.0,-0.0
104846,-0.0,-0.0,-0.0
104871,-0.0,-0.0,-0.0
104896,-0.0,-0.0,-0.0
104920,-0.0,-0.0,-0.0
104945,-0.0,-0.0,-0.0
104969,-0.0,-0.0,-0.0
104994,-0.0,-0.0,-0.0
105022,-0.0,-0.0,-0.0
105047,-0.0,-0.0,-0.0
105071,-0.0,-0.0,-0.0
105096,-0.0,-0.0,-0.0
105121,-0.0,-0.0,-0.0
105146,-0.0,-0.0,-0.0
105170,-0.0,-0.0,-0.0
105195,-0.0,-0.0,-0.0
105219,-0.0,-0.0,-0.0
105244,-0.0,-0.0,-0.0
105272,-0.0,-0.0,-0.0
105297,-0.0,-0.0,-0.0
105321,-0.0,-0.0,-0.0
105346,-0.0,-0.0,-0.0
105371,-0.0,-0.0,-0.0
105395,-0.0,-0.0,-0.0
105420,-0.0,-0.0,-0.0
105445,-0.0,-0.0,-0.0
105469,-0.0,-0.0,-0.0
105494,-0.0,-0.0,-0.0
105522,-0.0,-0.0,-0.0
105546,-0.0,-0.0,-0.0
105571,-0.0,-0.0,-0.0
105596,-0.0,-0.0,-0.0
105620,-0.0,-0.0,-0.0
105645,-0.0,-0.0,-0.0
105670,-0.0,-0.0,-0.0
105694,-0.0,-0.0,-0.0
105718,-0.0,-0.0,-0.0
105743,-0.0,-0.0,-0.0
105768,-0.0,-0.0,-0.0
105796,-0.0,-0.0,-0.0
105821,-0.0,-0.0,-0.0
105846,-0.0,-0.0,-0.0
105870,-0.0,-0.0,-0.0
105895,-0.0,-0.0,-0.0
105919,-0.0,-0.0,-0.0
105944,-0.0,-0.0,-0.0
105969,-0.0,-0.0,-0.0
105993,-0.0,-0.0,-0.0
106018,-0.0,-0.0,-0.0
106046,-0.0,-0.0,-0.0
106071,-0.0,-0.0,-0.0
106095,-0.0,-0.0,-0.0
106120,-0.0,-0.0,-0.0
106145,-0.0,-0.0,-0.0
106170,-0.0,-0.0,-0.0
106194,-0.0,-0.0,-0.0
106219,-0.0,-0.0,-0.0
106243,-0.0,-0.0,-0.0
106268,-0.0,-0.0,-0.0
106296,-0.0,-0.0,-0.0
106321,-0.0,-0.0,-0.0
106345,-0.0,-0.0,-0.0
106370,-0.0,-0.0,-0.0
106395,-0.0,-0.0,-0.0
106419,-0.0,-0.0,-0.0
106444,-0.0,-0.0,-0.0
106468,-0.0,-0.0,-0.0
106493,-0.0,-0.0,-0.0
106517,-0.0,-0.0,-0.0
106546,-0.0,-0.0,-0.0
106571,-0.0,-0.0,-0.0
106595,-0.0,-0.0,-0.0
106620,-0.0,-0.0,-0.0
106644,-0.0,-0.0,-0.0
106670,-0.0,-0.0,-0.0
106694,-0.0,-0.0,-0.0
106718,-0.0,-0.0,-0.0
106742,-0.0,-0.0,-0.0
106768,-0.0,-0.0,-0.0
106796,-0.0,-0.0,-0.0
106820,-0.0,-0.0,-0.0
106845,-0.0,-0.0,-0.0
106870,-0.0,-0.0,-0.0
106894,-0.0,-0.0,-0.0
106919,-0.0,-0.0,-0.0
106944,-0.0,-0.0,-0.0
106968,-0.0,-0.0,-0.0
106993,-0.0,-0.0,-0.0
107017,-0.0,-0.0,-0.0
107042,-0.0,-0.0,-0.0
107070,-0.0,-0.0,-0.0
107095,-0.0,-0.0,-0.0
107119,-0.0,-0.0,-0.0
107144,-0.0,-0.0,-0.0
107169,-0.0,-0.0,-0.0
107194,-0.0,-0.0,-0.0
107218,-0.0,-0.0,-0.0
107243,-0.0,-0.0,-0.0
107267,-0.0,-0.0,-0.0
107292,-0.0,-0.0,-0.0
107320,-0.0,-0.0,-0.0
107345,-0.0,-0.0,-0.0
107369,-0.0,-0.0,-0.0
107394,-0.0,-0.0,-0.0
107418,-0.0,-0.0,-0.0
107443,-0.0,-0.0,-0.0
107468,-0.0,-0.0,-0.0
107492,-0.0,-0.0,-0.0
107517,-0.0,-0.0,-0.0
107541,-0.0,-0.0,-0.0
107570,-0.0,-0.0,-0.0
107595,-0.0,-0.0,-0.0
107619,-0.0,-0.0,-0.0
107644,-0.0,-0.0,-0.0
107668,-0.0,-0.0,-0.0
107693,-0.0,-0.0,-0.0
107718,-0.0,-0.0,-0.0
107742,-0.0,-0.0,-0.0
107767,-0.0,-0.0,-0.0
107792,-0.0,-0.0,-0.0
107820,-0.0,-0.0,-0.0
107844,-0.0,-0.0,-0.0
107869,-0.0,-0.0,-0.0
107894,-0.0,-0.0,-0.0
107918,-0.0,-0.0,-0.0
107942,-0.0,-0.0,-0.0
107967,-0.0,-0.0,-0.0
107992,-0.0,-0.0,-0.0
108016,-0.0,-0.0,-0.0
108041,-0.0,-0.0,-0.0
108070,-0.0,-0.0,-0.0
108094,-0.0,-0.0,-0.0
108119,-0.0,-0.0,-0.0
108143,-0.0,-0.0,-0.0
108168,-0.0,-0.0,-0.0
108193,-0.0,-0.0,-0.0
108217,-0.0,-0.0,-0.0
108242,-0.0,-0.0,-0.0
108266,-0.0,-0.0,-0.0
108291,-0.0,-0.0,-0.0
108316,-0.0,-0.0,-0.0
108344,-0.0,-0.0,-0.0
108368,-0.0,-0.0,-0.0
108394,-0.0,-0.0,-0.0
108418,-0.0,-0.0,-0.0
108443,-0.0,-0.0,-0.0
108467,-0.0,-0.0,-0.0
108492,-0.0,-0.0,-0.0
108517,-0.0,-0.0,-0.0
108541,-0.0,-0.0,-0.0
108565,-0.0,-0.0,-0.0
108594,-0.0,-0.0,-0.0
108619,-0.0,-0.0,-0.0
108643,-0.0,-0.0,-0.0
108668,-0.0,-0.0,-0.0
108692,-0.0,-0.0,-0.0
108717,-0.0,-0.0,-0.0
108742,-0.0,-0.0,-0.0
108766,-0.0,-0.0,-0.0
108791,-0.0,-0.0,-0.0
108815,-0.0,-0.0,-0.0
108844,-0.0,-0.0,-0.0
108868,-0.0,-0.0,-0.0
108893,-0.0,-0.0,-0.0
108918,-0.0,-0.0,-0.0
108942,-0.0,-0.0,-0.0
108967,-0.0,-0.0,-0.0
108991,-0.0,-0.0,-0.0
109016,-0.0,-0.0,-0.0
109040,-0.0,-0.0,-0.0
109065,-0.0,-0.0,-0.0
109093,-0.0,-0.0,-0.0
109118,-0.0,-0.0,-0.0
109143,-0.0,-0.0,-0.0
109167,-0.0,-0.0,-0.0
109192,-0.0,-0.0,-0.0
109217,-0.0,-0.0,-0.0
109241,-0.0,-0.0,-0.0
109266,-0.0,-0.0,-0.0
109290,-0.0,-0.0,-0.0
109315,-0.0,-0.0,-0.0
109344,-0.0,-0.0,-0.0
109368,-0.0,-0.0,-0.0
109392,-0.0,-0.0,-0.0
109417,-0.0,-0.0,-0.0
109442,-0.0,-0.0,-0.0
109467,-0.0,-0.0,-0.0
109491,-0.0,-0.0,-0.0
109516,-0.0,-0.0,-0.0
109540,-0.0,-0.0,-0.0
109565,-0.0,-0.0,-0.0
109589,-0.0,-0.0,-0.0
109618,-0.0,-0.0,-0.0
109643,-0.0,-0.0,-0.0
109667,-0.0,-0.0,-0.0
109692,-0.0,-0.0,-0.0
109716,-0.0,-0.0,-0.0
109741,-0.0,-0.0,-0.0
109766,-0.0,-0.0,-0.0
109791,-0.0,-0.0,-0.0
109815,-0.0,-0.0,-0.0
109839,-0.0,-0.0,-0.0
109868,-0.0,-0.0,-0.0
109892,-0.0,-0.0,-0.0
109917,-0.0,-0.0,-0.0
109942,-0.0,-0.0,-0.0
109966,-0.0,-0.0,-0.0
109991,-0.0,-0.0,-0.0
110015,-0.0,-0.0,-0.0
110039,-0.0,-0.0,-0.0
110064,-0.0,-0.0,-0.0
110089,-0.0,-0.0,-0.0
110118,-0.0,-0.0,-0.0
110142,-0.0,-0.0,-0.0
110167,-0.0,-0.0,-0.0
110191,-0.0,-0.0,-0.0
110216,-0.0,-0.0,-0.0
110240,-0.0,-0.0,-0.0
110265,-0.0,-0.0,-0.0
110289,-0.0,-0.0,-0.0
110315,-0.0,-0.0,-0.0
110339,-0.0,-0.0,-0.0
110367,-0.0,-0.0,-0.0
110392,-0.0,-0.0,-0.0
110416,-0.0,-0.0,-0.0
110441,-0.0,-0.0,-0.0
110466,-0.0,-0.0,-0.0
110490,-0.0,-0.0,-0.0
110515,-0.0,-0.0,-0.0
110539,-0.0,-0.0,-0.0
110564,-0.0,-0.0,-0.0
110588,-0.0,-0.0,-0.0
110617,-0.0,-0.0,-0.0
110642,-0.0,-0.0,-0.0
110667,-0.0,-0.0,-0.0
110691,-0.0,-0.0,-0.0
110716,-0.0,-0.0,-0.0
110740,-0.0,-0.0,-0.0
110765,-0.0,-0.0,-0.0
110789,-0.0,-0.0,-0.0
110814,-0.0,-0.0,-0.0
110838,-0.0,-0.0,-0.0
110863,-0.0,-0.0,-0.0
110892,-0.0,-0.0,-0.0
110916,-0.0,-0.0,-0.0
110941,-0.0,-0.0,-0.0
110965,-0.0,-0.0,-0.0
110990,-0.0,-0.0,-0.0
111015,-0.0,-0.0,-0.0
111039,-0.0,-0.0,-0.0
111064,-0.0,-0.0,-0.0
111088,-0.0,-0.0,-0.0
111113,-0.0,-0.0,-0.0
111142,-0.0,-0.0,-0.0
111166,-0.0,-0.0,-0.0
111192,-0.0,-0.0,-0.0
111215,-0.0,-0.0,-0.0
111240,-0.0,-0.0,-0.0
111264,-0.0,-0.0,-0.0
111289,-0.0,-0.0,-0.0
111314,-0.0,-0.0,-0.0
111338,-0.0,-0.0,-0.0
111363,-0.0,-0.0,-0.0
111391,-0.0,-0.0,-0.0
111416,-0.0,-0.0,-0.0
111440,-0.0,-0.0,-0.0
111465,-0.0,-0.0,-0.0
111489,-0.0,-0.0,-0.0
111514,-0.0,-0.0,-0.0
111539,-0.0,-0.0,-0.0
111564,-0.0,-0.0,-0.0
111588,-0.0,-0.0,-0.0
111613,-0.0,-0.0,-0.0
111641,-0.0,-0.0,-0.0
111666,-0.0,-0.0,-0.0
111690,-0.0,-0.0,-0.0
111715,-0.0,-0.0,-0.0
111739,-0.0,-0.0,-0.0
111764,-0.0,-0.0,-0.0
111788,-0.0,-0.0,-0.0
111813,-0.0,-0.0,-0.0
111838,-0.0,-0.0,-0.0
111863,-0.0,-0.0,-0.0
111891,-0.0,-0.0,-0.0
111915,-0.0,-0.0,-0.0
111940,-0.0,-0.0,-0.0
111965,-0.0,-0.0,-0.0
111989,-0.0,-0.0,-0.0
112014,-0.0,-0.0,-0.0
112038,-0.0,-0.0,-0.0
112063,-0.0,-0.0,-0.0
112088,-0.0,-0.0,-0.0
112112,-0.0,-0.0,-0.0
112137,-0.0,-0.0,-0.0
112166,-0.0,-0.0,-0.0
112190,-0.0,-0.0,-0.0
112215,-0.0,-0.0,-0.0
112239,-0.0,-0.0,-0.0
112264,-0.0,-0.0,-0.0
112288,-0.0,-0.0,-0.0
112313,-0.0,-0.0,-0.0
112338,-0.0,-0.0,-0.0
112362,-0.0,-0.0,-0.0
112386,-0.0,-0.0,-0.0
112415,-0.0,-0.0,-0.0
112440,-0.0,-0.0,-0.0
112464,-0.0,-0.0,-0.0
112489,-0.0,-0.0,-0.0
112514,-0.0,-0.0,-0.0
112538,-0.0,-0.0,-0.0
112563,-0.0,-0.0,-0.0
112587,-0.0,-0.0,-0.0
112612,-0.0,-0.0,-0.0
112636,-0.0,-0.0,-0.0
112665,-0.0,-0.0,-0.0
112689,-0.0,-0.0,-0.0
112714,-0.0,-0.0,-0.0
112739,-0.0,-0.0,-0.0
112764,-0.0,-0.0,-0.0
112788,-0.0,-0.0,-0.0
112813,-0.0,-0.0,-0.0
112837,-0.0,-0.0,-0.0
112862,-0.0,-0.0,-0.0
112887,-0.0,-0.0,-0.0
112915,-0.0,-0.0,-0.0
112939,-0.0,-0.0,-0.0
112964,-0.0,-0.0,-0.0
112989,-0.0,-0.0,-0.0
113013,-0.0,-0.0,-0.0
113038,-0.0,-0.0,-0.0
113063,-0.0,-0.0,-0.0
113088,-0.0,-0.0,-0.0
113112,-0.0,-0.0,-0.0
113136,-0.0,-0.0,-0.0
113165,-0.0,-0.0,-0.0
113189,-0.0,-0.0,-0.0
113215,-0.0,-0.0,-0.0
113239,-0.0,-0.0,-0.0
113263,-0.0,-0.0,-0.0
113288,-0.0,-0.0,-0.0
113313,-0.0,-0.0,-0.0
113337,-0.0,-0.0,-0.0
113362,-0.0,-0.0,-0.0
113386,-0.0,-0.0,-0.0
113411,-0.0,-0.0,-0.0
113439,-0.0,-0.0,-0.0
113464,-0.0,-0.0,-0.0
113488,-0.0,-0.0,-0.0
113513,-0.0,-0.0,-0.0
113538,-0.0,-0.0,-0.0
113562,-0.0,-0.0,-0.0
113587,-0.0,-0.0,-0.0
113612,-0.0,-0.0,-0.0
113636,-0.0,-0.0,-0.0
113660,-0.0,-0.0,-0.0
113689,-0.0,-0.0,-0.0
113714,-0.0,-0.0,-0.0
113738,-0.0,-0.0,-0.0
113763,-0.0,-0.0,-0.0
113787,-0.0,-0.0,-0.0
113812,-0.0,-0.0,-0.0
113837,-0.0,-0.0,-0.0
113861,-0.0,-0.0,-0.0
113886,-0.0,-0.0,-0.0
113910,-0.0,-0.0,-0.0
113939,-0.0,-0.0,-0.0
113964,-0.0,-0.0,-0.0
113988,-0.0,-0.0,-0.0
114013,-0.0,-0.0,-0.0
114037,-0.0,-0.0,-0.0
114062,-0.0,-0.0,-0.0
114086,-0.0,-0.0,-0.0
114111,-0.0,-0.0,-0.0
114136,-0.0,-0.0,-0.0
114160,-0.0,-0.0,-0.0
114189,-0.0,-0.0,-0.0
114213,-0.0,-0.0,-0.0
114238,-0.0,-0.0,-0.0
114262,-0.0,-0.0,-0.0
114287,-0.0,-0.0,-0.0
114311,-0.0,-0.0,-0.0
114336,-0.0,-0.0,-0.0
114361,-0.0,-0.0,-0.0
114386,-0.0,-0.0,-0.0
114410,-0.0,-0.0,-0.0
114438,-0.0,-0.0,-0.0
114463,-0.0,-0.0,-0.0
114488,-0.0,-0.0,-0.0
114512,-0.0,-0.0,-0.0
114537,-0.0,-0.0,-0.0
114561,-0.0,-0.0,-0.0
114586,-0.0,-0.0,-0.0
114610,-0.0,-0.0,-0.0
114635,-0.0,-0.0,-0.0
114660,-0.0,-0.0,-0.0
114684,-0.0,-0.0,-0.0
114713,-0.0,-0.0,-0.0
114737,-0.0,-0.0,-0.0
114762,-0.0,-0.0,-0.0
114787,-0.0,-0.0,-0.0
114811,-0.0,-0.0,-0.0
114836,-0.0,-0.0,-0.0
114860,-0.0,-0.0,-0.0
114885,-0.0,-0.0,-0.0
114910,-0.0,-0.0,-0.0
114934,-0.0,-0.0,-0.0
114963,-0.0,-0.0,-0.0
114987,-0.0,-0.0,-0.0
115012,-0.0,-0.0,-0.0
115037,-0.0,-0.0,-0.0
115061,-0.0,-0.0,-0.0
115086,-0.0,-0.0,-0.0
115111,-0.0,-0.0,-0.0
115135,-0.0,-0.0,-0.0
115160,-0.0,-0.0,-0.0
115184,-0.0,-0.0,-0.0
115213,-0.0,-0.0,-0.0
115237,-0.0,-0.0,-0.0
115262,-0.0,-0.0,-0.0
115286,-0.0,-0.0,-0.0
115311,-0.0,-0.0,-0.0
115336,-0.0,-0.0,-0.0
115360,-0.0,-0.0,-0.0
115385,-0.0,-0.0,-0.0
115409,-0.0,-0.0,-0.0
115434,-0.0,-0.0,-0.0
115462,-0.0,-0.0,-0.0
115487,-0.0,-0.0,-0.0
115512,-0.0,-0.0,-0.0
115537,-0.0,-0.0,-0.0
115561,-0.0,-0.0,-0.0
115585,-0.0,-0.0,-0.0
115610,-0.0,-0.0,-0.0
115635,-0.0,-0.0,-0.0
115659,-0.0,-0.0,-0.0
115684,-0.0,-0.0,-0.0
115712,-0.0,-0.0,-0.0
115737,-0.0,-0.0,-0.0
115762,-0.0,-0.0,-0.0
115786,-0.0,-0.0,-0.0
115811,-0.0,-0.0,-0.0
115835,-0.0,-0.0,-0.0
115860,-0.0,-0.0,-0.0
115885,-0.0,-0.0,-0.0
115909,-0.0,-0.0,-0.0
115934,-0.0,-0.0,-0.0
115959,-0.0,-0.0,-0.0
115987,-0.0,-0.0,-0.0
116012,-0.0,-0.0,-0.0
116039,-0.0,-0.0,-0.0
116061,-0.0,-0.0,-0.0
116086,-0.0,-0.0,-0.0
116110,-0.0,-0.0,-0.0
116134,-0.0,-0.0,-0.0
116159,-0.0,-0.0,-0.0
116183,-0.0,-0.0,-0.0
116208,-0.0,-0.0,-0.0
116237,-0.0,-0.0,-0.0
116261,-0.0,-0.0,-0.0
116286,-0.0,-0.0,-0.0
116310,-0.0,-0.0,-0.0
116335,-0.0,-0.0,-0.0
116360,-0.0,-0.0,-0.0
116384,-0.0,-0.0,-0.0
116409,-0.0,-0.0,-0.0
116433,-0.0,-0.0,-0.0
116458,-0.0,-0.0,-0.0
116486,-0.0,-0.0,-0.0
116511,-0.0,-0.0,-0.0
116536,-0.0,-0.0,-0.0
116560,-0.0,-0.0,-0.0
116585,-0.0,-0.0,-0.0
116610,-0.0,-0.0,-0.0
116634,-0.0,-0.0,-0.0
116659,-0.0,-0.0,-0.0
116683,-0.0,-0.0,-0.0
116707,-0.0,-0.0,-0.0
116736,-0.0,-0.0,-0.0
116761,-0.0,-0.0,-0.0
116785,-0.0,-0.0,-0.0
116810,-0.0,-0.0,-0.0
116835,-0.0,-0.0,-0.0
116859,-0.0,-0.0,-0.0
116884,-0.0,-0.0,-0.0
116908,-0.0,-0.0,-0.0
116933,-0.0,-0.0,-0.0
116958,-0.0,-0.0,-0.0
116986,-0.0,-0.0,-0.0
117011,-0.0,-0.0,-0.0
117036,-0.0,-0.0,-0.0
117060,-0.0,-0.0,-0.0
117084,-0.0,-0.0,-0.0
117110,-0.0,-0.0,-0.0
117134,-0.0,-0.0,-0.0
117158,-0.0,-0.0,-0.0
117183,-0.0,-0.0,-0.0
117207,-0.0,-0.0,-0.0
117232,-0.0,-0.0,-0.0
117261,-0.0,-0.0,-0.0
117285,-0.0,-0.0,-0.0
117310,-0.0,-0.0,-0.0
117334,-0.0,-0.0,-0.0
117360,-0.0,-0.0,-0.0
117384,-0.0,-0.0,-0.0
117408,-0.0,-0.0,-0.0
117433,-0.0,-0.0,-0.0
117457,-0.0,-0.0,-0.0
117482,-0.0,-0.0,-0.0
117511,-0.0,-0.0,-0.0
117535,-0.0,-0.0,-0.0
117560,-0.0,-0.0,-0.0
117584,-0.0,-0.0,-0.0
117609,-0.0,-0.0,-0.0
117634,-0.0,-0.0,-0.0
117658,-0.0,-0.0,-0.0
117683,-0.0,-0.0,-0.0
117707,-0.0,-0.0,-0.0
117732,-0.0,-0.0,-0.0
117760,-0.0,-0.0,-0.0
117785,-0.0,-0.0,-0.0
117810,-0.0,-0.0,-0.0
117835,-0.0,-0.0,-0.0
117859,-0.0,-0.0,-0.0
117883,-0.0,-0.0,-0.0
117908,-0.0,-0.0,-0.0
117933,-0.0,-0.0,-0.0
117957,-0.0,-0.0,-0.0
117982,-0.0,-0.0,-0.0
118010,-0.0,-0.0,-0.0
118034,-0.0,-0.0,-0.0
118059,-0.0,-0.0,-0.0
118084,-0.0,-0.0,-0.0
118109,-0.0,-0.0,-0.0
118133,-0.0,-0.0,-0.0
118157,-0.0,-0.0,-0.0
118183,-0.0,-0.0,-0.0
118207,-0.0,-0.0,-0.0
118232,-0.0,-0.0,-0.0
118260,-0.0,-0.0,-0.0
118284,-0.0,-0.0,-0.0
118309,-0.0,-0.0,-0.0
118334,-0.0,-0.0,-0.0
118359,-0.0,-0.0,-0.0
118383,-0.0,-0.0,-0.0
118408,-0.0,-0.0,-0.0
118432,-0.0,-0.0,-0.0
118457,-0.0,-0.0,-0.0
118481,-0.0,-0.0,-0.0
118506,-0.0,-0.0,-0.0
118534,-0.0,-0.0,-0.0
118559,-0.0,-0.0,-0.0
118584,-0.0,-0.0,-0.0
118608,-0.0,-0.0,-0.0
118633,-0.0,-0.0,-0.0
118657,-0.0,-0.0,-0.0
118682,-0.0,-0.0,-0.0
118706,-0.0,-0.0,-0.0
118731,-0.0,-0.0,-0.0
118755,-0.0,-0.0,-0.0
118784,-0.0,-0.0,-0.0
118809,-0.0,-0.0,-0.0
118833,-0.0,-0.0,-0.0
118858,-0.0,-0.0,-0.0
118882,-0.0,-0.0,-0.0
118907,-0.0,-0.0,-0.0
118932,-0.0,-0.0,-0.0
118956,-0.0,-0.0,-0.0
118981,-0.0,-0.0,-0.0
119005,-0.0,-0.0,-0.0
119034,-0.0,-0.0,-0.0
119058,-0.0,-0.0,-0.0
119083,-0.0,-0.0,-0.0
119112,-0.0,-0.0,-0.0
119145,-0.0,-0.0,-0.0
119177,-0.0,-0.0,-0.0
119206,-0.0,-0.0,-0.0
119239,-0.0,-0.0,-0.0
119268,-0.0,-0.0,-0.0
119300,-0.0,-0.0,-0.0
119333,-0.0,-0.0,-0.0
119362,-0.0,-0.0,-0.0
119395,-0.0,-0.0,-0.0
119419,-0.0,-0.0,-0.0
119444,-0.0,-0.0,-0.0
119469,-0.0,-0.0,-0.0
119493,-0.0,-0.0,-0.0
119517,-0.0,-0.0,-0.0
119546,-0.0,-0.0,-0.0
119570,-0.0,-0.0,-0.0
119595,-0.0,-0.0,-0.0
119620,-0.0,-0.0,-0.0
119645,-0.0,-0.0,-0.0
119669,-0.0,-0.0,-0.0
119694,-0.0,-0.0,-0.0
119718,-0.0,-0.0,-0.0
119743,-0.0,-0.0,-0.0
119768,-0.0,-0.0,-0.0
119796,-0.0,-0.0,-0.0
119820,-0.0,-0.0,-0.0
119845,-0.0,-0.0,-0.0
119870,-0.0,-0.0,-0.0
119894,-0.0,-0.0,-0.0
119919,-0.0,-0.0,-0.0
119943,-0.0,-0.0,-0.0
119968,-0.0,-0.0,-0.0
119993,-0.0,-0.0,-0.0
120017,-0.0,-0.0,-0.0
120046,-0.0,-0.0,-0.0
120070,-0.0,-0.0,-0.0
120095,-0.0,-0.0,-0.0
120119,-0.0,-0.0,-0.0
120144,-0.0,-0.0,-0.0
120169,-0.0,-0.0,-0.0
120193,-0.0,-0.0,-0.0
120218,-0.0,-0.0,-0.0
120243,-0.0,-0.0,-0.0
120267,-0.0,-0.0,-0.0
120292,-0.0,-0.0,-0.0
120320,-0.0,-0.0,-0.0
120345,-0.0,-0.0,-0.0
120369,-0.0,-0.0,-0.0
120394,-0.0,-0.0,-0.0
120418,-0.0,-0.0,-0.0
120443,-0.0,-0.0,-0.0
120468,-0.0,-0.0,-0.0
120492,-0.0,-0.0,-0.0
120517,-0.0,-0.0,-0.0
120541,-0.0,-0.0,-0.0
120570,-0.0,-0.0,-0.0
120594,-0.0,-0.0,-0.0
120619,-0.0,-0.0,-0.0
120644,-0.0,-0.0,-0.0
120668,-0.0,-0.0,-0.0
120693,-0.0,-0.0,-0.0
120717,-0.0,-0.0,-0.0
120743,-0.0,-0.0,-0.0
120767,-0.0,-0.0,-0.0
120791,-0.0,-0.0,-0.0
120820,-0.0,-0.0,-0.0
120849,-0.0,-0.0,-0.0
120881,-0.0,-0.0,-0.0
120914,-0.0,-0.0,-0.0
120947,-0.0,-0.0,-0.0
120980,-0.0,-0.0,-0.0
121013,-0.0,-0.0,-0.0
121042,-0.0,-0.0,-0.0
121069,-0.0,-0.0,-0.0
121094,-0.0,-0.0,-0.0
121119,-0.0,-0.0,-0.0
121144,-0.0,-0.0,-0.0
121168,-0.0,-0.0,-0.0
121193,-0.0,-0.0,-0.0
121217,-0.0,-0.0,-0.0
121242,-0.0,-0.0,-0.0
121266,-0.0,-0.0,-0.0
121291,-0.0,-0.0,-0.0
121319,-0.0,-0.0,-0.0
121344,-0.0,-0.0,-0.0
121368,-0.0,-0.0,-0.0
121393,-0.0,-0.0,-0.0
121418,-0.0,-0.0,-0.0
121443,-0.0,-0.0,-0.0
121467,-0.0,-0.0,-0.0
121492,-0.0,-0.0,-0.0
121516,-0.0,-0.0,-0.0
121541,-0.0,-0.0,-0.0
121566,-0.0,-0.0,-0.0
121594,-0.0,-0.0,-0.0
121619,-0.0,-0.0,-0.0
121643,-0.0,-0.0,-0.0
121668,-0.0,-0.0,-0.0
121692,-0.0,-0.0,-0.0
121717,-0.0,-0.0,-0.0
121741,-0.0,-0.0,-0.0
121766,-0.0,-0.0,-0.0
121790,-0.0,-0.0,-0.0
121815,-0.0,-0.0,-0.0
121844,-0.0,-0.0,-0.0
121868,-0.0,-0.0,-0.0
121893,-0.0,-0.0,-0.0
121917,-0.0,-0.0,-0.0
121942,-0.0,-0.0,-0.0
121966,-0.0,-0.0,-0.0
121991,-0.0,-0.0,-0.0
122016,-0.0,-0.0,-0.0
122040,-0.0,-0.0,-0.0
122065,-0.0,-0.0,-0.0
122094,-0.0,-0.0,-0.0
122119,-0.0,-0.0,-0.0
122142,-0.0,-0.0,-0.0
122168,-0.0,-0.0,-0.0
122192,-0.0,-0.0,-0.0
122217,-0.0,-0.0,-0.0
122241,-0.0,-0.0,-0.0
122266,-0.0,-0.0,-0.0
122299,-0.0,-0.0,-0.0
122331,-0.0,-0.0,-0.0
122364,-0.0,-0.0,-0.0
122393,-0.0,-0.0,-0.0
122426,-0.0,-0.0,-0.0
122459,-0.0,-0.0,-0.0
122491,-0.0,-0.0,-0.0
122515,-0.0,-0.0,-0.0
122540,-0.0,-0.0,-0.0
122565,-0.0,-0.0,-0.0
122594,-0.0,-0.0,-0.0
122618,-0.0,-0.0,-0.0
122643,-0.0,-0.0,-0.0
122668,-0.0,-0.0,-0.0
122692,-0.0,-0.0,-0.0
122716,-0.0,-0.0,-0.0
122741,-0.0,-0.0,-0.0
122765,-0.0,-0.0,-0.0
122790,-0.0,-0.0,-0.0
122815,-0.0,-0.0,-0.0
122839,-0.0,-0.0,-0.0
122868,-0.0,-0.0,-0.0
122892,-0.0,-0.0,-0.0
122917,-0.0,-0.0,-0.0
122942,-0.0,-0.0,-0.0
122966,-0.0,-0.0,-0.0
122990,-0.0,-0.0,-0.0
123015,-0.0,-0.0,-0.0
123040,-0.0,-0.0,-0.0
123064,-0.0,-0.0,-0.0
123089,-0.0,-0.0,-0.0
123118,-0.0,-0.0,-0.0
123142,-0.0,-0.0,-0.0
123167,-0.0,-0.0,-0.0
123191,-0.0,-0.0,-0.0
123216,-0.0,-0.0,-0.0
123240,-0.0,-0.0,-0.0
123265,-0.0,-0.0,-0.0
123289,-0.0,-0.0,-0.0
123314,-0.0,-0.0,-0.0
123339,-0.0,-0.0,-0.0
123367,-0.0,-0.0,-0.0
123392,-0.0,-0.0,-0.0
123416,-0.0,-0.0,-0.0
123442,-0.0,-0.0,-0.0
123466,-0.0,-0.0,-0.0
123490,-0.0,-0.0,-0.0
123515,-0.0,-0.0,-0.0
123539,-0.0,-0.0,-0.0
123564,-0.0,-0.0,-0.0
123589,-0.0,-0.0,-0.0
123617,-0.0,-0.0,-0.0
123642,-0.0,-0.0,-0.0
123666,-0.0,-0.0,-0.0
123691,-0.0,-0.0,-0.0
123715,-0.0,-0.0,-0.0
123740,-0.0,-0.0,-0.0
123765,-0.0,-0.0,-0.0
123789,-0.0,-0.0,-0.0
123814,-0.0,-0.0,-0.0
123838,-0.0,-0.0,-0.0
123867,-0.0,-0.0,-0.0
123892,-0.0,-0.0,-0.0
123916,-0.0,-0.0,-0.0
123941,-0.0,-0.0,-0.0
123965,-0.0,-0.0,-0.0
123990,-0.0,-0.0,-0.0
124015,-0.0,-0.0,-0.0
124039,-0.0,-0.0,-0.0
124064,-0.0,-0.0,-0.0
124088,-0.0,-0.0,-0.0
124113,-0.0,-0.0,-0.0
124142,-0.0,-0.0,-0.0
124166,-0.0,-0.0,-0.0
124191,-0.0,-0.0,-0.0
124216,-0.0,-0.0,-0.0
124240,-0.0,-0.0,-0.0
124264,-0.0,-0.0,-0.0
124289,-0.0,-0.0,-0.0
124314,-0.0,-0.0,-0.0
124338,-0.0,-0.0,-0.0
124363,-0.0,-0.0,-0.0
124392,-0.0,-0.0,-0.0
124416,-0.0,-0.0,-0.0
124441,-0.0,-0.0,-0.0
124465,-0.0,-0.0,-0.0
124490,-0.0,-0.0,-0.0
124514,-0.0,-0.0,-0.0
124539,-0.0,-0.0,-0.0
124563,-0.0,-0.0,-0.0
124588,-0.0,-0.0,-0.0
124612,-0.0,-0.0,-0.0
124641,-0.0,-0.0,-0.0
124666,-0.0,-0.0,-0.0
124690,-0.0,-0.0,-0.0
124715,-0.0,-0.0,-0.0
124740,-0.0,-0.0,-0.0
124764,-0.0,-0.0,-0.0
124788,-0.0,-0.0,-0.0
124813,-0.0,-0.0,-0.0
124838,-0.0,-0.0,-0.0
124862,-0.0,-0.0,-0.0
124891,-0.0,-0.0,-0.0
124915,-0.0,-0.0,-0.0
124940,-0.0,-0.0,-0.0
124965,-0.0,-0.0,-0.0
124989,-0.0,-0.0,-0.0
125014,-0.0,-0.0,-0.0
125038,-0.0,-0.0,-0.0
125063,-0.0,-0.0,-0.0
125088,-0.0,-0.0,-0.0
125113,-0.0,-0.0,-0.0
125141,-0.0,-0.0,-0.0
125166,-0.0,-0.0,-0.0
125190,-0.0,-0.0,-0.0
125215,-0.0,-0.0,-0.0
125240,-0.0,-0.0,-0.0
125264,-0.0,-0.0,-0.0
125288,-0.0,-0.0,-0.0
125313,-0.0,-0.0,-0.0
125338,-0.0,-0.0,-0.0
125362,-0.0,-0.0,-0.0
125387,-0.0,-0.0,-0.0
125415,-0.0,-0.0,-0.0
125441,-0.0,-0.0,-0.0
125465,-0.0,-0.0,-0.0
125489,-0.0,-0.0,-0.0
125514,-0.0,-0.0,-0.0
125538,-0.0,-0.0,-0.0
125563,-0.0,-0.0,-0.0
125588,-0.0,-0.0,-0.0
125612,-0.0,-0.0,-0.0
125637,-0.0,-0.0,-0.0
125665,-0.0,-0.0,-0.0
125690,-0.0,-0.0,-0.0
125714,-0.0,-0.0,-0.0
125739,-0.0,-0.0,-0.0
125763,-0.0,-0.0,-0.0
125788,-0.0,-0.0,-0.0
125813,-0.0,-0.0,-0.0
125837,-0.0,-0.0,-0.0
125862,-0.0,-0.0,-0.0
125887,-0.0,-0.0,-0.0
125915,-0.0,-0.0,-0.0
125939,-0.0,-0.0,-0.0
125964,-0.0,-0.0,-0.0
125989,-0.0,-0.0,-0.0
126013,-0.0,-0.0,-0.0
126038,-0.0,-0.0,-0.0
126063,-0.0,-0.0,-0.0
126087,-0.0,-0.0,-0.0
126112,-0.0,-0.0,-0.0
126136,-0.0,-0.0,-0.0
126165,-0.0,-0.0,-0.0
126189,-0.0,-0.0,-0.0
126214,-0.0,-0.0,-0.0
126238,-0.0,-0.0,-0.0
126264,-0.0,-0.0,-0.0
126288,-0.0,-0.0,-0.0
126313,-0.0,-0.0,-0.0
126337,-0.0,-0.0,-0.0
126362,-0.0,-0.0,-0.0
126386,-0.0,-0.0,-0.0
126415,-0.0,-0.0,-0.0
126439,-0.0,-0.0,-0.0
126464,-0.0,-0.0,-0.0
126488,-0.0,-0.0,-0.0
126514,-0.0,-0.0,-0.0
126538,-0.0,-0.0,-0.0
126562,-0.0,-0.0,-0.0
126587,-0.0,-0.0,-0.0
126612,-0.0,-0.0,-0.0
126636,-0.0,-0.0,-0.0
126661,-0.0,-0.0,-0.0
126689,-0.0,-0.0,-0.0
126714,-0.0,-0.0,-0.0
126738,-0.0,-0.0,-0.0
126763,-0.0,-0.0,-0.0
126788,-0.0,-0.0,-0.0
126812,-0.0,-0.0,-0.0
126836,-0.0,-0.0,-0.0
126861,-0.0,-0.0,-0.0
126886,-0.0,-0.0,-0.0
126910,-0.0,-0.0,-0.0
126939,-0.0,-0.0,-0.0
126964,-0.0,-0.0,-0.0
126988,-0.0,-0.0,-0.0
127013,-0.0,-0.0,-0.0
127037,-0.0,-0.0,-0.0
127062,-0.0,-0.0,-0.0
127087,-0.0,-0.0,-0.0
127112,-0.0,-0.0,-0.0
127136,-0.0,-0.0,-0.0
127160,-0.0,-0.0,-0.0
127189,-0.0,-0.0,-0.0
127214,-0.0,-0.0,-0.0
127238,-0.0,-0.0,-0.0
127263,-0.0,-0.0,-0.0
127287,-0.0,-0.0,-0.0
127312,-0.0,-0.0,-0.0
127336,-0.0,-0.0,-0.0
127361,-0.0,-0.0,-0.0
127385,-0.0,-0.0,-0.0
127410,-0.0,-0.0,-0.0
127438,-0.0,-0.0,-0.0
127464,-0.0,-0.0,-0.0
127488,-0.0,-0.0,-0.0
127512,-0.0,-0.0,-0.0
127537,-0.0,-0.0,-0.0
127561,-0.0,-0.0,-0.0
127586,-0.0,-0.0,-0.0
127611,-0.0,-0.0,-0.0
127635,-0.0,-0.0,-0.0
127660,-0.0,-0.0,-0.0
127688,-0.0,-0.0,-0.0
127713,-0.0,-0.0,-0.0
127738,-0.0,-0.0,-0.0
127762,-0.0,-0.0,-0.0
127787,-0.0,-0.0,-0.0
127812,-0.0,-0.0,-0.0
127836,-0.0,-0.0,-0.0
127861,-0.0,-0.0,-0.0
127885,-0.0,-0.0,-0.0
127910,-0.0,-0.0,-0.0
127935,-0.0,-0.0,-0.0
127963,-0.0,-0.0,-0.0
127987,-0.0,-0.0,-0.0
128012,-0.0,-0.0,-0.0
128037,-0.0,-0.0,-0.0
128062,-0.0,-0.0,-0.0
128086,-0.0,-0.0,-0.0
128110,-0.0,-0.0,-0.0
128135,-0.0,-0.0,-0.0
128159,-0.0,-0.0,-0.0
128184,-0.0,-0.0,-0.0
128213,-0.0,-0.0,-0.0
128237,-0.0,-0.0,-0.0
128262,-0.0,-0.0,-0.0
128286,-0.0,-0.0,-0.0
128311,-0.0,-0.0,-0.0
128344,-0.0,-0.0,-0.0
128372,-0.0,-0.0,-0.0
128405,-0.0,-0.0,-0.0
128438,-0.0,-0.0,-0.0
128463,-0.0,-0.0,-0.0
128487,-0.0,-0.0,-0.0
128516,-0.0,-0.0,-0.0
128540,-0.0,-0.0,-0.0
128565,-0.0,-0.0,-0.0
128589,-0.0,-0.0,-0.0
128614,-0.0,-0.0,-0.0
128638,-0.0,-0.0,-0.0
128663,-0.0,-0.0,-0.0
128688,-0.0,-0.0,-0.0
128713,-0.0,-0.0,-0.0
128737,-0.0,-0.0,-0.0
128761,-0.0,-0.0,-0.0
128790,-0.0,-0.0,-0.0
128819,-0.0,-0.0,-0.0
128852,-0.0,-0.0,-0.0
128885,-0.0,-0.0,-0.0
128910,-0.0,-0.0,-0.0
128934,-0.0,-0.0,-0.0
128959,-0.0,-0.0,-0.0
128983,-0.0,-0.0,-0.0
129015,-0.0,-0.0,-0.0
129048,-0.0,-0.0,-0.0
129077,-0.0,-0.0,-0.0
129101,-0.0,-0.0,-0.0
129126,-0.0,-0.0,-0.0
129155,-0.0,-0.0,-0.0
129183,-0.0,-0.0,-0.0
129216,-0.0,-0.0,-0.0
129241,-0.0,-0.0,-0.0
129265,-0.0,-0.0,-0.0
129290,-0.0,-0.0,-0.0
129314,-0.0,-0.0,-0.0
129339,-0.0,-0.0,-0.0
129364,-0.0,-0.0,-0.0
129388,-0.0,-0.0,-0.0
129417,-0.0,-0.0,-0.0
129441,-0.0,-0.0,-0.0
129466,-0.0,-0.0,-0.0
129490,-0.0,-0.0,-0.0
129516,-0.0,-0.0,-0.0
129540,-0.0,-0.0,-0.0
129565,-0.0,-0.0,-0.0
129589,-0.0,-0.0,-0.0
129622,-0.0,-0.0,-0.0
129651,-0.0,-0.0,-0.0
129683,-0.0,-0.0,-0.0
129708,-0.0,-0.0,-0.0
129733,-0.0,-0.0,-0.0
129757,-0.0,-0.0,-0.0
129782,-0.0,-0.0,-0.0
129810,-0.0,-0.0,-0.0
129835,-0.0,-0.0,-0.0
129859,-0.0,-0.0,-0.0
129884,-0.0,-0.0,-0.0
129909,-0.0,-0.0,-0.0
129933,-0.0,-0.0,-0.0
129957,-0.0,-0.0,-0.0
129990,-0.0,-0.0,-0.0
130019,-0.0,-0.0,-0.0
130047,-0.0,-0.0,-0.0
130072,-0.0,-0.0,-0.0
130097,-0.0,-0.0,-0.0
130121,-0.0,-0.0,-0.0
130146,-0.0,-0.0,-0.0
130170,-0.0,-0.0,-0.0
130195,-0.0,-0.0,-0.0
130220,-0.0,-0.0,-0.0
130244,-0.0,-0.0,-0.0
130269,-0.0,-0.0,-0.0
130294,-0.0,-0.0,-0.0
130322,-0.0,-0.0,-0.0
130346,-0.0,-0.0,-0.0
130371,-0.0,-0.0,-0.0
130396,-0.0,-0.0,-0.0
130421,-0.0,-0.0,-0.0
130445,-0.0,-0.0,-0.0
130469,-0.0,-0.0,-0.0
130494,-0.0,-0.0,-0.0
130519,-0.0,-0.0,-0.0
130543,-0.0,-0.0,-0.0
130572,-0.0,-0.0,-0.0
130597,-0.0,-0.0,-0.0
130621,-0.0,-0.0,-0.0
130646,-0.0,-0.0,-0.0
130670,-0.0,-0.0,-0.0
130695,-0.0,-0.0,-0.0
130719,-0.0,-0.0,-0.0
130744,-0.0,-0.0,-0.0
130769,-0.0,-0.0,-0.0
130793,-0.0,-0.0,-0.0
130822,-0.0,-0.0,-0.0
130847,-0.0,-0.0,-0.0
130871,-0.0,-0.0,-0.0
130896,-0.0,-0.0,-0.0
130920,-0.0,-0.0,-0.0
130944,-0.0,-0.0,-0.0
130969,-0.0,-0.0,-0.0
130994,-0.0,-0.0,-0.0
131018,-0.0,-0.0,-0.0
131043,-0.0,-0.0,-0.0
131071,-0.0,-0.0,-0.0
131096,-0.0,-0.0,-0.0
131121,-0.0,-0.0,-0.0
131146,-0.0,-0.0,-0.0
131170,-0.0,-0.0,-0.0
131194,-0.0,-0.0,-0.0
131219,-0.0,-0.0,-0.0
131243,-0.0,-0.0,-0.0
131268,-0.0,-0.0,-0.0
131293,-0.0,-0.0,-0.0
131321,-0.0,-0.0,-0.0
131346,-0.0,-0.0,-0.0
131370,-0.0,-0.0,-0.0
131395,-0.0,-0.0,-0.0
131420,-0.0,-0.0,-0.0
131445,-0.0,-0.0,-0.0
131469,-0.0,-0.0,-0.0
131493,-0.0,-0.0,-0.0
131518,-0.0,-0.0,-0.0
131543,-0.0,-0.0,-0.0
131567,-0.0,-0.0,-0.0
131596,-0.0,-0.0,-0.0
131620,-0.0,-0.0,-0.0
131645,-0.0,-0.0,-0.0
131670,-0.0,-0.0,-0.0
131694,-0.0,-0.0,-0.0
131719,-0.0,-0.0,-0.0
131744,-0.0,-0.0,-0.0
131768,-0.0,-0.0,-0.0
131793,-0.0,-0.0,-0.0
131817,-0.0,-0.0,-0.0
131846,-0.0,-0.0,-0.0
131870,-0.0,-0.0,-0.0
131895,-0.0,-0.0,-0.0
131919,-0.0,-0.0,-0.0
131944,-0.0,-0.0,-0.0
131969,-0.0,-0.0,-0.0
131993,-0.0,-0.0,-0.0
132018,-0.0,-0.0,-0.0
132042,-0.0,-0.0,-0.0
132067,-0.0,-0.0,-0.0
132096,-0.0,-0.0,-0.0
132120,-0.0,-0.0,-0.0
132144,-0.0,-0.0,-0.0
132169,-0.0,-0.0,-0.0
132194,-0.0,-0.0,-0.0
132219,-0.0,-0.0,-0.0
132243,-0.0,-0.0,-0.0
132268,-0.0,-0.0,-0.0
132292,-0.0,-0.0,-0.0
132317,-0.0,-0.0,-0.0
132345,-0.0,-0.0,-0.0
132370,-0.0,-0.0,-0.0
132394,-0.0,-0.0,-0.0
132419,-0.0,-0.0,-0.0
132444,-0.0,-0.0,-0.0
132468,-0.0,-0.0,-0.0
132493,-0.0,-0.0,-0.0
132518,-0.0,-0.0,-0.0
132543,-0.0,-0.0,-0.0
132567,-0.0,-0.0,-0.0
132595,-0.0,-0.0,-0.0
132620,-0.0,-0.0,-0.0
132644,-0.0,-0.0,-0.0
132669,-0.0,-0.0,-0.0
132694,-0.0,-0.0,-0.0
132718,-0.0,-0.0,-0.0
132743,-0.0,-0.0,-0.0
132768,-0.0,-0.0,-0.0
132792,-0.0,-0.0,-0.0
132817,-0.0,-0.0,-0.0
132841,-0.0,-0.0,-0.0
132870,-0.0,-0.0,-0.0
132894,-0.0,-0.0,-0.0
132919,-0.0,-0.0,-0.0
132944,-0.0,-0.0,-0.0
132968,-0.0,-0.0,-0.0
132993,-0.0,-0.0,-0.0
133017,-0.0,-0.0,-0.0
133042,-0.0,-0.0,-0.0
133066,-0.0,-0.0,-0.0
133091,-0.0,-0.0,-0.0
133120,-0.0,-0.0,-0.0
133144,-0.0,-0.0,-0.0
133169,-0.0,-0.0,-0.0
133193,-0.0,-0.0,-0.0
133218,-0.0,-0.0,-0.0
133243,-0.0,-0.0,-0.0
133267,-0.0,-0.0,-0.0
133292,-0.0,-0.0,-0.0
133317,-0.0,-0.0,-0.0
133341,-0.0,-0.0,-0.0
133369,-0.0,-0.0,-0.0
133394,-0.0,-0.0,-0.0
133418,-0.0,-0.0,-0.0
133443,-0.0,-0.0,-0.0
133468,-0.0,-0.0,-0.0
133492,-0.0,-0.0,-0.0
133517,-0.0,-0.0,-0.0
133543,-0.0,-0.0,-0.0
133566,-0.0,-0.0,-0.0
133591,-0.0,-0.0,-0.0
133619,-0.0,-0.0,-0.0
133644,-0.0,-0.0,-0.0
133668,-0.0,-0.0,-0.0
133693,-0.0,-0.0,-0.0
133717,-0.0,-0.0,-0.0
133742,-0.0,-0.0,-0.0
133767,-0.0,-0.0,-0.0
133791,-0.0,-0.0,-0.0
133824,-0.0,-0.0,-0.0
133857,-0.0,-0.0,-0.0
133889,-0.0,-0.0,-0.0
133922,-0.0,-0.0,-0.0
133955,-0.0,-0.0,-0.0
133980,-0.0,-0.0,-0.0
134004,-0.0,-0.0,-0.0
134029,-0.0,-0.0,-0.0
134053,-0.0,-0.0,-0.0
134078,-0.0,-0.0,-0.0
134102,-0.0,-0.0,-0.0
134127,-0.0,-0.0,-0.0
134152,-0.0,-0.0,-0.0
134176,-0.0,-0.0,-0.0
134205,-0.0,-0.0,-0.0
134229,-0.0,-0.0,-0.0
134254,-0.0,-0.0,-0.0
134287,-0.0,-0.0,-0.0
134319,-0.0,-0.0,-0.0
134348,-0.0,-0.0,-0.0
134381,-0.0,-0.0,-0.0
134414,-0.0,-0.0,-0.0
134438,-0.0,-0.0,-0.0
134463,-0.0,-0.0,-0.0
134488,-0.0,-0.0,-0.0
134512,-0.0,-0.0,-0.0
134537,-0.0,-0.0,-0.0
134562,-0.0,-0.0,-0.0
134590,-0.0,-0.0,-0.0
134614,-0.0,-0.0,-0.0
134643,-0.0,-0.0,-0.0
134676,-0.0,-0.0,-0.0
134708,-0.0,-0.0,-0.0
134737,-0.0,-0.0,-0.0
134762,-0.0,-0.0,-0.0
134787,-0.0,-0.0,-0.0
134819,-0.0,-0.0,-0.0
134852,-0.0,-0.0,-0.0
134881,-0.0,-0.0,-0.0
134905,-0.0,-0.0,-0.0
134930,-0.0,-0.0,-0.0
134958,-0.0,-0.0,-0.0
134983,-0.0,-0.0,-0.0
135007,-0.0,-0.0,-0.0
135032,-0.0,-0.0,-0.0
135057,-0.0,-0.0,-0.0
135081,-0.0,-0.0,-0.0
135106,-0.0,-0.0,-0.0
135131,-0.0,-0.0,-0.0
135155,-0.0,-0.0,-0.0
135180,-0.0,-0.0,-0.0
135208,-0.0,-0.0,-0.0
135233,-0.0,-0.0,-0.0
135257,-0.0,-0.0,-0.0
135282,-0.0,-0.0,-0.0
135307,-0.0,-0.0,-0.0
135331,-0.0,-0.0,-0.0
135356,-0.0,-0.0,-0.0
135380,-0.0,-0.0,-0.0
135405,-0.0,-0.0,-0.0
135429,-0.0,-0.0,-0.0
135454,-0.0,-0.0,-0.0
135484,-0.0,-0.0,-0.0
135507,-0.0,-0.0,-0.0
135533,-0.0,-0.0,-0.0
135557,-0.0,-0.0,-0.0
135581,-0.0,-0.0,-0.0
135606,-0.0,-0.0,-0.0
135631,-0.0,-0.0,-0.0
135655,-0.0,-0.0,-0.0
135680,-0.0,-0.0,-0.0
135704,-0.0,-0.0,-0.0
135732,-0.0,-0.0,-0.0
135757,-0.0,-0.0,-0.0
135782,-0.0,-0.0,-0.0
135807,-0.0,-0.0,-0.0
135831,-0.0,-0.0,-0.0
135855,-0.0,-0.0,-0.0
135880,-0.0,-0.0,-0.0
135905,-0.0,-0.0,-0.0
135930,-0.0,-0.0,-0.0
135954,-0.0,-0.0,-0.0
135982,-0.0,-0.0,-0.0
136007,-0.0,-0.0,-0.0
136032,-0.0,-0.0,-0.0
136056,-0.0,-0.0,-0.0
136081,-0.0,-0.0,-0.0
136105,-0.0,-0.0,-0.0
136130,-0.0,-0.0,-0.0
136154,-0.0,-0.0,-0.0
136179,-0.0,-0.0,-0.0
136204,-0.0,-0.0,-0.0
136232,-0.0,-0.0,-0.0
136257,-0.0,-0.0,-0.0
136282,-0.0,-0.0,-0.0
136306,-0.0,-0.0,-0.0
136331,-0.0,-0.0,-0.0
136355,-0.0,-0.0,-0.0
136380,-0.0,-0.0,-0.0
136404,-0.0,-0.0,-0.0
136429,-0.0,-0.0,-0.0
136454,-0.0,-0.0,-0.0
136482,-0.0,-0.0,-0.0
136507,-0.0,-0.0,-0.0
136531,-0.0,-0.0,-0.0
136556,-0.0,-0.0,-0.0
136581,-0.0,-0.0,-0.0
136605,-0.0,-0.0,-0.0
136630,-0.0,-0.0,-0.0
136654,-0.0,-0.0,-0.0
136679,-0.0,-0.0,-0.0
136703,-0.0,-0.0,-0.0
136728,-0.0,-0.0,-0.0
136757,-0.0,-0.0,-0.0
136781,-0.0,-0.0,-0.0
136806,-0.0,-0.0,-0.0
136830,-0.0,-0.0,-0.0
136855,-0.0,-0.0,-0.0
136879,-0.0,-0.0,-0.0
136904,-0.0,-0.0,-0.0
136928,-0.0,-0.0,-0.0
136953,-0.0,-0.0,-0.0
136978,-0.0,-0.0,-0.0
137006,-0.0,-0.0,-0.0
137031,-0.0,-0.0,-0.0
137055,-0.0,-0.0,-0.0
137080,-0.0,-0.0,-0.0
137105,-0.0,-0.0,-0.0
137130,-0.0,-0.0,-0.0
137154,-0.0,-0.0,-0.0
137179,-0.0,-0.0,-0.0
137203,-0.0,-0.0,-0.0
137228,-0.0,-0.0,-0.0
137256,-0.0,-0.0,-0.0
137281,-0.0,-0.0,-0.0
137306,-0.0,-0.0,-0.0
137330,-0.0,-0.0,-0.0
137354,-0.0,-0.0,-0.0
137379,-0.0,-0.0,-0.0
137404,-0.0,-0.0,-0.0
137429,-0.0,-0.0,-0.0
137453,-0.0,-0.0,-0.0
137478,-0.0,-0.0,-0.0
137506,-0.0,-0.0,-0.0
137531,-0.0,-0.0,-0.0
137555,-0.0,-0.0,-0.0
137580,-0.0,-0.0,-0.0
137604,-0.0,-0.0,-0.0
137629,-0.0,-0.0,-0.0
137654,-0.0,-0.0,-0.0
137678,-0.0,-0.0,-0.0
137703,-0.0,-0.0,-0.0
137727,-0.0,-0.0,-0.0
137756,-0.0,-0.0,-0.0
137780,-0.0,-0.0,-0.0
137805,-0.0,-0.0,-0.0
137830,-0.0,-0.0,-0.0
137854,-0.0,-0.0,-0.0
137879,-0.0,-0.0,-0.0
137903,-0.0,-0.0,-0.0
137928,-0.0,-0.0,-0.0
137953,-0.0,-0.0,-0.0
137977,-0.0,-0.0,-0.0
138002,-0.0,-0.0,-0.0
138030,-0.0,-0.0,-0.0
138055,-0.0,-0.0,-0.0
138080,-0.0,-0.0,-0.0
138104,-0.0,-0.0,-0.0
138129,-0.0,-0.0,-0.0
138153,-0.0,-0.0,-0.0
138178,-0.0,-0.0,-0.0
138203,-0.0,-0.0,-0.0
138227,-0.0,-0.0,-0.0
138252,-0.0,-0.0,-0.0
138281,-0.0,-0.0,-0.0
138305,-0.0,-0.0,-0.0
138330,-0.0,-0.0,-0.0
138354,-0.0,-0.0,-0.0
138379,-0.0,-0.0,-0.0
138403,-0.0,-0.0,-0.0
138428,-0.0,-0.0,-0.0
138452,-0.0,-0.0,-0.0
138477,-0.0,-0.0,-0.0
138501,-0.0,-0.0,-0.0
138530,-0.0,-0.0,-0.0
138554,-0.0,-0.0,-0.0
138579,-0.0,-0.0,-0.0
138604,-0.0,-0.0,-0.0
138629,-0.0,-0.0,-0.0
138653,-0.0,-0.0,-0.0
138678,-0.0,-0.0,-0.0
138702,-0.0,-0.0,-0.0
138727,-0.0,-0.0,-0.0
138751,-0.0,-0.0,-0.0
138780,-0.0,-0.0,-0.0
138804,-0.0,-0.0,-0.0
138829,-0.0,-0.0,-0.0
138854,-0.0,-0.0,-0.0
138878,-0.0,-0.0,-0.0
138903,-0.0,-0.0,-0.0
138928,-0.0,-0.0,-0.0
138952,-0.0,-0.0,-0.0
138976,-0.0,-0.0,-0.0
139001,-0.0,-0.0,-0.0
139030,-0.0,-0.0,-0.0
139054,-0.0,-0.0,-0.0
139079,-0.0,-0.0,-0.0
139103,-0.0,-0.0,-0.0
139128,-0.0,-0.0,-0.0
139152,-0.0,-0.0,-0.0
139177,-0.0,-0.0,-0.0
139202,-0.0,-0.0,-0.0
139226,-0.0,-0.0,-0.0
139251,-0.0,-0.0,-0.0
139275,-0.0,-0.0,-0.0
139304,-0.0,-0.0,-0.0
139329,-0.0,-0.0,-0.0
139353,-0.0,-0.0,-0.0
139378,-0.0,-0.0,-0.0
139402,-0.0,-0.0,-0.0
139427,-0.0,-0.0,-0.0
139452,-0.0,-0.0,-0.0
139476,-0.0,-0.0,-0.0
139501,-0.0,-0.0,-0.0
139526,-0.0,-0.0,-0.0
139554,-0.0,-0.0,-0.0
139579,-0.0,-0.0,-0.0
139603,-0.0,-0.0,-0.0
139628,-0.0,-0.0,-0.0
139652,-0.0,-0.0,-0.0
139677,-0.0,-0.0,-0.0
139701,-0.0,-0.0,-0.0
139726,-0.0,-0.0,-0.0
139751,-0.0,-0.0,-0.0
139775,-0.0,-0.0,-0.0
139804,-0.0,-0.0,-0.0
139829,-0.0,-0.0,-0.0
139853,-0.0,-0.0,-0.0
139878,-0.0,-0.0,-0.0
139902,-0.0,-0.0,-0.0
139927,-0.0,-0.0,-0.0
139951,-0.0,-0.0,-0.0
139976,-0.0,-0.0,-0.0
140001,-0.0,-0.0,-0.0
140025,-0.0,-0.0,-0.0
140053,-0.0,-0.0,-0.0
140078,-0.0,-0.0,-0.0
140103,-0.0,-0.0,-0.0
140127,-0.0,-0.0,-0.0
140152,-0.0,-0.0,-0.0
140177,-0.0,-0.0,-0.0
140201,-0.0,-0.0,-0.0
140227,-0.0,-0.0,-0.0
140250,-0.0,-0.0,-0.0
140275,-0.0,-0.0,-0.0
140303,-0.0,-0.0,-0.0
140328,-0.0,-0.0,-0.0
140353,-0.0,-0.0,-0.0
140377,-0.0,-0.0,-0.0
140402,-0.0,-0.0,-0.0
140426,-0.0,-0.0,-0.0
140451,-0.0,-0.0,-0.0
140476,-0.0,-0.0,-0.0
140501,-0.0,-0.0,-0.0
140525,-0.0,-0.0,-0.0
140549,-0.0,-0.0,-0.0
140578,-0.0,-0.0,-0.0
140602,-0.0,-0.0,-0.0
140627,-0.0,-0.0,-0.0
140653,-0.0,-0.0,-0.0
140676,-0.0,-0.0,-0.0
140701,-0.0,-0.0,-0.0
140725,-0.0,-0.0,-0.0
140758,-0.0,-0.0,-0.0
140787,-0.0,-0.0,-0.0
140820,-0.0,-0.0,-0.0
140852,-0.0,-0.0,-0.0
140877,-0.0,-0.0,-0.0
140902,-0.0,-0.0,-0.0
140926,-0.0,-0.0,-0.0
140951,-0.0,-0.0,-0.0
140975,-0.0,-0.0,-0.0
141000,-0.0,-0.0,-0.0
141025,-0.0,-0.0,-0.0
141049,-0.0,-0.0,-0.0
141078,-0.0,-0.0,-0.0
141102,-0.0,-0.0,-0.0
141127,-0.0,-0.0,-0.0
141152,-0.0,-0.0,-0.0
141176,-0.0,-0.0,-0.0
141201,-0.0,-0.0,-0.0
141225,-0.0,-0.0,-0.0
141249,-0.0,-0.0,-0.0
141274,-0.0,-0.0,-0.0
141299,-0.0,-0.0,-0.0
141327,-0.0,-0.0,-0.0
141352,-0.0,-0.0,-0.0
141376,-0.0,-0.0,-0.0
141401,-0.0,-0.0,-0.0
141426,-0.0,-0.0,-0.0
141451,-0.0,-0.0,-0.0
141475,-0.0,-0.0,-0.0
141499,-0.0,-0.0,-0.0
141524,-0.0,-0.0,-0.0
141549,-0.0,-0.0,-0.0
141577,-0.0,-0.0,-0.0
141602,-0.0,-0.0,-0.0
141626,-0.0,-0.0,-0.0
141651,-0.0,-0.0,-0.0
141676,-0.0,-0.0,-0.0
141701,-0.0,-0.0,-0.0
141725,-0.0,-0.0,-0.0
141750,-0.0,-0.0,-0.0
141774,-0.0,-0.0,-0.0
141799,-0.0,-0.0,-0.0
141824,-0.0,-0.0,-0.0
141852,-0.0,-0.0,-0.0
141876,-0.0,-0.0,-0.0
141901,-0.0,-0.0,-0.0
141926,-0.0,-0.0,-0.0
141950,-0.0,-0.0,-0.0
141975,-0.0,-0.0,-0.0
141999,-0.0,-0.0,-0.0
142024,-0.0,-0.0,-0.0
142048,-0.0,-0.0,-0.0
142073,-0.0,-0.0,-0.0
142102,-0.0,-0.0,-0.0
142126,-0.0,-0.0,-0.0
142151,-0.0,-0.0,-0.0
142176,-0.0,-0.0,-0.0
142200,-0.0,-0.0,-0.0
142225,-0.0,-0.0,-0.0
142249,-0.0,-0.0,-0.0
142274,-0.0,-0.0,-0.0
142298,-0.0,-0.0,-0.0
142323,-0.0,-0.0,-0.0
142351,-0.0,-0.0,-0.0
142376,-0.0,-0.0,-0.0
142400,-0.0,-0.0,-0.0
142425,-0.0,-0.0,-0.0
142450,-0.0,-0.0,-0.0
142475,-0.0,-0.0,-0.0
142499,-0.0,-0.0,-0.0
142524,-0.0,-0.0,-0.0
142548,-0.0,-0.0,-0.0
142573,-0.0,-0.0,-0.0
142601,-0.0,-0.0,-0.0
142626,-0.0,-0.0,-0.0
142651,-0.0,-0.0,-0.0
142675,-0.0,-0.0,-0.0
142700,-0.0,-0.0,-0.0
142724,-0.0,-0.0,-0.0
142749,-0.0,-0.0,-0.0
142774,-0.0,-0.0,-0.0
142798,-0.0,-0.0,-0.0
142823,-0.0,-0.0,-0.0
142851,-0.0,-0.0,-0.0
142876,-0.0,-0.0,-0.0
142900,-0.0,-0.0,-0.0
142925,-0.0,-0.0,-0.0
142949,-0.0,-0.0,-0.0
142974,-0.0,-0.0,-0.0
142999,-0.0,-0.0,-0.0
143023,-0.0,-0.0,-0.0
143056,-0.0,-0.0,-0.0
143085,-0.0,-0.0,-0.0
143118,-0.0,-0.0,-0.0
143150,-0.0,-0.0,-0.0
143179,-0.0,-0.0,-0.0
143204,-0.0,-0.0,-0.0
143232,-0.0,-0.0,-0.0
143257,-0.0,-0.0,-0.0
143281,-0.0,-0.0,-0.0
143305,-0.0,-0.0,-0.0
143330,-0.0,-0.0,-0.0
143355,-0.0,-0.0,-0.0
143379,-0.0,-0.0,-0.0
143404,-0.0,-0.0,-0.0
143429,-0.0,-0.0,-0.0
143453,-0.0,-0.0,-0.0
143478,-0.0,-0.0,-0.0
143506,-0.0,-0.0,-0.0
143531,-0.0,-0.0,-0.0
143556,-0.0,-0.0,-0.0
143580,-0.0,-0.0,-0.0
143605,-0.0,-0.0,-0.0
143629,-0.0,-0.0,-0.0
143654,-0.0,-0.0,-0.0
143679,-0.0,-0.0,-0.0
143703,-0.0,-0.0,-0.0
143728,-0.0,-0.0,-0.0
143757,-0.0,-0.0,-0.0
143781,-0.0,-0.0,-0.0
143805,-0.0,-0.0,-0.0
143830,-0.0,-0.0,-0.0
143854,-0.0,-0.0,-0.0
143887,-0.0,-0.0,-0.0
143917,-0.0,-0.0,-0.0
143949,-0.0,-0.0,-0.0
143977,-0.0,-0.0,-0.0
144011,-0.0,-0.0,-0.0
144035,-0.0,-0.0,-0.0
144059,-0.0,-0.0,-0.0
144085,-0.0,-0.0,-0.0
144108,-0.0,-0.0,-0.0
144137,-0.0,-0.0,-0.0
144162,-0.0,-0.0,-0.0
144187,-0.0,-0.0,-0.0
144211,-0.0,-0.0,-0.0
144235,-0.0,-0.0,-0.0
144260,-0.0,-0.0,-0.0
144284,-0.0,-0.0,-0.0
144309,-0.0,-0.0,-0.0
144334,-0.0,-0.0,-0.0
144358,-0.0,-0.0,-0.0
144387,-0.0,-0.0,-0.0
144412,-0.0,-0.0,-0.0
144436,-0.0,-0.0,-0.0
144461,-0.0,-0.0,-0.0
144485,-0.0,-0.0,-0.0
144510,-0.0,-0.0,-0.0
144535,-0.0,-0.0,-0.0
144559,-0.0,-0.0,-0.0
144584,-0.0,-0.0,-0.0
144609,-0.0,-0.0,-0.0
144637,-0.0,-0.0,-0.0
144661,-0.0,-0.0,-0.0
144686,-0.0,-0.0,-0.0
144711,-0.0,-0.0,-0.0
144735,-0.0,-0.0,-0.0
144760,-0.0,-0.0,-0.0
144784,-0.0,-0.0,-0.0
144809,-0.0,-0.0,-0.0
144834,-0.0,-0.0,-0.0
144858,-0.0,-0.0,-0.0
144887,-0.0,-0.0,-0.0
144911,-0.0,-0.0,-0.0
144936,-0.0,-0.0,-0.0
144961,-0.0,-0.0,-0.0
144985,-0.0,-0.0,-0.0
145010,-0.0,-0.0,-0.0
145034,-0.0,-0.0,-0.0
145059,-0.0,-0.0,-0.0
145084,-0.0,-0.0,-0.0
145108,-0.0,-0.0,-0.0
145132,-0.0,-0.0,-0.0
145161,-0.0,-0.0,-0.0
145186,-0.0,-0.0,-0.0
145211,-0.0,-0.0,-0.0
145235,-0.0,-0.0,-0.0
145260,-0.0,-0.0,-0.0
145284,-0.0,-0.0,-0.0
145308,-0.0,-0.0,-0.0
145333,-0.0,-0.0,-0.0
145358,-0.0,-0.0,-0.0
145382,-0.0,-0.0,-0.0
145411,-0.0,-0.0,-0.0
145435,-0.0,-0.0,-0.0
145460,-0.0,-0.0,-0.0
145485,-0.0,-0.0,-0.0
145509,-0.0,-0.0,-0.0
145534,-0.0,-0.0,-0.0
145558,-0.0,-0.0,-0.0
145583,-0.0,-0.0,-0.0
145608,-0.0,-0.0,-0.0
145632,-0.0,-0.0,-0.0
145661,-0.0,-0.0,-0.0
145685,-0.0,-0.0,-0.0
145710,-0.0,-0.0,-0.0
145735,-0.0,-0.0,-0.0
145759,-0.0,-0.0,-0.0
145784,-0.0,-0.0,-0.0
145808,-0.0,-0.0,-0.0
145833,-0.0,-0.0,-0.0
145858,-0.0,-0.0,-0.0
145882,-0.0,-0.0,-0.0
145911,-0.0,-0.0,-0.0
145935,-0.0,-0.0,-0.0
145960,-0.0,-0.0,-0.0
145984,-0.0,-0.0,-0.0
146009,-0.0,-0.0,-0.0
146034,-0.0,-0.0,-0.0
146058,-0.0,-0.0,-0.0
146083,-0.0,-0.0,-0.0
146107,-0.0,-0.0,-0.0
146132,-0.0,-0.0,-0.0
146165,-0.0,-0.0,-0.0
146198,-0.0,-0.0,-0.0
146226,-0.0,-0.0,-0.0
146259,-0.0,-0.0,-0.0
146292,-0.0,-0.0,-0.0
146316,-0.0,-0.0,-0.0
146341,-0.0,-0.0,-0.0
146365,-0.0,-0.0,-0.0
146390,-0.0,-0.0,-0.0
146415,-0.0,-0.0,-0.0
146439,-0.0,-0.0,-0.0
146464,-0.0,-0.0,-0.0
146488,-0.0,-0.0,-0.0
146513,-0.0,-0.0,-0.0
146542,-0.0,-0.0,-0.0
146570,-0.0,-0.0,-0.0
146603,-0.0,-0.0,-0.0
146632,-0.0,-0.0,-0.0
146665,-0.0,-0.0,-0.0
146689,-0.0,-0.0,-0.0
146714,-0.0,-0.0,-0.0
146738,-0.0,-0.0,-0.0
146763,-0.0,-0.0,-0.0
146787,-0.0,-0.0,-0.0
146816,-0.0,-0.0,-0.0
146841,-0.0,-0.0,-0.0
146865,-0.0,-0.0,-0.0
146890,-0.0,-0.0,-0.0
146915,-0.0,-0.0,-0.0
146939,-0.0,-0.0,-0.0
146963,-0.0,-0.0,-0.0
146988,-0.0,-0.0,-0.0
147012,-0.0,-0.0,-0.0
147037,-0.0,-0.0,-0.0
147066,-0.0,-0.0,-0.0
147091,-0.0,-0.0,-0.0
147115,-0.0,-0.0,-0.0
147139,-0.0,-0.0,-0.0
147164,-0.0,-0.0,-0.0
147188,-0.0,-0.0,-0.0
147213,-0.0,-0.0,-0.0
147238,-0.0,-0.0,-0.0
147262,-0.0,-0.0,-0.0
147287,-0.0,-0.0,-0.0
147315,-0.0,-0.0,-0.0
147340,-0.0,-0.0,-0.0
147365,-0.0,-0.0,-0.0
147389,-0.0,-0.0,-0.0
147414,-0.0,-0.0,-0.0
147438,-0.0,-0.0,-0.0
147463,-0.0,-0.0,-0.0
147487,-0.0,-0.0,-0.0
147512,-0.0,-0.0,-0.0
147537,-0.0,-0.0,-0.0
147566,-0.0,-0.0,-0.0
147590,-0.0,-0.0,-0.0
147615,-0.0,-0.0,-0.0
147639,-0.0,-0.0,-0.0
147664,-0.0,-0.0,-0.0
147688,-0.0,-0.0,-0.0
147713,-0.0,-0.0,-0.0
147737,-0.0,-0.0,-0.0
147763,-0.0,-0.0,-0.0
147787,-0.0,-0.0,-0.0
147815,-0.0,-0.0,-0.0
147840,-0.0,-0.0,-0.0
147865,-0.0,-0.0,-0.0
147890,-0.0,-0.0,-0.0
147914,-0.0,-0.0,-0.0
147938,-0.0,-0.0,-0.0
147962,-0.0,-0.0,-0.0
147987,-0.0,-0.0,-0.0
148012,-0.0,-0.0,-0.0
148037,-0.0,-0.0,-0.0
148061,-0.0,-0.0,-0.0
148090,-0.0,-0.0,-0.0
148114,-0.0,-0.0,-0.0
148139,-0.0,-0.0,-0.0
148164,-0.0,-0.0,-0.0
148188,-0.0,-0.0,-0.0
148213,-0.0,-0.0,-0.0
148237,-0.0,-0.0,-0.0
148262,-0.0,-0.0,-0.0
148286,-0.0,-0.0,-0.0
148311,-0.0,-0.0,-0.0
148340,-0.0,-0.0,-0.0
148364,-0.0,-0.0,-0.0
148388,-0.0,-0.0,-0.0
148413,-0.0,-0.0,-0.0
148438,-0.0,-0.0,-0.0
148463,-0.0,-0.0,-0.0
148487,-0.0,-0.0,-0.0
148512,-0.0,-0.0,-0.0
148536,-0.0,-0.0,-0.0
148561,-0.0,-0.0,-0.0
148590,-0.0,-0.0,-0.0
148614,-0.0,-0.0,-0.0
148638,-0.0,-0.0,-0.0
148663,-0.0,-0.0,-0.0
148687,-0.0,-0.0,-0.0
148712,-0.0,-0.0,-0.0
148737,-0.0,-0.0,-0.0
148762,-0.0,-0.0,-0.0
148786,-0.0,-0.0,-0.0
148811,-0.0,-0.0,-0.0
148839,-0.0,-0.0,-0.0
148864,-0.0,-0.0,-0.0
148888,-0.0,-0.0,-0.0
148913,-0.0,-0.0,-0.0
148937,-0.0,-0.0,-0.0
148962,-0.0,-0.0,-0.0
148987,-0.0,-0.0,-0.0
149011,-0.0,-0.0,-0.0
149036,-0.0,-0.0,-0.0
149061,-0.0,-0.0,-0.0
149089,-0.0,-0.0,-0.0
149114,-0.0,-0.0,-0.0
149138,-0.0,-0.0,-0.0
149163,-0.0,-0.0,-0.0
149187,-0.0,-0.0,-0.0
149212,-0.0,-0.0,-0.0
149236,-0.0,-0.0,-0.0
149261,-0.0,-0.0,-0.0
149286,-0.0,-0.0,-0.0
149310,-0.0,-0.0,-0.0
149335,-0.0,-0.0,-0.0
149363,-0.0,-0.0,-0.0
149388,-0.0,-0.0,-0.0
149413,-0.0,-0.0,-0.0
149437,-0.0,-0.0,-0.0
149462,-0.0,-0.0,-0.0
149487,-0.0,-0.0,-0.0
149511,-0.0,-0.0,-0.0
149535,-0.0,-0.0,-0.0
149560,-0.0,-0.0,-0.0
149585,-0.0,-0.0,-0.0
149614,-0.0,-0.0,-0.0
149638,-0.0,-0.0,-0.0
149663,-0.0,-0.0,-0.0
149687,-0.0,-0.0,-0.0
149712,-0.0,-0.0,-0.0
149736,-0.0,-0.0,-0.0
149761,-0.0,-0.0,-0.0
149785,-0.0,-0.0,-0.0
149810,-0.0,-0.0,-0.0
149835,-0.0,-0.0,-0.0
149863,-0.0,-0.0,-0.0
149887,-0.0,-0.0,-0.0
149912,-0.0,-0.0,-0.0
149937,-0.0,-0.0,-0.0
149962,-0.0,-0.0,-0.0
149986,-0.0,-0.0,-0.0
150011,-0.0,-0.0,-0.0
150035,-0.0,-0.0,-0.0
150060,-0.0,-0.0,-0.0
150084,-0.0,-0.0,-0.0
150113,-0.0,-0.0,-0.0
150137,-0.0,-0.0,-0.0
150162,-0.0,-0.0,-0.0
150187,-0.0,-0.0,-0.0
150211,-0.0,-0.0,-0.0
150236,-0.0,-0.0,-0.0
150260,-0.0,-0.0,-0.0
150285,-0.0,-0.0,-0.0
150309,-0.0,-0.0,-0.0
150334,-0.0,-0.0,-0.0
150363,-0.0,-0.0,-0.0
150387,-0.0,-0.0,-0.0
150412,-0.0,-0.0,-0.0
150436,-0.0,-0.0,-0.0
150461,-0.0,-0.0,-0.0
150486,-0.0,-0.0,-0.0
150510,-0.0,-0.0,-0.0
150535,-0.0,-0.0,-0.0
150560,-0.0,-0.0,-0.0
150584,-0.0,-0.0,-0.0
150609,-0.0,-0.0,-0.0
150637,-0.0,-0.0,-0.0
150662,-0.0,-0.0,-0.0
150686,-0.0,-0.0,-0.0
150711,-0.0,-0.0,-0.0
150736,-0.0,-0.0,-0.0
150760,-0.0,-0.0,-0.0
150785,-0.0,-0.0,-0.0
150809,-0.0,-0.0,-0.0
150834,-0.0,-0.0,-0.0
150858,-0.0,-0.0,-0.0
150887,-0.0,-0.0,-0.0
150912,-0.0,-0.0,-0.0
150937,-0.0,-0.0,-0.0
150961,-0.0,-0.0,-0.0
150986,-0.0,-0.0,-0.0
151010,-0.0,-0.0,-0.0
151035,-0.0,-0.0,-0.0
151059,-0.0,-0.0,-0.0
151084,-0.0,-0.0,-0.0
151108,-0.0,-0.0,-0.0
151137,-0.0,-0.0,-0.0
151162,-0.0,-0.0,-0.0
151186,-0.0,-0.0,-0.0
151211,-0.0,-0.0,-0.0
151235,-0.0,-0.0,-0.0
151260,-0.0,-0.0,-0.0
151284,-0.0,-0.0,-0.0
151309,-0.0,-0.0,-0.0
151334,-0.0,-0.0,-0.0
151358,-0.0,-0.0,-0.0
151387,-0.0,-0.0,-0.0
151412,-0.0,-0.0,-0.0
151436,-0.0,-0.0,-0.0
151461,-0.0,-0.0,-0.0
151485,-0.0,-0.0,-0.0
151510,-0.0,-0.0,-0.0
151534,-0.0,-0.0,-0.0
151559,-0.0,-0.0,-0.0
151583,-0.0,-0.0,-0.0
151608,-0.0,-0.0,-0.0
151636,-0.0,-0.0,-0.0
151661,-0.0,-0.0,-0.0
151686,-0.0,-0.0,-0.0
151710,-0.0,-0.0,-0.0
151735,-0.0,-0.0,-0.0
151760,-0.0,-0.0,-0.0
151784,-0.0,-0.0,-0.0
151809,-0.0,-0.0,-0.0
151834,-0.0,-0.0,-0.0
151858,-0.0,-0.0,-0.0
151883,-0.0,-0.0,-0.0
151911,-0.0,-0.0,-0.0
151935,-0.0,-0.0,-0.0
151960,-0.0,-0.0,-0.0
151986,-0.0,-0.0,-0.0
152010,-0.0,-0.0,-0.0
152034,-0.0,-0.0,-0.0
152058,-0.0,-0.0,-0.0
152084,-0.0,-0.0,-0.0
152108,-0.0,-0.0,-0.0
152133,-0.0,-0.0,-0.0
152161,-0.0,-0.0,-0.0
152185,-0.0,-0.0,-0.0
152210,-0.0,-0.0,-0.0
152234,-0.0,-0.0,-0.0
152259,-0.0,-0.0,-0.0
152284,-0.0,-0.0,-0.0
152309,-0.0,-0.0,-0.0
152333,-0.0,-0.0,-0.0
152358,-0.0,-0.0,-0.0
152382,-0.0,-0.0,-0.0
152410,-0.0,-0.0,-0.0
152435,-0.0,-0.0,-0.0
152460,-0.0,-0.0,-0.0
152484,-0.0,-0.0,-0.0
152509,-0.0,-0.0,-0.0
152534,-0.0,-0.0,-0.0
152558,-0.0,-0.0,-0.0
152583,-0.0,-0.0,-0.0
152607,-0.0,-0.0,-0.0
152632,-0.0,-0.0,-0.0
152661,-0.0,-0.0,-0.0
152685,-0.0,-0.0,-0.0
152710,-0.0,-0.0,-0.0
152734,-0.0,-0.0,-0.0
152759,-0.0,-0.0,-0.0
152784,-0.0,-0.0,-0.0
152808,-0.0,-0.0,-0.0
152832,-0.0,-0.0,-0.0
152858,-0.0,-0.0,-0.0
152882,-0.0,-0.0,-0.0
152911,-0.0,-0.0,-0.0
152935,-0.0,-0.0,-0.0
152960,-0.0,-0.0,-0.0
152984,-0.0,-0.0,-0.0
153009,-0.0,-0.0,-0.0
153034,-0.0,-0.0,-0.0
153059,-0.0,-0.0,-0.0
153083,-0.0,-0.0,-0.0
153107,-0.0,-0.0,-0.0
153131,-0.0,-0.0,-0.0
153156,-0.0,-0.0,-0.0
153185,-0.0,-0.0,-0.0
153210,-0.0,-0.0,-0.0
153234,-0.0,-0.0,-0.0
153259,-0.0,-0.0,-0.0
153284,-0.0,-0.0,-0.0
153308,-0.0,-0.0,-0.0
153333,-0.0,-0.0,-0.0
153357,-0.0,-0.0,-0.0
153382,-0.0,-0.0,-0.0
153407,-0.0,-0.0,-0.0
153435,-0.0,-0.0,-0.0
153459,-0.0,-0.0,-0.0
153484,-0.0,-0.0,-0.0
153509,-0.0,-0.0,-0.0
153533,-0.0,-0.0,-0.0
153558,-0.0,-0.0,-0.0
153582,-0.0,-0.0,-0.0
153607,-0.0,-0.0,-0.0
153631,-0.0,-0.0,-0.0
153656,-0.0,-0.0,-0.0
153684,-0.0,-0.0,-0.0
153709,-0.0,-0.0,-0.0
153734,-0.0,-0.0,-0.0
153759,-0.0,-0.0,-0.0
153783,-0.0,-0.0,-0.0
153808,-0.0,-0.0,-0.0
153832,-0.0,-0.0,-0.0
153857,-0.0,-0.0,-0.0
153882,-0.0,-0.0,-0.0
153905,-0.0,-0.0,-0.0
153934,-0.0,-0.0,-0.0
153959,-0.0,-0.0,-0.0
153984,-0.0,-0.0,-0.0
154008,-0.0,-0.0,-0.0
154033,-0.0,-0.0,-0.0
154058,-0.0,-0.0,-0.0
154082,-0.0,-0.0,-0.0
154107,-0.0,-0.0,-0.0
154131,-0.0,-0.0,-0.0
154155,-0.0,-0.0,-0.0
154184,-0.0,-0.0,-0.0
154209,-0.0,-0.0,-0.0
154233,-0.0,-0.0,-0.0
154258,-0.0,-0.0,-0.0
154283,-0.0,-0.0,-0.0
154307,-0.0,-0.0,-0.0
154332,-0.0,-0.0,-0.0
154356,-0.0,-0.0,-0.0
154381,-0.0,-0.0,-0.0
154405,-0.0,-0.0,-0.0
154430,-0.0,-0.0,-0.0
154459,-0.0,-0.0,-0.0
154484,-0.0,-0.0,-0.0
154508,-0.0,-0.0,-0.0
154533,-0.0,-0.0,-0.0
154557,-0.0,-0.0,-0.0
154582,-0.0,-0.0,-0.0
154606,-0.0,-0.0,-0.0
154630,-0.0,-0.0,-0.0
154655,-0.0,-0.0,-0.0
154680,-0.0,-0.0,-0.0
154708,-0.0,-0.0,-0.0
154733,-0.0,-0.0,-0.0
154758,-0.0,-0.0,-0.0
154782,-0.0,-0.0,-0.0
154807,-0.0,-0.0,-0.0
154831,-0.0,-0.0,-0.0
154856,-0.0,-0.0,-0.0
154880,-0.0,-0.0,-0.0
154905,-0.0,-0.0,-0.0
154930,-0.0,-0.0,-0.0
154959,-0.0,-0.0,-0.0
154983,-0.0,-0.0,-0.0
155008,-0.0,-0.0,-0.0
155032,-0.0,-0.0,-0.0
155056,-0.0,-0.0,-0.0
155081,-0.0,-0.0,-0.0
155106,-0.0,-0.0,-0.0
155131,-0.0,-0.0,-0.0
155155,-0.0,-0.0,-0.0
155180,-0.0,-0.0,-0.0
155208,-0.0,-0.0,-0.0
155233,-0.0,-0.0,-0.0
155258,-0.0,-0.0,-0.0
155282,-0.0,-0.0,-0.0
155306,-0.0,-0.0,-0.0
155331,-0.0,-0.0,-0.0
155355,-0.0,-0.0,-0.0
155380,-0.0,-0.0,-0.0
155413,-0.0,-0.0,-0.0
155446,-0.0,-0.0,-0.0
155479,-0.0,-0.0,-0.0
155507,-0.0,-0.0,-0.0
155536,-0.0,-0.0,-0.0
155561,-0.0,-0.0,-0.0
155585,-0.0,-0.0,-0.0
155610,-0.0,-0.0,-0.0
155634,-0.0,-0.0,-0.0
155658,-0.0,-0.0,-0.0
155683,-0.0,-0.0,-0.0
155708,-0.0,-0.0,-0.0
155732,-0.0,-0.0,-0.0
155757,-0.0,-0.0,-0.0
155785,-0.0,-0.0,-0.0
155810,-0.0,-0.0,-0.0
155835,-0.0,-0.0,-0.0
155859,-0.0,-0.0,-0.0
155884,-0.0,-0.0,-0.0
155908,-0.0,-0.0,-0.0
155933,-0.0,-0.0,-0.0
155957,-0.0,-0.0,-0.0
155982,-0.0,-0.0,-0.0
156007,-0.0,-0.0,-0.0
156035,-0.0,-0.0,-0.0
156060,-0.0,-0.0,-0.0
156085,-0.0,-0.0,-0.0
156109,-0.0,-0.0,-0.0
156134,-0.0,-0.0,-0.0
156159,-0.0,-0.0,-0.0
156183,-0.0,-0.0,-0.0
156208,-0.0,-0.0,-0.0
156232,-0.0,-0.0,-0.0
156256,-0.0,-0.0,-0.0
156282,-0.0,-0.0,-0.0
156310,-0.0,-0.0,-0.0
156334,-0.0,-0.0,-0.0
156359,-0.0,-0.0,-0.0
156384,-0.0,-0.0,-0.0
156408,-0.0,-0.0,-0.0
156433,-0.0,-0.0,-0.0
156458,-0.0,-0.0,-0.0
156482,-0.0,-0.0,-0.0
156507,-0.0,-0.0,-0.0
156531,-0.0,-0.0,-0.0
156560,-0.0,-0.0,-0.0
156584,-0.0,-0.0,-0.0
156609,-0.0,-0.0,-0.0
156634,-0.0,-0.0,-0.0
156658,-0.0,-0.0,-0.0
156683,-0.0,-0.0,-0.0
156708,-0.0,-0.0,-0.0
156732,-0.0,-0.0,-0.0
156757,-0.0,-0.0,-0.0
156781,-0.0,-0.0,-0.0
156810,-0.0,-0.0,-0.0
156834,-0.0,-0.0,-0.0
156859,-0.0,-0.0,-0.0
156883,-0.0,-0.0,-0.0
156908,-0.0,-0.0,-0.0
156932,-0.0,-0.0,-0.0
156957,-0.0,-0.0,-0.0
156982,-0.0,-0.0,-0.0
157006,-0.0,-0.0,-0.0
157031,-0.0,-0.0,-0.0
157060,-0.0,-0.0,-0.0
157084,-0.0,-0.0,-0.0
157108,-0.0,-0.0,-0.0
157133,-0.0,-0.0,-0.0
157158,-0.0,-0.0,-0.0
157191,-0.0,-0.0,-0.0
157223,-0.0,-0.0,-0.0
157252,-0.0,-0.0,-0.0
157285,-0.0,-0.0,-0.0
157310,-0.0,-0.0,-0.0
157334,-0.0,-0.0,-0.0
157359,-0.0,-0.0,-0.0
157383,-0.0,-0.0,-0.0
157416,-0.0,-0.0,-0.0
157449,-0.0,-0.0,-0.0
157478,-0.0,-0.0,-0.0
157502,-0.0,-0.0,-0.0
157526,-0.0,-0.0,-0.0
157551,-0.0,-0.0,-0.0
157579,-0.0,-0.0,-0.0
157604,-0.0,-0.0,-0.0
157629,-0.0,-0.0,-0.0
157653,-0.0,-0.0,-0.0
157678,-0.0,-0.0,-0.0
157703,-0.0,-0.0,-0.0
157727,-0.0,-0.0,-0.0
157752,-0.0,-0.0,-0.0
157776,-0.0,-0.0,-0.0
157801,-0.0,-0.0,-0.0
157829,-0.0,-0.0,-0.0
157854,-0.0,-0.0,-0.0
157878,-0.0,-0.0,-0.0
157903,-0.0,-0.0,-0.0
157928,-0.0,-0.0,-0.0
157953,-0.0,-0.0,-0.0
157977,-0.0,-0.0,-0.0
158002,-0.0,-0.0,-0.0
158026,-0.0,-0.0,-0.0
158051,-0.0,-0.0,-0.0
158079,-0.0,-0.0,-0.0
158104,-0.0,-0.0,-0.0
158129,-0.0,-0.0,-0.0
158153,-0.0,-0.0,-0.0
158178,-0.0,-0.0,-0.0
158202,-0.0,-0.0,-0.0
158227,-0.0,-0.0,-0.0
158251,-0.0,-0.0,-0.0
158276,-0.0,-0.0,-0.0
158301,-0.0,-0.0,-0.0
158329,-0.0,-0.0,-0.0
158353,-0.0,-0.0,-0.0
158378,-0.0,-0.0,-0.0
158403,-0.0,-0.0,-0.0
158428,-0.0,-0.0,-0.0
158452,-0.0,-0.0,-0.0
158477,-0.0,-0.0,-0.0
158501,-0.0,-0.0,-0.0
158526,-0.0,-0.0,-0.0
158551,-0.0,-0.0,-0.0
158579,-0.0,-0.0,-0.0
158603,-0.0,-0.0,-0.0
158628,-0.0,-0.0,-0.0
158653,-0.0,-0.0,-0.0
158678,-0.0,-0.0,-0.0
158702,-0.0,-0.0,-0.0
158727,-0.0,-0.0,-0.0
158751,-0.0,-0.0,-0.0
158776,-0.0,-0.0,-0.0
158801,-0.0,-0.0,-0.0
158825,-0.0,-0.0,-0.0
158853,-0.0,-0.0,-0.0
158878,-0.0,-0.0,-0.0
158902,-0.0,-0.0,-0.0
158927,-0.0,-0.0,-0.0
158952,-0.0,-0.0,-0.0
158976,-0.0,-0.0,-0.0
159001,-0.0,-0.0,-0.0
159026,-0.0,-0.0,-0.0
159050,-0.0,-0.0,-0.0
159074,-0.0,-0.0,-0.0
159103,-0.0,-0.0,-0.0
159128,-0.0,-0.0,-0.0
159152,-0.0,-0.0,-0.0
159177,-0.0,-0.0,-0.0
159201,-0.0,-0.0,-0.0
159226,-0.0,-0.0,-0.0
159251,-0.0,-0.0,-0.0
159275,-0.0,-0.0,-0.0
159300,-0.0,-0.0,-0.0
159325,-0.0,-0.0,-0.0
159353,-0.0,-0.0,-0.0
159377,-0.0,-0.0,-0.0
159402,-0.0,-0.0,-0.0
159427,-0.0,-0.0,-0.0
159451,-0.0,-0.0,-0.0
159476,-0.0,-0.0,-0.0
159501,-0.0,-0.0,-0.0
159525,-0.0,-0.0,-0.0
159550,-0.0,-0.0,-0.0
159575,-0.0,-0.0,-0.0
159603,-0.0,-0.0,-0.0
159628,-0.0,-0.0,-0.0
159652,-0.0,-0.0,-0.0
159676,-0.0,-0.0,-0.0
159701,-0.0,-0.0,-0.0
159726,-0.0,-0.0,-0.0
159750,-0.0,-0.0,-0.0
159775,-0.0,-0.0,-0.0
159800,-0.0,-0.0,-0.0
159824,-0.0,-0.0,-0.0
159853,-0.0,-0.0,-0.0
159877,-0.0,-0.0,-0.0
159902,-0.0,-0.0,-0.0
159926,-0.0,-0.0,-0.0
159951,-0.0,-0.0,-0.0
159976,-0.0,-0.0,-0.0
160001,-0.0,-0.0,-0.0
160025,-0.0,-0.0,-0.0
160049,-0.0,-0.0,-0.0
160074,-0.0,-0.0,-0.0
160099,-0.0,-0.0,-0.0
160127,-0.0,-0.0,-0.0
160152,-0.0,-0.0,-0.0
160176,-0.0,-0.0,-0.0
160201,-0.0,-0.0,-0.0
160226,-0.0,-0.0,-0.0
160250,-0.0,-0.0,-0.0
160275,-0.0,-0.0,-0.0
160299,-0.0,-0.0,-0.0
160324,-0.0,-0.0,-0.0
160349,-0.0,-0.0,-0.0
160377,-0.0,-0.0,-0.0
160402,-0.0,-0.0,-0.0
160426,-0.0,-0.0,-0.0
160451,-0.0,-0.0,-0.0
160475,-0.0,-0.0,-0.0
160500,-0.0,-0.0,-0.0
160525,-0.0,-0.0,-0.0
160549,-0.0,-0.0,-0.0
160574,-0.0,-0.0,-0.0
160598,-0.0,-0.0,-0.0
160627,-0.0,-0.0,-0.0
160651,-0.0,-0.0,-0.0
160676,-0.0,-0.0,-0.0
160701,-0.0,-0.0,-0.0
160726,-0.0,-0.0,-0.0
160750,-0.0,-0.0,-0.0
160774,-0.0,-0.0,-0.0
160799,-0.0,-0.0,-0.0
160823,-0.0,-0.0,-0.0
160849,-0.0,-0.0,-0.0
160876,-0.0,-0.0,-0.0
160901,-0.0,-0.0,-0.0
160926,-0.0,-0.0,-0.0
160951,-0.0,-0.0,-0.0
160975,-0.0,-0.0,-0.0
161000,-0.0,-0.0,-0.0
161024,-0.0,-0.0,-0.0
161049,-0.0,-0.0,-0.0
161074,-0.0,-0.0,-0.0
161098,-0.0,-0.0,-0.0
161126,-0.0,-0.0,-0.0
161151,-0.0,-0.0,-0.0
161175,-0.0,-0.0,-0.0
161200,-0.0,-0.0,-0.0
161225,-0.0,-0.0,-0.0
161249,-0.0,-0.0,-0.0
161274,-0.0,-0.0,-0.0
161298,-0.0,-0.0,-0.0
161323,-0.0,-0.0,-0.0
161348,-0.0,-0.0,-0.0
161372,-0.0,-0.0,-0.0
161401,-0.0,-0.0,-0.0
161426,-0.0,-0.0,-0.0
161450,-0.0,-0.0,-0.0
161474,-0.0,-0.0,-0.0
161499,-0.0,-0.0,-0.0
161524,-0.0,-0.0,-0.0
161549,-0.0,-0.0,-0.0
161573,-0.0,-0.0,-0.0
161598,-0.0,-0.0,-0.0
161622,-0.0,-0.0,-0.0
161655,-0.0,-0.0,-0.0
161687,-0.0,-0.0,-0.0
161713,-0.0,-0.0,-0.0
161737,-0.0,-0.0,-0.0
161762,-0.0,-0.0,-0.0
161786,-0.0,-0.0,-0.0
161811,-0.0,-0.0,-0.0
161835,-0.0,-0.0,-0.0
161860,-0.0,-0.0,-0.0
161884,-0.0,-0.0,-0.0
161913,-0.0,-0.0,-0.0
161937,-0.0,-0.0,-0.0
161962,-0.0,-0.0,-0.0
161986,-0.0,-0.0,-0.0
162011,-0.0,-0.0,-0.0
162036,-0.0,-0.0,-0.0
162061,-0.0,-0.0,-0.0
162085,-0.0,-0.0,-0.0
162110,-0.0,-0.0,-0.0
162134,-0.0,-0.0,-0.0
162163,-0.0,-0.0,-0.0
162187,-0.0,-0.0,-0.0
162212,-0.0,-0.0,-0.0
162236,-0.0,-0.0,-0.0
162261,-0.0,-0.0,-0.0
162286,-0.0,-0.0,-0.0
162311,-0.0,-0.0,-0.0
162335,-0.0,-0.0,-0.0
162360,-0.0,-0.0,-0.0
162384,-0.0,-0.0,-0.0
162412,-0.0,-0.0,-0.0
162437,-0.0,-0.0,-0.0
162462,-0.0,-0.0,-0.0
162486,-0.0,-0.0,-0.0
162511,-0.0,-0.0,-0.0
162535,-0.0,-0.0,-0.0
162560,-0.0,-0.0,-0.0
162585,-0.0,-0.0,-0.0
162610,-0.0,-0.0,-0.0
162634,-0.0,-0.0,-0.0
162662,-0.0,-0.0,-0.0
162687,-0.0,-0.0,-0.0
162712,-0.0,-0.0,-0.0
162736,-0.0,-0.0,-0.0
162761,-0.0,-0.0,-0.0
162785,-0.0,-0.0,-0.0
162810,-0.0,-0.0,-0.0
162834,-0.0,-0.0,-0.0
162859,-0.0,-0.0,-0.0
162884,-0.0,-0.0,-0.0
162912,-0.0,-0.0,-0.0
162937,-0.0,-0.0,-0.0
162962,-0.0,-0.0,-0.0
162986,-0.0,-0.0,-0.0
163011,-0.0,-0.0,-0.0
163035,-0.0,-0.0,-0.0
163060,-0.0,-0.0,-0.0
163084,-0.0,-0.0,-0.0
163109,-0.0,-0.0,-0.0
163134,-0.0,-0.0,-0.0
163158,-0.0,-0.0,-0.0
163186,-0.0,-0.0,-0.0
163212,-0.0,-0.0,-0.0
163236,-0.0,-0.0,-0.0
163261,-0.0,-0.0,-0.0
163285,-0.0,-0.0,-0.0
163310,-0.0,-0.0,-0.0
163334,-0.0,-0.0,-0.0
163359,-0.0,-0.0,-0.0
163384,-0.0,-0.0,-0.0
163408,-0.0,-0.0,-0.0
163436,-0.0,-0.0,-0.0
163461,-0.0,-0.0,-0.0
163486,-0.0,-0.0,-0.0
163510,-0.0,-0.0,-0.0
163535,-0.0,-0.0,-0.0
163559,-0.0,-0.0,-0.0
163584,-0.0,-0.0,-0.0
163609,-0.0,-0.0,-0.0
163634,-0.0,-0.0,-0.0
163658,-0.0,-0.0,-0.0
163686,-0.0,-0.0,-0.0
163711,-0.0,-0.0,-0.0
163735,-0.0,-0.0,-0.0
163760,-0.0,-0.0,-0.0
163785,-0.0,-0.0,-0.0
163810,-0.0,-0.0,-0.0
163834,-0.0,-0.0,-0.0
163858,-0.0,-0.0,-0.0
163884,-0.0,-0.0,-0.0
163908,-0.0,-0.0,-0.0
163936,-0.0,-0.0,-0.0
163961,-0.0,-0.0,-0.0
163985,-0.0,-0.0,-0.0
164010,-0.0,-0.0,-0.0
164035,-0.0,-0.0,-0.0
164059,-0.0,-0.0,-0.0
164084,-0.0,-0.0,-0.0
164108,-0.0,-0.0,-0.0
164141,-0.0,-0.0,-0.0
164170,-0.0,-0.0,-0.0
164202,-0.0,-0.0,-0.0
164235,-0.0,-0.0,-0.0
164260,-0.0,-0.0,-0.0
164285,-0.0,-0.0,-0.0
164309,-0.0,-0.0,-0.0
164334,-0.0,-0.0,-0.0
164358,-0.0,-0.0,-0.0
164383,-0.0,-0.0,-0.0
164408,-0.0,-0.0,-0.0
164432,-0.0,-0.0,-0.0
164461,-0.0,-0.0,-0.0
164485,-0.0,-0.0,-0.0
164510,-0.0,-0.0,-0.0
164534,-0.0,-0.0,-0.0
164559,-0.0,-0.0,-0.0
164584,-0.0,-0.0,-0.0
164608,-0.0,-0.0,-0.0
164633,-0.0,-0.0,-0.0
164658,-0.0,-0.0,-0.0
164682,-0.0,-0.0,-0.0
164715,-0.0,-0.0,-0.0
164748,-0.0,-0.0,-0.0
164776,-0.0,-0.0,-0.0
164809,-0.0,-0.0,-0.0
164842,-0.0,-0.0,-0.0
164870,-0.0,-0.0,-0.0
164895,-0.0,-0.0,-0.0
164919,-0.0,-0.0,-0.0
164952,-0.0,-0.0,-0.0
164985,-0.0,-0.0,-0.0
165014,-0.0,-0.0,-0.0
165046,-0.0,-0.0,-0.0
165071,-0.0,-0.0,-0.0
165095,-0.0,-0.0,-0.0
165120,-0.0,-0.0,-0.0
165145,-0.0,-0.0,-0.0
165169,-0.0,-0.0,-0.0
165194,-0.0,-0.0,-0.0
165223,-0.0,-0.0,-0.0
165247,-0.0,-0.0,-0.0
165272,-0.0,-0.0,-0.0
165296,-0.0,-0.0,-0.0
165321,-0.0,-0.0,-0.0
165345,-0.0,-0.0,-0.0
165370,-0.0,-0.0,-0.0
165394,-0.0,-0.0,-0.0
165419,-0.0,-0.0,-0.0
165444,-0.0,-0.0,-0.0
165472,-0.0,-0.0,-0.0
165497,-0.0,-0.0,-0.0
165521,-0.0,-0.0,-0.0
165546,-0.0,-0.0,-0.0
165570,-0.0,-0.0,-0.0
165595,-0.0,-0.0,-0.0
165620,-0.0,-0.0,-0.0
165644,-0.0,-0.0,-0.0
165669,-0.0,-0.0,-0.0
165693,-0.0,-0.0,-0.0
165722,-0.0,-0.0,-0.0
165746,-0.0,-0.0,-0.0
165771,-0.0,-0.0,-0.0
165796,-0.0,-0.0,-0.0
165820,-0.0,-0.0,-0.0
165845,-0.0,-0.0,-0.0
165869,-0.0,-0.0,-0.0
165894,-0.0,-0.0,-0.0
165918,-0.0,-0.0,-0.0
165943,-0.0,-0.0,-0.0
165972,-0.0,-0.0,-0.0
165996,-0.0,-0.0,-0.0
166021,-0.0,-0.0,-0.0
166045,-0.0,-0.0,-0.0
166070,-0.0,-0.0,-0.0
166095,-0.0,-0.0,-0.0
166119,-0.0,-0.0,-0.0
166144,-0.0,-0.0,-0.0
166168,-0.0,-0.0,-0.0
166193,-0.0,-0.0,-0.0
166218,-0.0,-0.0,-0.0
166251,-0.0,-0.0,-0.0
166283,-0.0,-0.0,-0.0
166312,-0.0,-0.0,-0.0
166345,-0.0,-0.0,-0.0
166377,-0.0,-0.0,-0.0
166406,-0.0,-0.0,-0.0
166431,-0.0,-0.0,-0.0
166455,-0.0,-0.0,-0.0
166484,-0.0,-0.0,-0.0
166508,-0.0,-0.0,-0.0
166534,-0.0,-0.0,-0.0
166558,-0.0,-0.0,-0.0
166582,-0.0,-0.0,-0.0
166607,-0.0,-0.0,-0.0
166632,-0.0,-0.0,-0.0
166656,-0.0,-0.0,-0.0
166681,-0.0,-0.0,-0.0
166705,-0.0,-0.0,-0.0
166734,-0.0,-0.0,-0.0
166759,-0.0,-0.0,-0.0
166783,-0.0,-0.0,-0.0
166808,-0.0,-0.0,-0.0
166836,-0.0,-0.0,-0.0
166870,-0.0,-0.0,-0.0
166901,-0.0,-0.0,-0.0
166931,-0.0,-0.0,-0.0
166963,-0.0,-0.0,-0.0
166996,-0.0,-0.0,-0.0
167025,-0.0,-0.0,-0.0
167053,-0.0,-0.0,-0.0
167078,-0.0,-0.0,-0.0
167102,-0.0,-0.0,-0.0
167127,-0.0,-0.0,-0.0
167151,-0.0,-0.0,-0.0
167176,-0.0,-0.0,-0.0
167201,-0.0,-0.0,-0.0
167225,-0.0,-0.0,-0.0
167250,-0.0,-0.0,-0.0
167275,-0.0,-0.0,-0.0
167299,-0.0,-0.0,-0.0
167328,-0.0,-0.0,-0.0
167352,-0.0,-0.0,-0.0
167377,-0.0,-0.0,-0.0
167401,-0.0,-0.0,-0.0
167426,-0.0,-0.0,-0.0
167451,-0.0,-0.0,-0.0
167475,-0.0,-0.0,-0.0
167500,-0.0,-0.0,-0.0
167524,-0.0,-0.0,-0.0
167549,-0.0,-0.0,-0.0
167578,-0.0,-0.0,-0.0
167602,-0.0,-0.0,-0.0
167627,-0.0,-0.0,-0.0
167651,-0.0,-0.0,-0.0
167676,-0.0,-0.0,-0.0
167700,-0.0,-0.0,-0.0
167725,-0.0,-0.0,-0.0
167750,-0.0,-0.0,-0.0
167774,-0.0,-0.0,-0.0
167799,-0.0,-0.0,-0.0
167827,-0.0,-0.0,-0.0
167852,-0.0,-0.0,-0.0
167877,-0.0,-0.0,-0.0
167901,-0.0,-0.0,-0.0
167925,-0.0,-0.0,-0.0
167950,-0.0,-0.0,-0.0
167975,-0.0,-0.0,-0.0
167999,-0.0,-0.0,-0.0
168024,-0.0,-0.0,-0.0
168048,-0.0,-0.0,-0.0
168077,-0.0,-0.0,-0.0
168102,-0.0,-0.0,-0.0
168127,-0.0,-0.0,-0.0
168151,-0.0,-0.0,-0.0
168176,-0.0,-0.0,-0.0
168200,-0.0,-0.0,-0.0
168225,-0.0,-0.0,-0.0
168250,-0.0,-0.0,-0.0
168274,-0.0,-0.0,-0.0
168298,-0.0,-0.0,-0.0
168327,-0.0,-0.0,-0.0
168351,-0.0,-0.0,-0.0
168376,-0.0,-0.0,-0.0
168401,-0.0,-0.0,-0.0
168426,-0.0,-0.0,-0.0
168450,-0.0,-0.0,-0.0
168475,-0.0,-0.0,-0.0
168499,-0.0,-0.0,-0.0
168524,-0.0,-0.0,-0.0
168548,-0.0,-0.0,-0.0
168573,-0.0,-0.0,-0.0
168601,-0.0,-0.0,-0.0
168626,-0.0,-0.0,-0.0
168650,-0.0,-0.0,-0.0
168675,-0.0,-0.0,-0.0
168700,-0.0,-0.0,-0.0
168725,-0.0,-0.0,-0.0
168749,-0.0,-0.0,-0.0
168774,-0.0,-0.0,-0.0
168798,-0.0,-0.0,-0.0
168823,-0.0,-0.0,-0.0
168851,-0.0,-0.0,-0.0
168876,-0.0,-0.0,-0.0
168900,-0.0,-0.0,-0.0
168925,-0.0,-0.0,-0.0
168950,-0.0,-0.0,-0.0
168974,-0.0,-0.0,-0.0
168999,-0.0,-0.0,-0.0
169024,-0.0,-0.0,-0.0
169048,-0.0,-0.0,-0.0
169072,-0.0,-0.0,-0.0
169101,-0.0,-0.0,-0.0
169125,-0.0,-0.0,-0.0
169150,-0.0,-0.0,-0.0
169175,-0.0,-0.0,-0.0
169200,-0.0,-0.0,-0.0
169224,-0.0,-0.0,-0.0
169248,-0.0,-0.0,-0.0
169274,-0.0,-0.0,-0.0
169298,-0.0,-0.0,-0.0
169322,-0.0,-0.0,-0.0
169351,-0.0,-0.0,-0.0
169375,-0.0,-0.0,-0.0
169400,-0.0,-0.0,-0.0
169425,-0.0,-0.0,-0.0
169449,-0.0,-0.0,-0.0
169474,-0.0,-0.0,-0.0
169498,-0.0,-0.0,-0.0
169523,-0.0,-0.0,-0.0
169548,-0.0,-0.0,-0.0
169572,-0.0,-0.0,-0.0
169601,-0.0,-0.0,-0.0
169626,-0.0,-0.0,-0.0
169650,-0.0,-0.0,-0.0
169674,-0.0,-0.0,-0.0
169700,-0.0,-0.0,-0.0
169724,-0.0,-0.0,-0.0
169748,-0.0,-0.0,-0.0
169773,-0.0,-0.0,-0.0
169797,-0.0,-0.0,-0.0
169822,-0.0,-0.0,-0.0
169847,-0.0,-0.0,-0.0
169875,-0.0,-0.0,-0.0
169900,-0.0,-0.0,-0.0
169924,-0.0,-0.0,-0.0
169949,-0.0,-0.0,-0.0
169974,-0.0,-0.0,-0.0
169998,-0.0,-0.0,-0.0
170022,-0.0,-0.0,-0.0
170047,-0.0,-0.0,-0.0
170072,-0.0,-0.0,-0.0
170096,-0.0,-0.0,-0.0
170125,-0.0,-0.0,-0.0
170149,-0.0,-0.0,-0.0
170174,-0.0,-0.0,-0.0
170199,-0.0,-0.0,-0.0
170223,-0.0,-0.0,-0.0
170248,-0.0,-0.0,-0.0
170273,-0.0,-0.0,-0.0
170297,-0.0,-0.0,-0.0
170322,-0.0,-0.0,-0.0
170346,-0.0,-0.0,-0.0
170375,-0.0,-0.0,-0.0
170400,-0.0,-0.0,-0.0
170424,-0.0,-0.0,-0.0
170449,-0.0,-0.0,-0.0
170473,-0.0,-0.0,-0.0
170498,-0.0,-0.0,-0.0
170522,-0.0,-0.0,-0.0
170547,-0.0,-0.0,-0.0
170572,-0.0,-0.0,-0.0
170596,-0.0,-0.0,-0.0
170625,-0.0,-0.0,-0.0
170650,-0.0,-0.0,-0.0
170674,-0.0,-0.0,-0.0
170699,-0.0,-0.0,-0.0
170723,-0.0,-0.0,-0.0
170748,-0.0,-0.0,-0.0
170772,-0.0,-0.0,-0.0
170797,-0.0,-0.0,-0.0
170821,-0.0,-0.0,-0.0
170846,-0.0,-0.0,-0.0
170875,-0.0,-0.0,-0.0
170900,-0.0,-0.0,-0.0
170924,-0.0,-0.0,-0.0
170949,-0.0,-0.0,-0.0
170973,-0.0,-0.0,-0.0
170997,-0.0,-0.0,-0.0
171022,-0.0,-0.0,-0.0
171047,-0.0,-0.0,-0.0
171071,-0.0,-0.0,-0.0
171096,-0.0,-0.0,-0.0
171120,-0.0,-0.0,-0.0
171149,-0.0,-0.0,-0.0
171173,-0.0,-0.0,-0.0
171198,-0.0,-0.0,-0.0
171223,-0.0,-0.0,-0.0
171247,-0.0,-0.0,-0.0
171272,-0.0,-0.0,-0.0
171297,-0.0,-0.0,-0.0
171321,-0.0,-0.0,-0.0
171346,-0.0,-0.0,-0.0
171370,-0.0,-0.0,-0.0
171399,-0.0,-0.0,-0.0
171423,-0.0,-0.0,-0.0
171448,-0.0,-0.0,-0.0
171473,-0.0,-0.0,-0.0
171497,-0.0,-0.0,-0.0
171521,-0.0,-0.0,-0.0
171546,-0.0,-0.0,-0.0
171571,-0.0,-0.0,-0.0
171596,-0.0,-0.0,-0.0
171620,-0.0,-0.0,-0.0
171649,-0.0,-0.0,-0.0
171673,-0.0,-0.0,-0.0
171698,-0.0,-0.0,-0.0
171723,-0.0,-0.0,-0.0
171748,-0.0,-0.0,-0.0
171771,-0.0,-0.0,-0.0
171796,-0.0,-0.0,-0.0
171821,-0.0,-0.0,-0.0
171846,-0.0,-0.0,-0.0
171870,-0.0,-0.0,-0.0
171899,-0.0,-0.0,-0.0
171923,-0.0,-0.0,-0.0
171948,-0.0,-0.0,-0.0
171973,-0.0,-0.0,-0.0
171997,-0.0,-0.0,-0.0
172022,-0.0,-0.0,-0.0
172046,-0.0,-0.0,-0.0
172070,-0.0,-0.0,-0.0
172095,-0.0,-0.0,-0.0
172119,-0.0,-0.0,-0.0
172148,-0.0,-0.0,-0.0
172173,-0.0,-0.0,-0.0
172197,-0.0,-0.0,-0.0
172222,-0.0,-0.0,-0.0
172247,-0.0,-0.0,-0.0
172271,-0.0,-0.0,-0.0
172296,-0.0,-0.0,-0.0
172321,-0.0,-0.0,-0.0
172345,-0.0,-0.0,-0.0
172369,-0.0,-0.0,-0.0
172394,-0.0,-0.0,-0.0
172422,-0.0,-0.0,-0.0
172447,-0.0,-0.0,-0.0
172472,-0.0,-0.0,-0.0
172497,-0.0,-0.0,-0.0
172522,-0.0,-0.0,-0.0
172545,-0.0,-0.0,-0.0
172570,-0.0,-0.0,-0.0
172595,-0.0,-0.0,-0.0
172619,-0.0,-0.0,-0.0
172644,-0.0,-0.0,-0.0
172672,-0.0,-0.0,-0.0
172701,-0.0,-0.0,-0.0
172734,-0.0,-0.0,-0.0
172763,-0.0,-0.0,-0.0
172796,-0.0,-0.0,-0.0
172820,-0.0,-0.0,-0.0
172845,-0.0,-0.0,-0.0
172869,-0.0,-0.0,-0.0
172894,-0.0,-0.0,-0.0
172923,-0.0,-0.0,-0.0
172947,-0.0,-0.0,-0.0
172971,-0.0,-0.0,-0.0
172996,-0.0,-0.0,-0.0
173021,-0.0,-0.0,-0.0
173046,-0.0,-0.0,-0.0
173070,-0.0,-0.0,-0.0
173095,-0.0,-0.0,-0.0
173119,-0.0,-0.0,-0.0
173152,-0.0,-0.0,-0.0
173184,-0.0,-0.0,-0.0
173214,-0.0,-0.0,-0.0
173246,-0.0,-0.0,-0.0
173270,-0.0,-0.0,-0.0
173295,-0.0,-0.0,-0.0
173320,-0.0,-0.0,-0.0
173344,-0.0,-0.0,-0.0
173369,-0.0,-0.0,-0.0
173394,-0.0,-0.0,-0.0
173423,-0.0,-0.0,-0.0
173447,-0.0,-0.0,-0.0
173471,-0.0,-0.0,-0.0
173496,-0.0,-0.0,-0.0
173520,-0.0,-0.0,-0.0
173545,-0.0,-0.0,-0.0
173569,-0.0,-0.0,-0.0
173594,-0.0,-0.0,-0.0
173619,-0.0,-0.0,-0.0
173643,-0.0,-0.0,-0.0
173668,-0.0,-0.0,-0.0
173696,-0.0,-0.0,-0.0
173721,-0.0,-0.0,-0.0
173746,-0.0,-0.0,-0.0
173770,-0.0,-0.0,-0.0
173795,-0.0,-0.0,-0.0
173819,-0.0,-0.0,-0.0
173844,-0.0,-0.0,-0.0
173869,-0.0,-0.0,-0.0
173893,-0.0,-0.0,-0.0
173918,-0.0,-0.0,-0.0
173947,-0.0,-0.0,-0.0
173971,-0.0,-0.0,-0.0
173996,-0.0,-0.0,-0.0
174020,-0.0,-0.0,-0.0
174044,-0.0,-0.0,-0.0
174069,-0.0,-0.0,-0.0
174094,-0.0,-0.0,-0.0
174118,-0.0,-0.0,-0.0
174143,-0.0,-0.0,-0.0
174168,-0.0,-0.0,-0.0
174196,-0.0,-0.0,-0.0
174221,-0.0,-0.0,-0.0
174246,-0.0,-0.0,-0.0
174270,-0.0,-0.0,-0.0
174295,-0.0,-0.0,-0.0
174319,-0.0,-0.0,-0.0
174344,-0.0,-0.0,-0.0
174368,-0.0,-0.0,-0.0
174393,-0.0,-0.0,-0.0
174417,-0.0,-0.0,-0.0
174446,-0.0,-0.0,-0.0
174470,-0.0,-0.0,-0.0
174496,-0.0,-0.0,-0.0
174520,-0.0,-0.0,-0.0
174545,-0.0,-0.0,-0.0
174569,-0.0,-0.0,-0.0
174593,-0.0,-0.0,-0.0
174618,-0.0,-0.0,-0.0
174643,-0.0,-0.0,-0.0
174667,-0.0,-0.0,-0.0
174696,-0.0,-0.0,-0.0
174720,-0.0,-0.0,-0.0
174745,-0.0,-0.0,-0.0
174769,-0.0,-0.0,-0.0
174794,-0.0,-0.0,-0.0
174819,-0.0,-0.0,-0.0
174844,-0.0,-0.0,-0.0
174868,-0.0,-0.0,-0.0
174893,-0.0,-0.0,-0.0
174917,-0.0,-0.0,-0.0
174942,-0.0,-0.0,-0.0
174970,-0.0,-0.0,-0.0
174995,-0.0,-0.0,-0.0
175019,-0.0,-0.0,-0.0
175044,-0.0,-0.0,-0.0
175069,-0.0,-0.0,-0.0
175093,-0.0,-0.0,-0.0
175118,-0.0,-0.0,-0.0
175142,-0.0,-0.0,-0.0
175167,-0.0,-0.0,-0.0
175191,-0.0,-0.0,-0.0
175220,-0.0,-0.0,-0.0
175245,-0.0,-0.0,-0.0
175269,-0.0,-0.0,-0.0
175294,-0.0,-0.0,-0.0
175318,-0.0,-0.0,-0.0
175343,-0.0,-0.0,-0.0
175368,-0.0,-0.0,-0.0
175393,-0.0,-0.0,-0.0
175417,-0.0,-0.0,-0.0
175442,-0.0,-0.0,-0.0
175470,-0.0,-0.0,-0.0
175495,-0.0,-0.0,-0.0
175519,-0.0,-0.0,-0.0
175544,-0.0,-0.0,-0.0
175568,-0.0,-0.0,-0.0
175593,-0.0,-0.0,-0.0
175618,-0.0,-0.0,-0.0
175642,-0.0,-0.0,-0.0
175667,-0.0,-0.0,-0.0
175691,-0.0,-0.0,-0.0
175720,-0.0,-0.0,-0.0
175744,-0.0,-0.0,-0.0
175769,-0.0,-0.0,-0.0
175794,-0.0,-0.0,-0.0
175818,-0.0,-0.0,-0.0
175843,-0.0,-0.0,-0.0
175867,-0.0,-0.0,-0.0
175892,-0.0,-0.0,-0.0
175916,-0.0,-0.0,-0.0
175941,-0.0,-0.0,-0.0
175969,-0.0,-0.0,-0.0
175994,-0.0,-0.0,-0.0
176019,-0.0,-0.0,-0.0
176043,-0.0,-0.0,-0.0
176068,-0.0,-0.0,-0.0
176093,-0.0,-0.0,-0.0
176117,-0.0,-0.0,-0.0
176142,-0.0,-0.0,-0.0
176166,-0.0,-0.0,-0.0
176191,-0.0,-0.0,-0.0
176216,-0.0,-0.0,-0.0
176244,-0.0,-0.0,-0.0
176269,-0.0,-0.0,-0.0
176294,-0.0,-0.0,-0.0
176318,-0.0,-0.0,-0.0
176343,-0.0,-0.0,-0.0
176367,-0.0,-0.0,-0.0
176392,-0.0,-0.0,-0.0
176416,-0.0,-0.0,-0.0
176441,-0.0,-0.0,-0.0
176465,-0.0,-0.0,-0.0
176494,-0.0,-0.0,-0.0
176518,-0.0,-0.0,-0.0
176543,-0.0,-0.0,-0.0
176567,-0.0,-0.0,-0.0
176592,-0.0,-0.0,-0.0
176617,-0.0,-0.0,-0.0
176641,-0.0,-0.0,-0.0
176666,-0.0,-0.0,-0.0
176691,-0.0,-0.0,-0.0
176715,-0.0,-0.0,-0.0
176744,-0.0,-0.0,-0.0
176768,-0.0,-0.0,-0.0
176793,-0.0,-0.0,-0.0
176817,-0.0,-0.0,-0.0
176842,-0.0,-0.0,-0.0
176867,-0.0,-0.0,-0.0
176891,-0.0,-0.0,-0.0
176917,-0.0,-0.0,-0.0
176941,-0.0,-0.0,-0.0
176965,-0.0,-0.0,-0.0
176993,-0.0,-0.0,-0.0
177018,-0.0,-0.0,-0.0
177043,-0.0,-0.0,-0.0
177067,-0.0,-0.0,-0.0
177092,-0.0,-0.0,-0.0
177117,-0.0,-0.0,-0.0
177141,-0.0,-0.0,-0.0
177166,-0.0,-0.0,-0.0
177191,-0.0,-0.0,-0.0
177215,-0.0,-0.0,-0.0
177244,-0.0,-0.0,-0.0
177268,-0.0,-0.0,-0.0
177293,-0.0,-0.0,-0.0
177317,-0.0,-0.0,-0.0
177342,-0.0,-0.0,-0.0
177366,-0.0,-0.0,-0.0
177391,-0.0,-0.0,-0.0
177415,-0.0,-0.0,-0.0
177441,-0.0,-0.0,-0.0
177465,-0.0,-0.0,-0.0
177490,-0.0,-0.0,-0.0
177518,-0.0,-0.0,-0.0
177543,-0.0,-0.0,-0.0
177568,-0.0,-0.0,-0.0
177591,-0.0,-0.0,-0.0
177616,-0.0,-0.0,-0.0
177641,-0.0,-0.0,-0.0
177666,-0.0,-0.0,-0.0
177690,-0.0,-0.0,-0.0
177715,-0.0,-0.0,-0.0
177739,-0.0,-0.0,-0.0
177768,-0.0,-0.0,-0.0
177793,-0.0,-0.0,-0.0
177817,-0.0,-0.0,-0.0
177842,-0.0,-0.0,-0.0
177866,-0.0,-0.0,-0.0
177891,-0.0,-0.0,-0.0
177918,-0.0,-0.0,-0.0
177940,-0.0,-0.0,-0.0
177964,-0.0,-0.0,-0.0
177989,-0.0,-0.0,-0.0
178018,-0.0,-0.0,-0.0
178042,-0.0,-0.0,-0.0
178067,-0.0,-0.0,-0.0
178092,-0.0,-0.0,-0.0
178116,-0.0,-0.0,-0.0
178141,-0.0,-0.0,-0.0
178165,-0.0,-0.0,-0.0
178190,-0.0,-0.0,-0.0
178214,-0.0,-0.0,-0.0
178239,-0.0,-0.0,-0.0
178267,-0.0,-0.0,-0.0
178292,-0.0,-0.0,-0.0
178317,-0.0,-0.0,-0.0
178342,-0.0,-0.0,-0.0
178366,-0.0,-0.0,-0.0
178391,-0.0,-0.0,-0.0
178415,-0.0,-0.0,-0.0
178440,-0.0,-0.0,-0.0
178464,-0.0,-0.0,-0.0
178489,-0.0,-0.0,-0.0
178517,-0.0,-0.0,-0.0
178542,-0.0,-0.0,-0.0
178566,-0.0,-0.0,-0.0
178591,-0.0,-0.0,-0.0
178620,-0.0,-0.0,-0.0
178652,-0.0,-0.0,-0.0
178685,-0.0,-0.0,-0.0
178714,-0.0,-0.0,-0.0
178747,-0.0,-0.0,-0.0
178779,-0.0,-0.0,-0.0
178808,-0.0,-0.0,-0.0
178841,-0.0,-0.0,-0.0
178865,-0.0,-0.0,-0.0
178890,-0.0,-0.0,-0.0
178914,-0.0,-0.0,-0.0
178939,-0.0,-0.0,-0.0
178968,-0.0,-0.0,-0.0
178993,-0.0,-0.0,-0.0
179017,-0.0,-0.0,-0.0
179041,-0.0,-0.0,-0.0
179066,-0.0,-0.0,-0.0
179090,-0.0,-0.0,-0.0
179116,-0.0,-0.0,-0.0
179140,-0.0,-0.0,-0.0
179164,-0.0,-0.0,-0.0
179197,-0.0,-0.0,-0.0
179230,-0.0,-0.0,-0.0
179263,-0.0,-0.0,-0.0
179296,-0.0,-0.0,-0.0
179320,-0.0,-0.0,-0.0
179345,-0.0,-0.0,-0.0
179369,-0.0,-0.0,-0.0
179394,-0.0,-0.0,-0.0
179418,-0.0,-0.0,-0.0
179443,-0.0,-0.0,-0.0
179467,-0.0,-0.0,-0.0
179497,-0.0,-0.0,-0.0
179520,-0.0,-0.0,-0.0
179546,-0.0,-0.0,-0.0
179570,-0.0,-0.0,-0.0
179595,-0.0,-0.0,-0.0
179619,-0.0,-0.0,-0.0
179644,-0.0,-0.0,-0.0
179668,-0.0,-0.0,-0.0
179693,-0.0,-0.0,-0.0
179718,-0.0,-0.0,-0.0
179746,-0.0,-0.0,-0.0
179770,-0.0,-0.0,-0.0
179796,-0.0,-0.0,-0.0
179820,-0.0,-0.0,-0.0
179845,-0.0,-0.0,-0.0
179869,-0.0,-0.0,-0.0
179894,-0.0,-0.0,-0.0
179918,-0.0,-0.0,-0.0
179943,-0.0,-0.0,-0.0
179967,-0.0,-0.0,-0.0
179996,-0.0,-0.0,-0.0
180020,-0.0,-0.0,-0.0
180045,-0.0,-0.0,-0.0
180069,-0.0,-0.0,-0.0
180095,-0.0,-0.0,-0.0
180120,-0.0,-0.0,-0.0
180144,-0.0,-0.0,-0.0
180168,-0.0,-0.0,-0.0
180192,-0.0,-0.0,-0.0
180217,-0.0,-0.0,-0.0
180246,-0.0,-0.0,-0.0
180270,-0.0,-0.0,-0.0
180295,-0.0,-0.0,-0.0
180319,-0.0,-0.0,-0.0
180344,-0.0,-0.0,-0.0
180369,-0.0,-0.0,-0.0
180394,-0.0,-0.0,-0.0
180418,-0.0,-0.0,-0.0
180443,-0.0,-0.0,-0.0
180467,-0.0,-0.0,-0.0
180496,-0.0,-0.0,-0.0
180520,-0.0,-0.0,-0.0
180545,-0.0,-0.0,-0.0
180578,-0.0,-0.0,-0.0
180606,-0.0,-0.0,-0.0
180639,-0.0,-0.0,-0.0
180672,-0.0,-0.0,-0.0
180704,-0.0,-0.0,-0.0
180729,-0.0,-0.0,-0.0
180753,-0.0,-0.0,-0.0
180779,-0.0,-0.0,-0.0
180803,-0.0,-0.0,-0.0
180828,-0.0,-0.0,-0.0
180852,-0.0,-0.0,-0.0
180880,-0.0,-0.0,-0.0
180905,-0.0,-0.0,-0.0
180930,-0.0,-0.0,-0.0
180954,-0.0,-0.0,-0.0
180983,-0.0,-0.0,-0.0
181016,-0.0,-0.0,-0.0
181048,-0.0,-0.0,-0.0
181078,-0.0,-0.0,-0.0
181110,-0.0,-0.0,-0.0
181134,-0.0,-0.0,-0.0
181159,-0.0,-0.0,-0.0
181184,-0.0,-0.0,-0.0
181208,-0.0,-0.0,-0.0
181233,-0.0,-0.0,-0.0
181261,-0.0,-0.0,-0.0
181286,-0.0,-0.0,-0.0
181310,-0.0,-0.0,-0.0
181335,-0.0,-0.0,-0.0
181360,-0.0,-0.0,-0.0
181384,-0.0,-0.0,-0.0
181409,-0.0,-0.0,-0.0
181433,-0.0,-0.0,-0.0
181458,-0.0,-0.0,-0.0
181483,-0.0,-0.0,-0.0
181512,-0.0,-0.0,-0.0
181536,-0.0,-0.0,-0.0
181561,-0.0,-0.0,-0.0
181585,-0.0,-0.0,-0.0
181610,-0.0,-0.0,-0.0
181634,-0.0,-0.0,-0.0
181659,-0.0,-0.0,-0.0
181684,-0.0,-0.0,-0.0
181708,-0.0,-0.0,-0.0
181733,-0.0,-0.0,-0.0
181757,-0.0,-0.0,-0.0
181785,-0.0,-0.0,-0.0
181810,-0.0,-0.0,-0.0
181835,-0.0,-0.0,-0.0
181860,-0.0,-0.0,-0.0
181884,-0.0,-0.0,-0.0
181909,-0.0,-0.0,-0.0
181933,-0.0,-0.0,-0.0
181958,-0.0,-0.0,-0.0
181982,-0.0,-0.0,-0.0
182007,-0.0,-0.0,-0.0
182035,-0.0,-0.0,-0.0
182060,-0.0,-0.0,-0.0
182085,-0.0,-0.0,-0.0
182110,-0.0,-0.0,-0.0
182134,-0.0,-0.0,-0.0
182159,-0.0,-0.0,-0.0
182183,-0.0,-0.0,-0.0
182208,-0.0,-0.0,-0.0
182233,-0.0,-0.0,-0.0
182257,-0.0,-0.0,-0.0
182285,-0.0,-0.0,-0.0
182310,-0.0,-0.0,-0.0
182334,-0.0,-0.0,-0.0
182359,-0.0,-0.0,-0.0
182384,-0.0,-0.0,-0.0
182409,-0.0,-0.0,-0.0
182433,-0.0,-0.0,-0.0
182458,-0.0,-0.0,-0.0
182483,-0.0,-0.0,-0.0
182507,-0.0,-0.0,-0.0
182535,-0.0,-0.0,-0.0
182560,-0.0,-0.0,-0.0
182584,-0.0,-0.0,-0.0
182609,-0.0,-0.0,-0.0
182634,-0.0,-0.0,-0.0
182658,-0.0,-0.0,-0.0
182683,-0.0,-0.0,-0.0
182707,-0.0,-0.0,-0.0
182732,-0.0,-0.0,-0.0
182757,-0.0,-0.0,-0.0
182785,-0.0,-0.0,-0.0
182810,-0.0,-0.0,-0.0
182834,-0.0,-0.0,-0.0
182859,-0.0,-0.0,-0.0
182884,-0.0,-0.0,-0.0
182908,-0.0,-0.0,-0.0
182933,-0.0,-0.0,-0.0
182966,-0.0,-0.0,-0.0
182994,-0.0,-0.0,-0.0
183027,-0.0,-0.0,-0.0
183060,-0.0,-0.0,-0.0
183084,-0.0,-0.0,-0.0
183109,-0.0,-0.0,-0.0
183133,-0.0,-0.0,-0.0
183158,-0.0,-0.0,-0.0
183183,-0.0,-0.0,-0.0
183207,-0.0,-0.0,-0.0
183232,-0.0,-0.0,-0.0
183256,-0.0,-0.0,-0.0
183281,-0.0,-0.0,-0.0
183309,-0.0,-0.0,-0.0
183334,-0.0,-0.0,-0.0
183359,-0.0,-0.0,-0.0
183383,-0.0,-0.0,-0.0
183408,-0.0,-0.0,-0.0
183432,-0.0,-0.0,-0.0
183457,-0.0,-0.0,-0.0
183481,-0.0,-0.0,-0.0
183506,-0.0,-0.0,-0.0
183530,-0.0,-0.0,-0.0
183559,-0.0,-0.0,-0.0
183584,-0.0,-0.0,-0.0
183609,-0.0,-0.0,-0.0
183633,-0.0,-0.0,-0.0
183657,-0.0,-0.0,-0.0
183683,-0.0,-0.0,-0.0
183707,-0.0,-0.0,-0.0
183732,-0.0,-0.0,-0.0
183756,-0.0,-0.0,-0.0
183780,-0.0,-0.0,-0.0
183809,-0.0,-0.0,-0.0
183834,-0.0,-0.0,-0.0
183859,-0.0,-0.0,-0.0
183883,-0.0,-0.0,-0.0
183908,-0.0,-0.0,-0.0
183932,-0.0,-0.0,-0.0
183957,-0.0,-0.0,-0.0
183981,-0.0,-0.0,-0.0
184006,-0.0,-0.0,-0.0
184030,-0.0,-0.0,-0.0
184059,-0.0,-0.0,-0.0
184083,-0.0,-0.0,-0.0
184108,-0.0,-0.0,-0.0
184133,-0.0,-0.0,-0.0
184158,-0.0,-0.0,-0.0
184182,-0.0,-0.0,-0.0
184206,-0.0,-0.0,-0.0
184231,-0.0,-0.0,-0.0
184255,-0.0,-0.0,-0.0
184280,-0.0,-0.0,-0.0
184304,-0.0,-0.0,-0.0
184333,-0.0,-0.0,-0.0
184358,-0.0,-0.0,-0.0
184383,-0.0,-0.0,-0.0
184407,-0.0,-0.0,-0.0
184432,-0.0,-0.0,-0.0
184457,-0.0,-0.0,-0.0
184481,-0.0,-0.0,-0.0
184506,-0.0,-0.0,-0.0
184530,-0.0,-0.0,-0.0
184554,-0.0,-0.0,-0.0
184583,-0.0,-0.0,-0.0
184608,-0.0,-0.0,-0.0
184633,-0.0,-0.0,-0.0
184657,-0.0,-0.0,-0.0
184682,-0.0,-0.0,-0.0
184706,-0.0,-0.0,-0.0
184731,-0.0,-0.0,-0.0
184755,-0.0,-0.0,-0.0
184780,-0.0,-0.0,-0.0
184804,-0.0,-0.0,-0.0
184833,-0.0,-0.0,-0.0
184858,-0.0,-0.0,-0.0
184883,-0.0,-0.0,-0.0
184907,-0.0,-0.0,-0.0
184931,-0.0,-0.0,-0.0
184956,-0.0,-0.0,-0.0
184981,-0.0,-0.0,-0.0
185005,-0.0,-0.0,-0.0
185030,-0.0,-0.0,-0.0
185054,-0.0,-0.0,-0.0
185083,-0.0,-0.0,-0.0
185107,-0.0,-0.0,-0.0
185133,-0.0,-0.0,-0.0
185157,-0.0,-0.0,-0.0
185181,-0.0,-0.0,-0.0
185214,-0.0,-0.0,-0.0
185244,-0.0,-0.0,-0.0
185276,-0.0,-0.0,-0.0
185308,-0.0,-0.0,-0.0
185341,-0.0,-0.0,-0.0
185366,-0.0,-0.0,-0.0
185390,-0.0,-0.0,-0.0
185415,-0.0,-0.0,-0.0
185439,-0.0,-0.0,-0.0
185468,-0.0,-0.0,-0.0
185492,-0.0,-0.0,-0.0
185517,-0.0,-0.0,-0.0
185542,-0.0,-0.0,-0.0
185566,-0.0,-0.0,-0.0
185591,-0.0,-0.0,-0.0
185616,-0.0,-0.0,-0.0
185640,-0.0,-0.0,-0.0
185665,-0.0,-0.0,-0.0
185689,-0.0,-0.0,-0.0
185718,-0.0,-0.0,-0.0
185742,-0.0,-0.0,-0.0
185767,-0.0,-0.0,-0.0
185792,-0.0,-0.0,-0.0
185816,-0.0,-0.0,-0.0
185841,-0.0,-0.0,-0.0
185865,-0.0,-0.0,-0.0
185890,-0.0,-0.0,-0.0
185914,-0.0,-0.0,-0.0
185939,-0.0,-0.0,-0.0
185967,-0.0,-0.0,-0.0
185992,-0.0,-0.0,-0.0
186017,-0.0,-0.0,-0.0
186041,-0.0,-0.0,-0.0
186066,-0.0,-0.0,-0.0
186091,-0.0,-0.0,-0.0
186115,-0.0,-0.0,-0.0
186139,-0.0,-0.0,-0.0
186164,-0.0,-0.0,-0.0
186189,-0.0,-0.0,-0.0
186214,-0.0,-0.0,-0.0
186242,-0.0,-0.0,-0.0
186266,-0.0,-0.0,-0.0
186291,-0.0,-0.0,-0.0
186316,-0.0,-0.0,-0.0
186341,-0.0,-0.0,-0.0
186365,-0.0,-0.0,-0.0
186390,-0.0,-0.0,-0.0
186414,-0.0,-0.0,-0.0
186438,-0.0,-0.0,-0.0
186463,-0.0,-0.0,-0.0
186492,-0.0,-0.0,-0.0
186516,-0.0,-0.0,-0.0
186541,-0.0,-0.0,-0.0
186566,-0.0,-0.0,-0.0
186590,-0.0,-0.0,-0.0
186614,-0.0,-0.0,-0.0
186640,-0.0,-0.0,-0.0
186664,-0.0,-0.0,-0.0
186696,-0.0,-0.0,-0.0
186729,-0.0,-0.0,-0.0
186762,-0.0,-0.0,-0.0
186787,-0.0,-0.0,-0.0
186811,-0.0,-0.0,-0.0
186836,-0.0,-0.0,-0.0
186861,-0.0,-0.0,-0.0
186885,-0.0,-0.0,-0.0
186909,-0.0,-0.0,-0.0
186938,-0.0,-0.0,-0.0
186963,-0.0,-0.0,-0.0
186987,-0.0,-0.0,-0.0
187012,-0.0,-0.0,-0.0
187036,-0.0,-0.0,-0.0
187061,-0.0,-0.0,-0.0
187086,-0.0,-0.0,-0.0
187110,-0.0,-0.0,-0.0
187135,-0.0,-0.0,-0.0
187160,-0.0,-0.0,-0.0
187188,-0.0,-0.0,-0.0
187213,-0.0,-0.0,-0.0
187237,-0.0,-0.0,-0.0
187262,-0.0,-0.0,-0.0
187286,-0.0,-0.0,-0.0
187311,-0.0,-0.0,-0.0
187335,-0.0,-0.0,-0.0
187360,-0.0,-0.0,-0.0
187385,-0.0,-0.0,-0.0
187410,-0.0,-0.0,-0.0
187438,-0.0,-0.0,-0.0
187462,-0.0,-0.0,-0.0
187487,-0.0,-0.0,-0.0
187512,-0.0,-0.0,-0.0
187536,-0.0,-0.0,-0.0
187561,-0.0,-0.0,-0.0
187585,-0.0,-0.0,-0.0
187610,-0.0,-0.0,-0.0
187635,-0.0,-0.0,-0.0
187659,-0.0,-0.0,-0.0
187688,-0.0,-0.0,-0.0
187712,-0.0,-0.0,-0.0
187737,-0.0,-0.0,-0.0
187762,-0.0,-0.0,-0.0
187786,-0.0,-0.0,-0.0
187811,-0.0,-0.0,-0.0
187835,-0.0,-0.0,-0.0
187860,-0.0,-0.0,-0.0
187884,-0.0,-0.0,-0.0
187909,-0.0,-0.0,-0.0
187933,-0.0,-0.0,-0.0
187962,-0.0,-0.0,-0.0
187986,-0.0,-0.0,-0.0
188011,-0.0,-0.0,-0.0
188036,-0.0,-0.0,-0.0
188061,-0.0,-0.0,-0.0
188085,-0.0,-0.0,-0.0
188110,-0.0,-0.0,-0.0
188134,-0.0,-0.0,-0.0
188159,-0.0,-0.0,-0.0
188184,-0.0,-0.0,-0.0
188212,-0.0,-0.0,-0.0
188236,-0.0,-0.0,-0.0
188261,-0.0,-0.0,-0.0
188286,-0.0,-0.0,-0.0
188311,-0.0,-0.0,-0.0
188335,-0.0,-0.0,-0.0
188359,-0.0,-0.0,-0.0
188384,-0.0,-0.0,-0.0
188409,-0.0,-0.0,-0.0
188433,-0.0,-0.0,-0.0
188462,-0.0,-0.0,-0.0
188486,-0.0,-0.0,-0.0
188511,-0.0,-0.0,-0.0
188535,-0.0,-0.0,-0.0
188560,-0.0,-0.0,-0.0
188585,-0.0,-0.0,-0.0
188609,-0.0,-0.0,-0.0
188634,-0.0,-0.0,-0.0
188659,-0.0,-0.0,-0.0
188683,-0.0,-0.0,-0.0
188712,-0.0,-0.0,-0.0
188736,-0.0,-0.0,-0.0
188761,-0.0,-0.0,-0.0
188785,-0.0,-0.0,-0.0
188810,-0.0,-0.0,-0.0
188835,-0.0,-0.0,-0.0
188860,-0.0,-0.0,-0.0
188884,-0.0,-0.0,-0.0
188909,-0.0,-0.0,-0.0
188933,-0.0,-0.0,-0.0
188961,-0.0,-0.0,-0.0
188986,-0.0,-0.0,-0.0
189011,-0.0,-0.0,-0.0
189035,-0.0,-0.0,-0.0
189060,-0.0,-0.0,-0.0
189085,-0.0,-0.0,-0.0
189109,-0.0,-0.0,-0.0
189133,-0.0,-0.0,-0.0
189159,-0.0,-0.0,-0.0
189183,-0.0,-0.0,-0.0
189208,-0.0,-0.0,-0.0
189236,-0.0,-0.0,-0.0
189261,-0.0,-0.0,-0.0
189285,-0.0,-0.0,-0.0
189309,-0.0,-0.0,-0.0
189334,-0.0,-0.0,-0.0
189359,-0.0,-0.0,-0.0
189384,-0.0,-0.0,-0.0
189408,-0.0,-0.0,-0.0
189433,-0.0,-0.0,-0.0
189458,-0.0,-0.0,-0.0
189486,-0.0,-0.0,-0.0
189511,-0.0,-0.0,-0.0
189535,-0.0,-0.0,-0.0
189560,-0.0,-0.0,-0.0
189584,-0.0,-0.0,-0.0
189609,-0.0,-0.0,-0.0
189633,-0.0,-0.0,-0.0
189658,-0.0,-0.0,-0.0
189683,-0.0,-0.0,-0.0
189707,-0.0,-0.0,-0.0
189735,-0.0,-0.0,-0.0
189760,-0.0,-0.0,-0.0
189785,-0.0,-0.0,-0.0
189810,-0.0,-0.0,-0.0
189834,-0.0,-0.0,-0.0
189859,-0.0,-0.0,-0.0
189883,-0.0,-0.0,-0.0
189908,-0.0,-0.0,-0.0
189932,-0.0,-0.0,-0.0
189957,-0.0,-0.0,-0.0
189985,-0.0,-0.0,-0.0
190010,-0.0,-0.0,-0.0
190034,-0.0,-0.0,-0.0
190059,-0.0,-0.0,-0.0
190084,-0.0,-0.0,-0.0
190108,-0.0,-0.0,-0.0
190133,-0.0,-0.0,-0.0
190157,-0.0,-0.0,-0.0
190182,-0.0,-0.0,-0.0
190207,-0.0,-0.0,-0.0
190235,-0.0,-0.0,-0.0
190260,-0.0,-0.0,-0.0
190285,-0.0,-0.0,-0.0
190310,-0.0,-0.0,-0.0
190334,-0.0,-0.0,-0.0
190358,-0.0,-0.0,-0.0
190383,-0.0,-0.0,-0.0
190408,-0.0,-0.0,-0.0
190433,-0.0,-0.0,-0.0
190456,-0.0,-0.0,-0.0
190481,-0.0,-0.0,-0.0
190510,-0.0,-0.0,-0.0
190534,-0.0,-0.0,-0.0
190559,-0.0,-0.0,-0.0
190583,-0.0,-0.0,-0.0
190608,-0.0,-0.0,-0.0
190633,-0.0,-0.0,-0.0
190657,-0.0,-0.0,-0.0
190683,-0.0,-0.0,-0.0
190706,-0.0,-0.0,-0.0
190731,-0.0,-0.0,-0.0
190760,-0.0,-0.0,-0.0
190784,-0.0,-0.0,-0.0
190809,-0.0,-0.0,-0.0
190833,-0.0,-0.0,-0.0
190858,-0.0,-0.0,-0.0
190882,-0.0,-0.0,-0.0
190907,-0.0,-0.0,-0.0
190932,-0.0,-0.0,-0.0
190957,-0.0,-0.0,-0.0
190981,-0.0,-0.0,-0.0
191009,-0.0,-0.0,-0.0
191034,-0.0,-0.0,-0.0
191059,-0.0,-0.0,-0.0
191083,-0.0,-0.0,-0.0
191108,-0.0,-0.0,-0.0
191132,-0.0,-0.0,-0.0
191157,-0.0,-0.0,-0.0
191181,-0.0,-0.0,-0.0
191206,-0.0,-0.0,-0.0
191231,-0.0,-0.0,-0.0
191260,-0.0,-0.0,-0.0
191284,-0.0,-0.0,-0.0
191308,-0.0,-0.0,-0.0
191333,-0.0,-0.0,-0.0
191358,-0.0,-0.0,-0.0
191383,-0.0,-0.0,-0.0
191407,-0.0,-0.0,-0.0
191431,-0.0,-0.0,-0.0
191456,-0.0,-0.0,-0.0
191481,-0.0,-0.0,-0.0
191509,-0.0,-0.0,-0.0
191534,-0.0,-0.0,-0.0
191558,-0.0,-0.0,-0.0
191583,-0.0,-0.0,-0.0
191608,-0.0,-0.0,-0.0
191632,-0.0,-0.0,-0.0
191657,-0.0,-0.0,-0.0
191681,-0.0,-0.0,-0.0
191706,-0.0,-0.0,-0.0
191731,-0.0,-0.0,-0.0
191755,-0.0,-0.0,-0.0
191783,-0.0,-0.0,-0.0
191808,-0.0,-0.0,-0.0
191833,-0.0,-0.0,-0.0
191858,-0.0,-0.0,-0.0
191883,-0.0,-0.0,-0.0
191907,-0.0,-0.0,-0.0
191931,-0.0,-0.0,-0.0
191956,-0.0,-0.0,-0.0
191981,-0.0,-0.0,-0.0
192006,-0.0,-0.0,-0.0
192033,-0.0,-0.0,-0.0
192058,-0.0,-0.0,-0.0
192083,-0.0,-0.0,-0.0
192107,-0.0,-0.0,-0.0
192132,-0.0,-0.0,-0.0
192157,-0.0,-0.0,-0.0
192181,-0.0,-0.0,-0.0
192206,-0.0,-0.0,-0.0
192230,-0.0,-0.0,-0.0
192255,-0.0,-0.0,-0.0
192283,-0.0,-0.0,-0.0
192308,-0.0,-0.0,-0.0
192332,-0.0,-0.0,-0.0
192357,-0.0,-0.0,-0.0
192381,-0.0,-0.0,-0.0
192406,-0.0,-0.0,-0.0
192431,-0.0,-0.0,-0.0
192456,-0.0,-0.0,-0.0
192480,-0.0,-0.0,-0.0
192504,-0.0,-0.0,-0.0
192533,-0.0,-0.0,-0.0
192558,-0.0,-0.0,-0.0
192583,-0.0,-0.0,-0.0
192607,-0.0,-0.0,-0.0
192632,-0.0,-0.0,-0.0
192656,-0.0,-0.0,-0.0
192681,-0.0,-0.0,-0.0
192705,-0.0,-0.0,-0.0
192730,-0.0,-0.0,-0.0
192755,-0.0,-0.0,-0.0
192783,-0.0,-0.0,-0.0
192808,-0.0,-0.0,-0.0
192832,-0.0,-0.0,-0.0
192857,-0.0,-0.0,-0.0
192881,-0.0,-0.0,-0.0
192906,-0.0,-0.0,-0.0
192931,-0.0,-0.0,-0.0
192955,-0.0,-0.0,-0.0
192980,-0.0,-0.0,-0.0
193004,-0.0,-0.0,-0.0
193029,-0.0,-0.0,-0.0
193057,-0.0,-0.0,-0.0
193082,-0.0,-0.0,-0.0
193107,-0.0,-0.0,-0.0
193131,-0.0,-0.0,-0.0
193156,-0.0,-0.0,-0.0
193180,-0.0,-0.0,-0.0
193205,-0.0,-0.0,-0.0
193230,-0.0,-0.0,-0.0
193254,-0.0,-0.0,-0.0
193279,-0.0,-0.0,-0.0
193307,-0.0,-0.0,-0.0
193332,-0.0,-0.0,-0.0
193356,-0.0,-0.0,-0.0
193381,-0.0,-0.0,-0.0
193406,-0.0,-0.0,-0.0
193430,-0.0,-0.0,-0.0
193455,-0.0,-0.0,-0.0
193479,-0.0,-0.0,-0.0
193504,-0.0,-0.0,-0.0
193529,-0.0,-0.0,-0.0
193557,-0.0,-0.0,-0.0
193581,-0.0,-0.0,-0.0
193606,-0.0,-0.0,-0.0
193631,-0.0,-0.0,-0.0
193656,-0.0,-0.0,-0.0
193681,-0.0,-0.0,-0.0
193705,-0.0,-0.0,-0.0
193729,-0.0,-0.0,-0.0
193753,-0.0,-0.0,-0.0
193778,-0.0,-0.0,-0.0
193811,-0.0,-0.0,-0.0
193844,-0.0,-0.0,-0.0
193877,-0.0,-0.0,-0.0
193909,-0.0,-0.0,-0.0
193942,-0.0,-0.0,-0.0
193966,-0.0,-0.0,-0.0
193991,-0.0,-0.0,-0.0
194016,-0.0,-0.0,-0.0
194040,-0.0,-0.0,-0.0
194066,-0.0,-0.0,-0.0
194089,-0.0,-0.0,-0.0
194114,-0.0,-0.0,-0.0
194143,-0.0,-0.0,-0.0
194167,-0.0,-0.0,-0.0
194192,-0.0,-0.0,-0.0
194216,-0.0,-0.0,-0.0
194241,-0.0,-0.0,-0.0
194266,-0.0,-0.0,-0.0
194290,-0.0,-0.0,-0.0
194315,-0.0,-0.0,-0.0
194340,-0.0,-0.0,-0.0
194364,-0.0,-0.0,-0.0
194392,-0.0,-0.0,-0.0
194417,-0.0,-0.0,-0.0
194442,-0.0,-0.0,-0.0
194466,-0.0,-0.0,-0.0
194491,-0.0,-0.0,-0.0
194516,-0.0,-0.0,-0.0
194540,-0.0,-0.0,-0.0
194564,-0.0,-0.0,-0.0
194589,-0.0,-0.0,-0.0
194614,-0.0,-0.0,-0.0
194642,-0.0,-0.0,-0.0
194667,-0.0,-0.0,-0.0
194692,-0.0,-0.0,-0.0
194716,-0.0,-0.0,-0.0
194741,-0.0,-0.0,-0.0
194766,-0.0,-0.0,-0.0
194790,-0.0,-0.0,-0.0
194815,-0.0,-0.0,-0.0
194839,-0.0,-0.0,-0.0
194864,-0.0,-0.0,-0.0
194892,-0.0,-0.0,-0.0
194917,-0.0,-0.0,-0.0
194942,-0.0,-0.0,-0.0
194974,-0.0,-0.0,-0.0
195003,-0.0,-0.0,-0.0
195035,-0.0,-0.0,-0.0
195061,-0.0,-0.0,-0.0
195089,-0.0,-0.0,-0.0
195113,-0.0,-0.0,-0.0
195138,-0.0,-0.0,-0.0
195163,-0.0,-0.0,-0.0
195187,-0.0,-0.0,-0.0
195212,-0.0,-0.0,-0.0
195236,-0.0,-0.0,-0.0
195261,-0.0,-0.0,-0.0
195285,-0.0,-0.0,-0.0
195310,-0.0,-0.0,-0.0
195339,-0.0,-0.0,-0.0
195363,-0.0,-0.0,-0.0
195388,-0.0,-0.0,-0.0
195413,-0.0,-0.0,-0.0
195437,-0.0,-0.0,-0.0
195462,-0.0,-0.0,-0.0
195486,-0.0,-0.0,-0.0
195511,-0.0,-0.0,-0.0
195535,-0.0,-0.0,-0.0
195560,-0.0,-0.0,-0.0
195588,-0.0,-0.0,-0.0
195613,-0.0,-0.0,-0.0
195637,-0.0,-0.0,-0.0
195663,-0.0,-0.0,-0.0
195687,-0.0,-0.0,-0.0
195711,-0.0,-0.0,-0.0
195736,-0.0,-0.0,-0.0
195760,-0.0,-0.0,-0.0
195785,-0.0,-0.0,-0.0
195810,-0.0,-0.0,-0.0
195834,-0.0,-0.0,-0.0
195863,-0.0,-0.0,-0.0
195887,-0.0,-0.0,-0.0
195912,-0.0,-0.0,-0.0
195937,-0.0,-0.0,-0.0
195961,-0.0,-0.0,-0.0
195986,-0.0,-0.0,-0.0
196010,-0.0,-0.0,-0.0
196035,-0.0,-0.0,-0.0
196060,-0.0,-0.0,-0.0
196084,-0.0,-0.0,-0.0
196113,-0.0,-0.0,-0.0
196137,-0.0,-0.0,-0.0
196162,-0.0,-0.0,-0.0
196186,-0.0,-0.0,-0.0
196211,-0.0,-0.0,-0.0
196235,-0.0,-0.0,-0.0
196261,-0.0,-0.0,-0.0
196285,-0.0,-0.0,-0.0
196310,-0.0,-0.0,-0.0
196334,-0.0,-0.0,-0.0
196363,-0.0,-0.0,-0.0
196387,-0.0,-0.0,-0.0
196412,-0.0,-0.0,-0.0
196436,-0.0,-0.0,-0.0
196461,-0.0,-0.0,-0.0
196485,-0.0,-0.0,-0.0
196510,-0.0,-0.0,-0.0
196535,-0.0,-0.0,-0.0
196559,-0.0,-0.0,-0.0
196584,-0.0,-0.0,-0.0
196613,-0.0,-0.0,-0.0
196637,-0.0,-0.0,-0.0
196662,-0.0,-0.0,-0.0
196686,-0.0,-0.0,-0.0
196711,-0.0,-0.0,-0.0
196735,-0.0,-0.0,-0.0
196760,-0.0,-0.0,-0.0
196785,-0.0,-0.0,-0.0
196809,-0.0,-0.0,-0.0
196834,-0.0,-0.0,-0.0
196862,-0.0,-0.0,-0.0
196887,-0.0,-0.0,-0.0
196912,-0.0,-0.0,-0.0
196936,-0.0,-0.0,-0.0
196961,-0.0,-0.0,-0.0
196985,-0.0,-0.0,-0.0
197010,-0.0,-0.0,-0.0
197035,-0.0,-0.0,-0.0
197059,-0.0,-0.0,-0.0
197083,-0.0,-0.0,-0.0
197108,-0.0,-0.0,-0.0
197137,-0.0,-0.0,-0.0
197161,-0.0,-0.0,-0.0
197186,-0.0,-0.0,-0.0
197210,-0.0,-0.0,-0.0
197235,-0.0,-0.0,-0.0
197260,-0.0,-0.0,-0.0
197284,-0.0,-0.0,-0.0
197309,-0.0,-0.0,-0.0
197333,-0.0,-0.0,-0.0
197358,-0.0,-0.0,-0.0
197386,-0.0,-0.0,-0.0
197411,-0.0,-0.0,-0.0
197436,-0.0,-0.0,-0.0
197460,-0.0,-0.0,-0.0
197485,-0.0,-0.0,-0.0
197510,-0.0,-0.0,-0.0
197534,-0.0,-0.0,-0.0
197559,-0.0,-0.0,-0.0
197583,-0.0,-0.0,-0.0
197608,-0.0,-0.0,-0.0
197637,-0.0,-0.0,-0.0
197661,-0.0,-0.0,-0.0
197685,-0.0,-0.0,-0.0
197710,-0.0,-0.0,-0.0
197735,-0.0,-0.0,-0.0
197759,-0.0,-0.0,-0.0
197784,-0.0,-0.0,-0.0
197808,-0.0,-0.0,-0.0
197833,-0.0,-0.0,-0.0
197858,-0.0,-0.0,-0.0
197886,-0.0,-0.0,-0.0
197911,-0.0,-0.0,-0.0
197935,-0.0,-0.0,-0.0
197960,-0.0,-0.0,-0.0
197985,-0.0,-0.0,-0.0
198009,-0.0,-0.0,-0.0
198035,-0.0,-0.0,-0.0
198059,-0.0,-0.0,-0.0
198083,-0.0,-0.0,-0.0
198108,-0.0,-0.0,-0.0
198136,-0.0,-0.0,-0.0
198161,-0.0,-0.0,-0.0
198185,-0.0,-0.0,-0.0
198210,-0.0,-0.0,-0.0
198235,-0.0,-0.0,-0.0
198259,-0.0,-0.0,-0.0
198284,-0.0,-0.0,-0.0
198308,-0.0,-0.0,-0.0
198333,-0.0,-0.0,-0.0
198358,-0.0,-0.0,-0.0
198382,-0.0,-0.0,-0.0
198410,-0.0,-0.0,-0.0
198435,-0.0,-0.0,-0.0
198460,-0.0,-0.0,-0.0
198484,-0.0,-0.0,-0.0
198509,-0.0,-0.0,-0.0
198534,-0.0,-0.0,-0.0
198558,-0.0,-0.0,-0.0
198583,-0.0,-0.0,-0.0
198608,-0.0,-0.0,-0.0
198632,-0.0,-0.0,-0.0
198661,-0.0,-0.0,-0.0
198685,-0.0,-0.0,-0.0
198710,-0.0,-0.0,-0.0
198734,-0.0,-0.0,-0.0
198759,-0.0,-0.0,-0.0
198783,-0.0,-0.0,-0.0
198808,-0.0,-0.0,-0.0
198833,-0.0,-0.0,-0.0
198857,-0.0,-0.0,-0.0
198882,-0.0,-0.0,-0.0
198910,-0.0,-0.0,-0.0
198935,-0.0,-0.0,-0.0
198959,-0.0,-0.0,-0.0
198984,-0.0,-0.0,-0.0
199008,-0.0,-0.0,-0.0
199033,-0.0,-0.0,-0.0
199058,-0.0,-0.0,-0.0
199082,-0.0,-0.0,-0.0
199107,-0.0,-0.0,-0.0
199131,-0.0,-0.0,-0.0
199160,-0.0,-0.0,-0.0
199185,-0.0,-0.0,-0.0
199209,-0.0,-0.0,-0.0
199234,-0.0,-0.0,-0.0
199259,-0.0,-0.0,-0.0
199283,-0.0,-0.0,-0.0
199308,-0.0,-0.0,-0.0
199332,-0.0,-0.0,-0.0
199357,-0.0,-0.0,-0.0
199382,-0.0,-0.0,-0.0
199410,-0.0,-0.0,-0.0
199434,-0.0,-0.0,-0.0
199459,-0.0,-0.0,-0.0
199484,-0.0,-0.0,-0.0
199508,-0.0,-0.0,-0.0
199533,-0.0,-0.0,-0.0
199557,-0.0,-0.0,-0.0
199582,-0.0,-0.0,-0.0
199607,-0.0,-0.0,-0.0
199631,-0.0,-0.0,-0.0
199660,-0.0,-0.0,-0.0
199684,-0.0,-0.0,-0.0
199709,-0.0,-0.0,-0.0
199734,-0.0,-0.0,-0.0
199758,-0.0,-0.0,-0.0
199783,-0.0,-0.0,-0.0
199808,-0.0,-0.0,-0.0
199832,-0.0,-0.0,-0.0
199857,-0.0,-0.0,-0.0
199881,-0.0,-0.0,-0.0
199906,-0.0,-0.0,-0.0
199934,-0.0,-0.0,-0.0
199959,-0.0,-0.0,-0.0
199983,-0.0,-0.0,-0.0
200008,-0.0,-0.0,-0.0
200032,-0.0,-0.0,-0.0
200057,-0.0,-0.0,-0.0
200082,-0.0,-0.0,-0.0
200107,-0.0,-0.0,-0.0
200131,-0.0,-0.0,-0.0
200156,-0.0,-0.0,-0.0
200184,-0.0,-0.0,-0.0
200209,-0.0,-0.0,-0.0
200233,-0.0,-0.0,-0.0
200258,-0.0,-0.0,-0.0
200282,-0.0,-0.0,-0.0
200307,-0.0,-0.0,-0.0
200332,-0.0,-0.0,-0.0
200356,-0.0,-0.0,-0.0
200381,-0.0,-0.0,-0.0
200406,-0.0,-0.0,-0.0
200434,-0.0,-0.0,-0.0
200459,-0.0,-0.0,-0.0
200483,-0.0,-0.0,-0.0
200508,-0.0,-0.0,-0.0
200532,-0.0,-0.0,-0.0
200557,-0.0,-0.0,-0.0
200581,-0.0,-0.0,-0.0
200606,-0.0,-0.0,-0.0
200630,-0.0,-0.0,-0.0
200655,-0.0,-0.0,-0.0
200684,-0.0,-0.0,-0.0
200709,-0.0,-0.0,-0.0
200733,-0.0,-0.0,-0.0
200757,-0.0,-0.0,-0.0
200782,-0.0,-0.0,-0.0
200806,-0.0,-0.0,-0.0
200832,-0.0,-0.0,-0.0
200856,-0.0,-0.0,-0.0
200881,-0.0,-0.0,-0.0
200905,-0.0,-0.0,-0.0
200933,-0.0,-0.0,-0.0
200958,-0.0,-0.0,-0.0
200983,-0.0,-0.0,-0.0
201008,-0.0,-0.0,-0.0
201032,-0.0,-0.0,-0.0
201057,-0.0,-0.0,-0.0
201082,-0.0,-0.0,-0.0
201106,-0.0,-0.0,-0.0
201130,-0.0,-0.0,-0.0
201155,-0.0,-0.0,-0.0
201179,-0.0,-0.0,-0.0
201208,-0.0,-0.0,-0.0
201232,-0.0,-0.0,-0.0
201257,-0.0,-0.0,-0.0
201282,-0.0,-0.0,-0.0
201306,-0.0,-0.0,-0.0
201331,-0.0,-0.0,-0.0
201355,-0.0,-0.0,-0.0
201380,-0.0,-0.0,-0.0
201405,-0.0,-0.0,-0.0
201429,-0.0,-0.0,-0.0
201458,-0.0,-0.0,-0.0
201482,-0.0,-0.0,-0.0
201507,-0.0,-0.0,-0.0
201532,-0.0,-0.0,-0.0
201556,-0.0,-0.0,-0.0
201581,-0.0,-0.0,-0.0
201605,-0.0,-0.0,-0.0
201630,-0.0,-0.0,-0.0
201655,-0.0,-0.0,-0.0
201679,-0.0,-0.0,-0.0
201708,-0.0,-0.0,-0.0
201732,-0.0,-0.0,-0.0
201757,-0.0,-0.0,-0.0
201782,-0.0,-0.0,-0.0
201806,-0.0,-0.0,-0.0
201831,-0.0,-0.0,-0.0
201855,-0.0,-0.0,-0.0
201880,-0.0,-0.0,-0.0
201904,-0.0,-0.0,-0.0
201929,-0.0,-0.0,-0.0
201958,-0.0,-0.0,-0.0
201982,-0.0,-0.0,-0.0
202007,-0.0,-0.0,-0.0
202031,-0.0,-0.0,-0.0
202056,-0.0,-0.0,-0.0
202081,-0.0,-0.0,-0.0
202105,-0.0,-0.0,-0.0
202130,-0.0,-0.0,-0.0
202154,-0.0,-0.0,-0.0
202179,-0.0,-0.0,-0.0
202207,-0.0,-0.0,-0.0
202232,-0.0,-0.0,-0.0
202257,-0.0,-0.0,-0.0
202282,-0.0,-0.0,-0.0
202306,-0.0,-0.0,-0.0
202330,-0.0,-0.0,-0.0
202355,-0.0,-0.0,-0.0
202379,-0.0,-0.0,-0.0
202404,-0.0,-0.0,-0.0
202429,-0.0,-0.0,-0.0
202453,-0.0,-0.0,-0.0
202482,-0.0,-0.0,-0.0
202506,-0.0,-0.0,-0.0
202539,-0.0,-0.0,-0.0
202568,-0.0,-0.0,-0.0
202601,-0.0,-0.0,-0.0
202633,-0.0,-0.0,-0.0
202658,-0.0,-0.0,-0.0
202683,-0.0,-0.0,-0.0
202707,-0.0,-0.0,-0.0
202732,-0.0,-0.0,-0.0
202756,-0.0,-0.0,-0.0
202781,-0.0,-0.0,-0.0
202805,-0.0,-0.0,-0.0
202830,-0.0,-0.0,-0.0
202859,-0.0,-0.0,-0.0
202883,-0.0,-0.0,-0.0
202908,-0.0,-0.0,-0.0
202932,-0.0,-0.0,-0.0
202957,-0.0,-0.0,-0.0
202982,-0.0,-0.0,-0.0
203006,-0.0,-0.0,-0.0
203031,-0.0,-0.0,-0.0
203055,-0.0,-0.0,-0.0
203088,-0.0,-0.0,-0.0
203120,-0.0,-0.0,-0.0
203153,-0.0,-0.0,-0.0
203186,-0.0,-0.0,-0.0
203215,-0.0,-0.0,-0.0
203248,-0.0,-0.0,-0.0
203272,-0.0,-0.0,-0.0
203301,-0.0,-0.0,-0.0
203325,-0.0,-0.0,-0.0
203350,-0.0,-0.0,-0.0
203375,-0.0,-0.0,-0.0
203399,-0.0,-0.0,-0.0
203424,-0.0,-0.0,-0.0
203448,-0.0,-0.0,-0.0
203473,-0.0,-0.0,-0.0
203497,-0.0,-0.0,-0.0
203522,-0.0,-0.0,-0.0
203551,-0.0,-0.0,-0.0
203576,-0.0,-0.0,-0.0
203600,-0.0,-0.0,-0.0
203625,-0.0,-0.0,-0.0
203649,-0.0,-0.0,-0.0
203674,-0.0,-0.0,-0.0
203699,-0.0,-0.0,-0.0
203731,-0.0,-0.0,-0.0
203764,-0.0,-0.0,-0.0
203796,-0.0,-0.0,-0.0
203829,-0.0,-0.0,-0.0
203858,-0.0,-0.0,-0.0
203883,-0.0,-0.0,-0.0
203907,-0.0,-0.0,-0.0
203936,-0.0,-0.0,-0.0
203960,-0.0,-0.0,-0.0
203985,-0.0,-0.0,-0.0
204010,-0.0,-0.0,-0.0
204034,-0.0,-0.0,-0.0
204059,-0.0,-0.0,-0.0
204083,-0.0,-0.0,-0.0
204108,-0.0,-0.0,-0.0
204132,-0.0,-0.0,-0.0
204157,-0.0,-0.0,-0.0
204185,-0.0,-0.0,-0.0
204210,-0.0,-0.0,-0.0
204235,-0.0,-0.0,-0.0
204260,-0.0,-0.0,-0.0
204284,-0.0,-0.0,-0.0
204309,-0.0,-0.0,-0.0
204333,-0.0,-0.0,-0.0
204358,-0.0,-0.0,-0.0
204382,-0.0,-0.0,-0.0
204407,-0.0,-0.0,-0.0
204435,-0.0,-0.0,-0.0
204460,-0.0,-0.0,-0.0
204484,-0.0,-0.0,-0.0
204509,-0.0,-0.0,-0.0
204534,-0.0,-0.0,-0.0
204558,-0.0,-0.0,-0.0
204583,-0.0,-0.0,-0.0
204608,-0.0,-0.0,-0.0
204632,-0.0,-0.0,-0.0
204657,-0.0,-0.0,-0.0
204682,-0.0,-0.0,-0.0
204710,-0.0,-0.0,-0.0
204734,-0.0,-0.0,-0.0
204759,-0.0,-0.0,-0.0
204784,-0.0,-0.0,-0.0
204808,-0.0,-0.0,-0.0
204833,-0.0,-0.0,-0.0
204858,-0.0,-0.0,-0.0
204882,-0.0,-0.0,-0.0
204907,-0.0,-0.0,-0.0
204931,-0.0,-0.0,-0.0
204960,-0.0,-0.0,-0.0
204984,-0.0,-0.0,-0.0
205009,-0.0,-0.0,-0.0
205033,-0.0,-0.0,-0.0
205058,-0.0,-0.0,-0.0
205083,-0.0,-0.0,-0.0
205107,-0.0,-0.0,-0.0
205132,-0.0,-0.0,-0.0
205157,-0.0,-0.0,-0.0
205182,-0.0,-0.0,-0.0
205210,-0.0,-0.0,-0.0
205234,-0.0,-0.0,-0.0
205259,-0.0,-0.0,-0.0
205283,-0.0,-0.0,-0.0
205308,-0.0,-0.0,-0.0
205332,-0.0,-0.0,-0.0
205357,-0.0,-0.0,-0.0
205382,-0.0,-0.0,-0.0
205406,-0.0,-0.0,-0.0
205432,-0.0,-0.0,-0.0
205460,-0.0,-0.0,-0.0
205484,-0.0,-0.0,-0.0
205508,-0.0,-0.0,-0.0
205533,-0.0,-0.0,-0.0
205558,-0.0,-0.0,-0.0
205582,-0.0,-0.0,-0.0
205607,-0.0,-0.0,-0.0
205632,-0.0,-0.0,-0.0
205656,-0.0,-0.0,-0.0
205680,-0.0,-0.0,-0.0
205709,-0.0,-0.0,-0.0
205734,-0.0,-0.0,-0.0
205758,-0.0,-0.0,-0.0
205783,-0.0,-0.0,-0.0
205808,-0.0,-0.0,-0.0
205832,-0.0,-0.0,-0.0
205857,-0.0,-0.0,-0.0
205882,-0.0,-0.0,-0.0
205906,-0.0,-0.0,-0.0
205931,-0.0,-0.0,-0.0
205955,-0.0,-0.0,-0.0
205988,-0.0,-0.0,-0.0
206020,-0.0,-0.0,-0.0
206053,-0.0,-0.0,-0.0
206086,-0.0,-0.0,-0.0
206111,-0.0,-0.0,-0.0
206135,-0.0,-0.0,-0.0
206160,-0.0,-0.0,-0.0
206184,-0.0,-0.0,-0.0
206209,-0.0,-0.0,-0.0
206238,-0.0,-0.0,-0.0
206263,-0.0,-0.0,-0.0
206287,-0.0,-0.0,-0.0
206312,-0.0,-0.0,-0.0
206336,-0.0,-0.0,-0.0
206361,-0.0,-0.0,-0.0
206385,-0.0,-0.0,-0.0
206410,-0.0,-0.0,-0.0
206434,-0.0,-0.0,-0.0
206459,-0.0,-0.0,-0.0
206488,-0.0,-0.0,-0.0
206512,-0.0,-0.0,-0.0
206536,-0.0,-0.0,-0.0
206562,-0.0,-0.0,-0.0
206586,-0.0,-0.0,-0.0
206610,-0.0,-0.0,-0.0
206635,-0.0,-0.0,-0.0
206659,-0.0,-0.0,-0.0
206684,-0.0,-0.0,-0.0
206709,-0.0,-0.0,-0.0
206737,-0.0,-0.0,-0.0
206762,-0.0,-0.0,-0.0
206786,-0.0,-0.0,-0.0
206811,-0.0,-0.0,-0.0
206835,-0.0,-0.0,-0.0
206860,-0.0,-0.0,-0.0
206885,-0.0,-0.0,-0.0
206910,-0.0,-0.0,-0.0
206934,-0.0,-0.0,-0.0
206959,-0.0,-0.0,-0.0
206988,-0.0,-0.0,-0.0
207012,-0.0,-0.0,-0.0
207037,-0.0,-0.0,-0.0
207061,-0.0,-0.0,-0.0
207085,-0.0,-0.0,-0.0
207110,-0.0,-0.0,-0.0
207134,-0.0,-0.0,-0.0
207159,-0.0,-0.0,-0.0
207184,-0.0,-0.0,-0.0
207209,-0.0,-0.0,-0.0
207233,-0.0,-0.0,-0.0
207262,-0.0,-0.0,-0.0
207286,-0.0,-0.0,-0.0
207311,-0.0,-0.0,-0.0
207335,-0.0,-0.0,-0.0
207360,-0.0,-0.0,-0.0
207384,-0.0,-0.0,-0.0
207409,-0.0,-0.0,-0.0
207433,-0.0,-0.0,-0.0
207458,-0.0,-0.0,-0.0
207482,-0.0,-0.0,-0.0
207511,-0.0,-0.0,-0.0
207536,-0.0,-0.0,-0.0
207560,-0.0,-0.0,-0.0
207585,-0.0,-0.0,-0.0
207610,-0.0,-0.0,-0.0
207634,-0.0,-0.0,-0.0
207659,-0.0,-0.0,-0.0
207683,-0.0,-0.0,-0.0
207708,-0.0,-0.0,-0.0
207732,-0.0,-0.0,-0.0
207761,-0.0,-0.0,-0.0
207786,-0.0,-0.0,-0.0
207810,-0.0,-0.0,-0.0
207835,-0.0,-0.0,-0.0
207859,-0.0,-0.0,-0.0
207884,-0.0,-0.0,-0.0
207909,-0.0,-0.0,-0.0
207933,-0.0,-0.0,-0.0
207958,-0.0,-0.0,-0.0
207982,-0.0,-0.0,-0.0
208011,-0.0,-0.0,-0.0
208035,-0.0,-0.0,-0.0
208060,-0.0,-0.0,-0.0
208085,-0.0,-0.0,-0.0
208109,-0.0,-0.0,-0.0
208134,-0.0,-0.0,-0.0
208159,-0.0,-0.0,-0.0
208183,-0.0,-0.0,-0.0
208208,-0.0,-0.0,-0.0
208232,-0.0,-0.0,-0.0
208261,-0.0,-0.0,-0.0
208285,-0.0,-0.0,-0.0
208310,-0.0,-0.0,-0.0
208334,-0.0,-0.0,-0.0
208359,-0.0,-0.0,-0.0
208384,-0.0,-0.0,-0.0
208408,-0.0,-0.0,-0.0
208433,-0.0,-0.0,-0.0
208458,-0.0,-0.0,-0.0
208482,-0.0,-0.0,-0.0
208511,-0.0,-0.0,-0.0
208535,-0.0,-0.0,-0.0
208560,-0.0,-0.0,-0.0
208584,-0.0,-0.0,-0.0
208610,-0.0,-0.0,-0.0
208634,-0.0,-0.0,-0.0
208658,-0.0,-0.0,-0.0
208683,-0.0,-0.0,-0.0
208708,-0.0,-0.0,-0.0
208732,-0.0,-0.0,-0.0
208757,-0.0,-0.0,-0.0
208785,-0.0,-0.0,-0.0
208810,-0.0,-0.0,-0.0
208834,-0.0,-0.0,-0.0
208859,-0.0,-0.0,-0.0
208883,-0.0,-0.0,-0.0
208908,-0.0,-0.0,-0.0
208932,-0.0,-0.0,-0.0
208958,-0.0,-0.0,-0.0
208982,-0.0,-0.0,-0.0
209007,-0.0,-0.0,-0.0
209035,-0.0,-0.0,-0.0
209059,-0.0,-0.0,-0.0
209084,-0.0,-0.0,-0.0
209109,-0.0,-0.0,-0.0
209133,-0.0,-0.0,-0.0
209159,-0.0,-0.0,-0.0
209183,-0.0,-0.0,-0.0
209207,-0.0,-0.0,-0.0
209232,-0.0,-0.0,-0.0
209257,-0.0,-0.0,-0.0
209285,-0.0,-0.0,-0.0
209309,-0.0,-0.0,-0.0
209334,-0.0,-0.0,-0.0
209359,-0.0,-0.0,-0.0
209383,-0.0,-0.0,-0.0
209408,-0.0,-0.0,-0.0
209432,-0.0,-0.0,-0.0
209457,-0.0,-0.0,-0.0
209482,-0.0,-0.0,-0.0
209506,-0.0,-0.0,-0.0
209534,-0.0,-0.0,-0.0
209559,-0.0,-0.0,-0.0
209584,-0.0,-0.0,-0.0
209608,-0.0,-0.0,-0.0
209633,-0.0,-0.0,-0.0
209658,-0.0,-0.0,-0.0
209682,-0.0,-0.0,-0.0
209707,-0.0,-0.0,-0.0
209732,-0.0,-0.0,-0.0
209756,-0.0,-0.0,-0.0
209784,-0.0,-0.0,-0.0
209809,-0.0,-0.0,-0.0
209833,-0.0,-0.0,-0.0
209858,-0.0,-0.0,-0.0
209883,-0.0,-0.0,-0.0
209908,-0.0,-0.0,-0.0
209932,-0.0,-0.0,-0.0
209957,-0.0,-0.0,-0.0
209981,-0.0,-0.0,-0.0
210006,-0.0,-0.0,-0.0
210031,-0.0,-0.0,-0.0
210059,-0.0,-0.0,-0.0
210083,-0.0,-0.0,-0.0
210108,-0.0,-0.0,-0.0
210133,-0.0,-0.0,-0.0
210157,-0.0,-0.0,-0.0
210182,-0.0,-0.0,-0.0
210207,-0.0,-0.0,-0.0
210231,-0.0,-0.0,-0.0
210255,-0.0,-0.0,-0.0
210280,-0.0,-0.0,-0.0
210309,-0.0,-0.0,-0.0
210333,-0.0,-0.0,-0.0
210358,-0.0,-0.0,-0.0
210382,-0.0,-0.0,-0.0
210407,-0.0,-0.0,-0.0
210432,-0.0,-0.0,-0.0
210457,-0.0,-0.0,-0.0
210481,-0.0,-0.0,-0.0
210505,-0.0,-0.0,-0.0
210530,-0.0,-0.0,-0.0
210559,-0.0,-0.0,-0.0
210583,-0.0,-0.0,-0.0
210608,-0.0,-0.0,-0.0
210632,-0.0,-0.0,-0.0
210657,-0.0,-0.0,-0.0
210682,-0.0,-0.0,-0.0
210706,-0.0,-0.0,-0.0
210731,-0.0,-0.0,-0.0
210756,-0.0,-0.0,-0.0
210780,-0.0,-0.0,-0.0
210809,-0.0,-0.0,-0.0
210833,-0.0,-0.0,-0.0
210857,-0.0,-0.0,-0.0
210882,-0.0,-0.0,-0.0
210907,-0.0,-0.0,-0.0
210931,-0.0,-0.0,-0.0
210956,-0.0,-0.0,-0.0
210981,-0.0,-0.0,-0.0
211006,-0.0,-0.0,-0.0
211030,-0.0,-0.0,-0.0
211058,-0.0,-0.0,-0.0
211083,-0.0,-0.0,-0.0
211108,-0.0,-0.0,-0.0
211132,-0.0,-0.0,-0.0
211157,-0.0,-0.0,-0.0
211181,-0.0,-0.0,-0.0
211206,-0.0,-0.0,-0.0
211231,-0.0,-0.0,-0.0
211255,-0.0,-0.0,-0.0
211280,-0.0,-0.0,-0.0
211304,-0.0,-0.0,-0.0
211333,-0.0,-0.0,-0.0
211357,-0.0,-0.0,-0.0
211382,-0.0,-0.0,-0.0
211407,-0.0,-0.0,-0.0
211432,-0.0,-0.0,-0.0
211455,-0.0,-0.0,-0.0
211480,-0.0,-0.0,-0.0
211505,-0.0,-0.0,-0.0
211530,-0.0,-0.0,-0.0
211562,-0.0,-0.0,-0.0
211595,-0.0,-0.0,-0.0
211628,-0.0,-0.0,-0.0
211660,-0.0,-0.0,-0.0
211689,-0.0,-0.0,-0.0
211714,-0.0,-0.0,-0.0
211738,-0.0,-0.0,-0.0
211767,-0.0,-0.0,-0.0
211792,-0.0,-0.0,-0.0
211816,-0.0,-0.0,-0.0
211841,-0.0,-0.0,-0.0
211865,-0.0,-0.0,-0.0
211890,-0.0,-0.0,-0.0
211914,-0.0,-0.0,-0.0
211939,-0.0,-0.0,-0.0
211964,-0.0,-0.0,-0.0
211989,-0.0,-0.0,-0.0
212017,-0.0,-0.0,-0.0
212041,-0.0,-0.0,-0.0
212066,-0.0,-0.0,-0.0
212091,-0.0,-0.0,-0.0
212115,-0.0,-0.0,-0.0
212140,-0.0,-0.0,-0.0
212164,-0.0,-0.0,-0.0
212189,-0.0,-0.0,-0.0
212214,-0.0,-0.0,-0.0
212238,-0.0,-0.0,-0.0
212266,-0.0,-0.0,-0.0
212291,-0.0,-0.0,-0.0
212315,-0.0,-0.0,-0.0
212340,-0.0,-0.0,-0.0
212365,-0.0,-0.0,-0.0
212389,-0.0,-0.0,-0.0
212414,-0.0,-0.0,-0.0
212439,-0.0,-0.0,-0.0
212463,-0.0,-0.0,-0.0
212488,-0.0,-0.0,-0.0
212513,-0.0,-0.0,-0.0
212541,-0.0,-0.0,-0.0
212566,-0.0,-0.0,-0.0
212590,-0.0,-0.0,-0.0
212615,-0.0,-0.0,-0.0
212640,-0.0,-0.0,-0.0
212664,-0.0,-0.0,-0.0
212689,-0.0,-0.0,-0.0
212713,-0.0,-0.0,-0.0
212738,-0.0,-0.0,-0.0
212762,-0.0,-0.0,-0.0
212791,-0.0,-0.0,-0.0
212815,-0.0,-0.0,-0.0
212840,-0.0,-0.0,-0.0
212865,-0.0,-0.0,-0.0
212889,-0.0,-0.0,-0.0
212914,-0.0,-0.0,-0.0
212938,-0.0,-0.0,-0.0
212963,-0.0,-0.0,-0.0
212988,-0.0,-0.0,-0.0
213012,-0.0,-0.0,-0.0
213040,-0.0,-0.0,-0.0
213065,-0.0,-0.0,-0.0
213090,-0.0,-0.0,-0.0
213114,-0.0,-0.0,-0.0
213139,-0.0,-0.0,-0.0
213164,-0.0,-0.0,-0.0
213188,-0.0,-0.0,-0.0
213213,-0.0,-0.0,-0.0
213237,-0.0,-0.0,-0.0
213262,-0.0,-0.0,-0.0
213291,-0.0,-0.0,-0.0
213315,-0.0,-0.0,-0.0
213339,-0.0,-0.0,-0.0
213365,-0.0,-0.0,-0.0
213389,-0.0,-0.0,-0.0
213414,-0.0,-0.0,-0.0
213438,-0.0,-0.0,-0.0
213463,-0.0,-0.0,-0.0
213488,-0.0,-0.0,-0.0
213512,-0.0,-0.0,-0.0
213541,-0.0,-0.0,-0.0
213565,-0.0,-0.0,-0.0
213589,-0.0,-0.0,-0.0
213614,-0.0,-0.0,-0.0
213639,-0.0,-0.0,-0.0
213663,-0.0,-0.0,-0.0
213688,-0.0,-0.0,-0.0
213713,-0.0,-0.0,-0.0
213737,-0.0,-0.0,-0.0
213762,-0.0,-0.0,-0.0
213786,-0.0,-0.0,-0.0
213815,-0.0,-0.0,-0.0
213839,-0.0,-0.0,-0.0
213864,-0.0,-0.0,-0.0
213889,-0.0,-0.0,-0.0
213913,-0.0,-0.0,-0.0
213938,-0.0,-0.0,-0.0
213962,-0.0,-0.0,-0.0
213987,-0.0,-0.0,-0.0
214012,-0.0,-0.0,-0.0
214036,-0.0,-0.0,-0.0
214064,-0.0,-0.0,-0.0
214089,-0.0,-0.0,-0.0
214114,-0.0,-0.0,-0.0
214138,-0.0,-0.0,-0.0
214163,-0.0,-0.0,-0.0
214187,-0.0,-0.0,-0.0
214212,-0.0,-0.0,-0.0
214236,-0.0,-0.0,-0.0
214262,-0.0,-0.0,-0.0
214286,-0.0,-0.0,-0.0
214315,-0.0,-0.0,-0.0
214339,-0.0,-0.0,-0.0
214364,-0.0,-0.0,-0.0
214388,-0.0,-0.0,-0.0
214413,-0.0,-0.0,-0.0
214438,-0.0,-0.0,-0.0
214462,-0.0,-0.0,-0.0
214487,-0.0,-0.0,-0.0
214511,-0.0,-0.0,-0.0
214535,-0.0,-0.0,-0.0
214564,-0.0,-0.0,-0.0
214589,-0.0,-0.0,-0.0
214613,-0.0,-0.0,-0.0
214638,-0.0,-0.0,-0.0
214663,-0.0,-0.0,-0.0
214687,-0.0,-0.0,-0.0
214712,-0.0,-0.0,-0.0
214736,-0.0,-0.0,-0.0
214761,-0.0,-0.0,-0.0
214785,-0.0,-0.0,-0.0
214815,-0.0,-0.0,-0.0
214839,-0.0,-0.0,-0.0
214863,-0.0,-0.0,-0.0
214888,-0.0,-0.0,-0.0
214913,-0.0,-0.0,-0.0
214937,-0.0,-0.0,-0.0
214962,-0.0,-0.0,-0.0
214986,-0.0,-0.0,-0.0
215012,-0.0,-0.0,-0.0
215035,-0.0,-0.0,-0.0
215060,-0.0,-0.0,-0.0
215088,-0.0,-0.0,-0.0
215113,-0.0,-0.0,-0.0
215138,-0.0,-0.0,-0.0
215163,-0.0,-0.0,-0.0
215187,-0.0,-0.0,-0.0
215212,-0.0,-0.0,-0.0
215237,-0.0,-0.0,-0.0
215261,-0.0,-0.0,-0.0
215285,-0.0,-0.0,-0.0
215310,-0.0,-0.0,-0.0
215339,-0.0,-0.0,-0.0
215364,-0.0,-0.0,-0.0
215387,-0.0,-0.0,-0.0
215413,-0.0,-0.0,-0.0
215437,-0.0,-0.0,-0.0
215462,-0.0,-0.0,-0.0
215486,-0.0,-0.0,-0.0
215510,-0.0,-0.0,-0.0
215535,-0.0,-0.0,-0.0
215560,-0.0,-0.0,-0.0
215588,-0.0,-0.0,-0.0
215613,-0.0,-0.0,-0.0
215638,-0.0,-0.0,-0.0
215662,-0.0,-0.0,-0.0
215686,-0.0,-0.0,-0.0
215711,-0.0,-0.0,-0.0
215736,-0.0,-0.0,-0.0
215760,-0.0,-0.0,-0.0
215785,-0.0,-0.0,-0.0
215810,-0.0,-0.0,-0.0
215838,-0.0,-0.0,-0.0
215863,-0.0,-0.0,-0.0
215887,-0.0,-0.0,-0.0
215912,-0.0,-0.0,-0.0
215936,-0.0,-0.0,-0.0
215961,-0.0,-0.0,-0.0
215986,-0.0,-0.0,-0.0
216011,-0.0,-0.0,-0.0
216035,-0.0,-0.0,-0.0
216060,-0.0,-0.0,-0.0
216088,-0.0,-0.0,-0.0
216112,-0.0,-0.0,-0.0
216137,-0.0,-0.0,-0.0
216162,-0.0,-0.0,-0.0
216187,-0.0,-0.0,-0.0
216211,-0.0,-0.0,-0.0
216235,-0.0,-0.0,-0.0
216260,-0.0,-0.0,-0.0
216284,-0.0,-0.0,-0.0
216309,-0.0,-0.0,-0.0
216334,-0.0,-0.0,-0.0
216362,-0.0,-0.0,-0.0
216387,-0.0,-0.0,-0.0
216412,-0.0,-0.0,-0.0
216436,-0.0,-0.0,-0.0
216461,-0.0,-0.0,-0.0
216485,-0.0,-0.0,-0.0
216510,-0.0,-0.0,-0.0
216535,-0.0,-0.0,-0.0
216559,-0.0,-0.0,-0.0
216584,-0.0,-0.0,-0.0
216612,-0.0,-0.0,-0.0
216638,-0.0,-0.0,-0.0
216661,-0.0,-0.0,-0.0
216686,-0.0,-0.0,-0.0
216711,-0.0,-0.0,-0.0
216735,-0.0,-0.0,-0.0
216760,-0.0,-0.0,-0.0
216784,-0.0,-0.0,-0.0
216809,-0.0,-0.0,-0.0
216834,-0.0,-0.0,-0.0
216862,-0.0,-0.0,-0.0
216887,-0.0,-0.0,-0.0
216911,-0.0,-0.0,-0.0
216936,-0.0,-0.0,-0.0
216960,-0.0,-0.0,-0.0
216985,-0.0,-0.0,-0.0
217010,-0.0,-0.0,-0.0
217034,-0.0,-0.0,-0.0
217059,-0.0,-0.0,-0.0
217083,-0.0,-0.0,-0.0
217112,-0.0,-0.0,-0.0
217136,-0.0,-0.0,-0.0
217161,-0.0,-0.0,-0.0
217185,-0.0,-0.0,-0.0
217211,-0.0,-0.0,-0.0
217235,-0.0,-0.0,-0.0
217260,-0.0,-0.0,-0.0
217284,-0.0,-0.0,-0.0
217309,-0.0,-0.0,-0.0
217333,-0.0,-0.0,-0.0
217362,-0.0,-0.0,-0.0
217386,-0.0,-0.0,-0.0
217411,-0.0,-0.0,-0.0
217435,-0.0,-0.0,-0.0
217460,-0.0,-0.0,-0.0
217484,-0.0,-0.0,-0.0
217509,-0.0,-0.0,-0.0
217534,-0.0,-0.0,-0.0
217559,-0.0,-0.0,-0.0
217583,-0.0,-0.0,-0.0
217607,-0.0,-0.0,-0.0
217637,-0.0,-0.0,-0.0
217661,-0.0,-0.0,-0.0
217685,-0.0,-0.0,-0.0
217710,-0.0,-0.0,-0.0
217734,-0.0,-0.0,-0.0
217759,-0.0,-0.0,-0.0
217783,-0.0,-0.0,-0.0
217808,-0.0,-0.0,-0.0
217833,-0.0,-0.0,-0.0
217857,-0.0,-0.0,-0.0
217886,-0.0,-0.0,-0.0
217910,-0.0,-0.0,-0.0
217935,-0.0,-0.0,-0.0
217960,-0.0,-0.0,-0.0
217984,-0.0,-0.0,-0.0
218009,-0.0,-0.0,-0.0
218034,-0.0,-0.0,-0.0
218058,-0.0,-0.0,-0.0
218083,-0.0,-0.0,-0.0
218107,-0.0,-0.0,-0.0
218136,-0.0,-0.0,-0.0
218160,-0.0,-0.0,-0.0
218185,-0.0,-0.0,-0.0
218210,-0.0,-0.0,-0.0
218234,-0.0,-0.0,-0.0
218259,-0.0,-0.0,-0.0
218283,-0.0,-0.0,-0.0
218308,-0.0,-0.0,-0.0
218333,-0.0,-0.0,-0.0
218357,-0.0,-0.0,-0.0
218386,-0.0,-0.0,-0.0
218410,-0.0,-0.0,-0.0
218435,-0.0,-0.0,-0.0
218459,-0.0,-0.0,-0.0
218484,-0.0,-0.0,-0.0
218509,-0.0,-0.0,-0.0
218533,-0.0,-0.0,-0.0
218558,-0.0,-0.0,-0.0
218582,-0.0,-0.0,-0.0
218607,-0.0,-0.0,-0.0
218636,-0.0,-0.0,-0.0
218660,-0.0,-0.0,-0.0
218684,-0.0,-0.0,-0.0
218709,-0.0,-0.0,-0.0
218734,-0.0,-0.0,-0.0
218759,-0.0,-0.0,-0.0
218783,-0.0,-0.0,-0.0
218808,-0.0,-0.0,-0.0
218832,-0.0,-0.0,-0.0
218857,-0.0,-0.0,-0.0
218881,-0.0,-0.0,-0.0
218910,-0.0,-0.0,-0.0
218934,-0.0,-0.0,-0.0
218959,-0.0,-0.0,-0.0
218984,-0.0,-0.0,-0.0
219008,-0.0,-0.0,-0.0
219033,-0.0,-0.0,-0.0
219057,-0.0,-0.0,-0.0
219082,-0.0,-0.0,-0.0
219107,-0.0,-0.0,-0.0
219131,-0.0,-0.0,-0.0
219160,-0.0,-0.0,-0.0
219184,-0.0,-0.0,-0.0
219209,-0.0,-0.0,-0.0
219234,-0.0,-0.0,-0.0
219258,-0.0,-0.0,-0.0
219283,-0.0,-0.0,-0.0
219307,-0.0,-0.0,-0.0
219332,-0.0,-0.0,-0.0
219357,-0.0,-0.0,-0.0
219381,-0.0,-0.0,-0.0
219410,-0.0,-0.0,-0.0
219434,-0.0,-0.0,-0.0
219459,-0.0,-0.0,-0.0
219483,-0.0,-0.0,-0.0
219508,-0.0,-0.0,-0.0
219532,-0.0,-0.0,-0.0
219557,-0.0,-0.0,-0.0
219582,-0.0,-0.0,-0.0
219606,-0.0,-0.0,-0.0
219631,-0.0,-0.0,-0.0
219660,-0.0,-0.0,-0.0
219684,-0.0,-0.0,-0.0
219709,-0.0,-0.0,-0.0
219733,-0.0,-0.0,-0.0
219758,-0.0,-0.0,-0.0
219782,-0.0,-0.0,-0.0
219807,-0.0,-0.0,-0.0
219832,-0.0,-0.0,-0.0
219856,-0.0,-0.0,-0.0
219881,-0.0,-0.0,-0.0
219909,-0.0,-0.0,-0.0
219934,-0.0,-0.0,-0.0
219959,-0.0,-0.0,-0.0
219983,-0.0,-0.0,-0.0
220008,-0.0,-0.0,-0.0
220032,-0.0,-0.0,-0.0
220057,-0.0,-0.0,-0.0
220081,-0.0,-0.0,-0.0
220106,-0.0,-0.0,-0.0
220131,-0.0,-0.0,-0.0
220155,-0.0,-0.0,-0.0
220184,-0.0,-0.0,-0.0
220208,-0.0,-0.0,-0.0
220233,-0.0,-0.0,-0.0
220258,-0.0,-0.0,-0.0
220282,-0.0,-0.0,-0.0
220307,-0.0,-0.0,-0.0
220331,-0.0,-0.0,-0.0
220356,-0.0,-0.0,-0.0
220380,-0.0,-0.0,-0.0
220405,-0.0,-0.0,-0.0
220434,-0.0,-0.0,-0.0
220458,-0.0,-0.0,-0.0
220483,-0.0,-0.0,-0.0
220507,-0.0,-0.0,-0.0
220532,-0.0,-0.0,-0.0
220557,-0.0,-0.0,-0.0
220581,-0.0,-0.0,-0.0
220606,-0.0,-0.0,-0.0
220630,-0.0,-0.0,-0.0
220655,-0.0,-0.0,-0.0
220683,-0.0,-0.0,-0.0
220708,-0.0,-0.0,-0.0
220732,-0.0,-0.0,-0.0
220757,-0.0,-0.0,-0.0
220782,-0.0,-0.0,-0.0
220807,-0.0,-0.0,-0.0
220831,-0.0,-0.0,-0.0
220856,-0.0,-0.0,-0.0
220881,-0.0,-0.0,-0.0
220905,-0.0,-0.0,-0.0
220933,-0.0,-0.0,-0.0
220958,-0.0,-0.0,-0.0
220982,-0.0,-0.0,-0.0
221007,-0.0,-0.0,-0.0
221032,-0.0,-0.0,-0.0
221056,-0.0,-0.0,-0.0
221081,-0.0,-0.0,-0.0
221106,-0.0,-0.0,-0.0
221130,-0.0,-0.0,-0.0
221155,-0.0,-0.0,-0.0
221183,-0.0,-0.0,-0.0
221207,-0.0,-0.0,-0.0
221232,-0.0,-0.0,-0.0
221257,-0.0,-0.0,-0.0
221281,-0.0,-0.0,-0.0
221306,-0.0,-0.0,-0.0
221331,-0.0,-0.0,-0.0
221355,-0.0,-0.0,-0.0
221380,-0.0,-0.0,-0.0
221404,-0.0,-0.0,-0.0
221429,-0.0,-0.0,-0.0
221457,-0.0,-0.0,-0.0
221482,-0.0,-0.0,-0.0
221507,-0.0,-0.0,-0.0
221531,-0.0,-0.0,-0.0
221556,-0.0,-0.0,-0.0
221581,-0.0,-0.0,-0.0
221605,-0.0,-0.0,-0.0
221630,-0.0,-0.0,-0.0
221655,-0.0,-0.0,-0.0
221679,-0.0,-0.0,-0.0
221707,-0.0,-0.0,-0.0
221732,-0.0,-0.0,-0.0
221757,-0.0,-0.0,-0.0
221781,-0.0,-0.0,-0.0
221806,-0.0,-0.0,-0.0
221831,-0.0,-0.0,-0.0
221855,-0.0,-0.0,-0.0
221879,-0.0,-0.0,-0.0
221904,-0.0,-0.0,-0.0
221929,-0.0,-0.0,-0.0
221957,-0.0,-0.0,-0.0
221982,-0.0,-0.0,-0.0
222006,-0.0,-0.0,-0.0
222031,-0.0,-0.0,-0.0
222056,-0.0,-0.0,-0.0
222082,-0.0,-0.0,-0.0
222105,-0.0,-0.0,-0.0
222130,-0.0,-0.0,-0.0
222154,-0.0,-0.0,-0.0
222178,-0.0,-0.0,-0.0
222208,-0.0,-0.0,-0.0
222232,-0.0,-0.0,-0.0
222256,-0.0,-0.0,-0.0
222282,-0.0,-0.0,-0.0
222306,-0.0,-0.0,-0.0
222330,-0.0,-0.0,-0.0
222355,-0.0,-0.0,-0.0
222379,-0.0,-0.0,-0.0
222404,-0.0,-0.0,-0.0
222429,-0.0,-0.0,-0.0
222457,-0.0,-0.0,-0.0
222482,-0.0,-0.0,-0.0
222506,-0.0,-0.0,-0.0
222531,-0.0,-0.0,-0.0
222555,-0.0,-0.0,-0.0
222580,-0.0,-0.0,-0.0
222605,-0.0,-0.0,-0.0
222629,-0.0,-0.0,-0.0
222654,-0.0,-0.0,-0.0
222679,-0.0,-0.0,-0.0
222702,-0.0,-0.0,-0.0
222731,-0.0,-0.0,-0.0
222756,-0.0,-0.0,-0.0
222781,-0.0,-0.0,-0.0
222805,-0.0,-0.0,-0.0
222829,-0.0,-0.0,-0.0
222854,-0.0,-0.0,-0.0
222879,-0.0,-0.0,-0.0
222903,-0.0,-0.0,-0.0
222928,-0.0,-0.0,-0.0
222952,-0.0,-0.0,-0.0
222981,-0.0,-0.0,-0.0
223006,-0.0,-0.0,-0.0
223030,-0.0,-0.0,-0.0
223055,-0.0,-0.0,-0.0
223080,-0.0,-0.0,-0.0
223104,-0.0,-0.0,-0.0
223129,-0.0,-0.0,-0.0
223154,-0.0,-0.0,-0.0
223178,-0.0,-0.0,-0.0
223202,-0.0,-0.0,-0.0
223231,-0.0,-0.0,-0.0
223256,-0.0,-0.0,-0.0
223280,-0.0,-0.0,-0.0
223305,-0.0,-0.0,-0.0
223329,-0.0,-0.0,-0.0
223354,-0.0,-0.0,-0.0
223379,-0.0,-0.0,-0.0
223403,-0.0,-0.0,-0.0
223428,-0.0,-0.0,-0.0
223460,-0.0,-0.0,-0.0
223493,-0.0,-0.0,-0.0
223526,-0.0,-0.0,-0.0
223559,-0.0,-0.0,-0.0
223588,-0.0,-0.0,-0.0
223620,-0.0,-0.0,-0.0
223653,-0.0,-0.0,-0.0
223686,-0.0,-0.0,-0.0
223710,-0.0,-0.0,-0.0
223735,-0.0,-0.0,-0.0
223760,-0.0,-0.0,-0.0
223784,-0.0,-0.0,-0.0
223812,-0.0,-0.0,-0.0
223838,-0.0,-0.0,-0.0
223862,-0.0,-0.0,-0.0
223886,-0.0,-0.0,-0.0
223911,-0.0,-0.0,-0.0
223935,-0.0,-0.0,-0.0
223960,-0.0,-0.0,-0.0
223985,-0.0,-0.0,-0.0
224010,-0.0,-0.0,-0.0
224034,-0.0,-0.0,-0.0
224063,-0.0,-0.0,-0.0
224087,-0.0,-0.0,-0.0
224112,-0.0,-0.0,-0.0
224136,-0.0,-0.0,-0.0
224161,-0.0,-0.0,-0.0
224185,-0.0,-0.0,-0.0
224210,-0.0,-0.0,-0.0
224234,-0.0,-0.0,-0.0
224259,-0.0,-0.0,-0.0
224283,-0.0,-0.0,-0.0
224312,-0.0,-0.0,-0.0
224337,-0.0,-0.0,-0.0
224361,-0.0,-0.0,-0.0
224386,-0.0,-0.0,-0.0
224410,-0.0,-0.0,-0.0
224435,-0.0,-0.0,-0.0
224460,-0.0,-0.0,-0.0
224484,-0.0,-0.0,-0.0
224509,-0.0,-0.0,-0.0
224533,-0.0,-0.0,-0.0
224562,-0.0,-0.0,-0.0
224587,-0.0,-0.0,-0.0
224611,-0.0,-0.0,-0.0
224636,-0.0,-0.0,-0.0
224661,-0.0,-0.0,-0.0
224685,-0.0,-0.0,-0.0
224709,-0.0,-0.0,-0.0
224734,-0.0,-0.0,-0.0
224759,-0.0,-0.0,-0.0
224791,-0.0,-0.0,-0.0
224824,-0.0,-0.0,-0.0
224857,-0.0,-0.0,-0.0
224890,-0.0,-0.0,-0.0
224922,-0.0,-0.0,-0.0
224951,-0.0,-0.0,-0.0
224984,-0.0,-0.0,-0.0
225017,-0.0,-0.0,-0.0
225046,-0.0,-0.0,-0.0
225078,-0.0,-0.0,-0.0
225107,-0.0,-0.0,-0.0
225135,-0.0,-0.0,-0.0
225160,-0.0,-0.0,-0.0
225184,-0.0,-0.0,-0.0
225213,-0.0,-0.0,-0.0
225246,-0.0,-0.0,-0.0
225279,-0.0,-0.0,-0.0
225308,-0.0,-0.0,-0.0
225341,-0.0,-0.0,-0.0
225373,-0.0,-0.0,-0.0
225406,-0.0,-0.0,-0.0
225434,-0.0,-0.0,-0.0
225467,-0.0,-0.0,-0.0
225500,-0.0,-0.0,-0.0
225533,-0.0,-0.0,-0.0
225558,-0.0,-0.0,-0.0
225582,-0.0,-0.0,-0.0
225607,-0.0,-0.0,-0.0
225631,-0.0,-0.0,-0.0
225660,-0.0,-0.0,-0.0
225684,-0.0,-0.0,-0.0
225709,-0.0,-0.0,-0.0
225733,-0.0,-0.0,-0.0
225758,-0.0,-0.0,-0.0
225783,-0.0,-0.0,-0.0
225807,-0.0,-0.0,-0.0
225832,-0.0,-0.0,-0.0
225856,-0.0,-0.0,-0.0
225890,-0.0,-0.0,-0.0
225922,-0.0,-0.0,-0.0
225955,-0.0,-0.0,-0.0
225987,-0.0,-0.0,-0.0
226020,-0.0,-0.0,-0.0
226049,-0.0,-0.0,-0.0
226082,-0.0,-0.0,-0.0
226114,-0.0,-0.0,-0.0
226143,-0.0,-0.0,-0.0
226176,-0.0,-0.0,-0.0
226205,-0.0,-0.0,-0.0
226238,-0.0,-0.0,-0.0
226262,-0.0,-0.0,-0.0
226287,-0.0,-0.0,-0.0
226311,-0.0,-0.0,-0.0
226340,-0.0,-0.0,-0.0
226364,-0.0,-0.0,-0.0
226389,-0.0,-0.0,-0.0
226413,-0.0,-0.0,-0.0
226438,-0.0,-0.0,-0.0
226463,-0.0,-0.0,-0.0
226487,-0.0,-0.0,-0.0
226512,-0.0,-0.0,-0.0
226537,-0.0,-0.0,-0.0
226561,-0.0,-0.0,-0.0
226585,-0.0,-0.0,-0.0
226614,-0.0,-0.0,-0.0
226639,-0.0,-0.0,-0.0
226663,-0.0,-0.0,-0.0
226688,-0.0,-0.0,-0.0
226713,-0.0,-0.0,-0.0
226737,-0.0,-0.0,-0.0
226762,-0.0,-0.0,-0.0
226786,-0.0,-0.0,-0.0
226811,-0.0,-0.0,-0.0
226835,-0.0,-0.0,-0.0
226864,-0.0,-0.0,-0.0
226888,-0.0,-0.0,-0.0
226913,-0.0,-0.0,-0.0
226938,-0.0,-0.0,-0.0
226962,-0.0,-0.0,-0.0
226987,-0.0,-0.0,-0.0
227012,-0.0,-0.0,-0.0
227036,-0.0,-0.0,-0.0
227061,-0.0,-0.0,-0.0
227085,-0.0,-0.0,-0.0
227114,-0.0,-0.0,-0.0
227139,-0.0,-0.0,-0.0
227163,-0.0,-0.0,-0.0
227188,-0.0,-0.0,-0.0
227212,-0.0,-0.0,-0.0
227237,-0.0,-0.0,-0.0
227262,-0.0,-0.0,-0.0
227286,-0.0,-0.0,-0.0
227311,-0.0,-0.0,-0.0
227335,-0.0,-0.0,-0.0
227363,-0.0,-0.0,-0.0
227388,-0.0,-0.0,-0.0
227413,-0.0,-0.0,-0.0
227437,-0.0,-0.0,-0.0
227462,-0.0,-0.0,-0.0
227486,-0.0,-0.0,-0.0
227512,-0.0,-0.0,-0.0
227544,-0.0,-0.0,-0.0
227568,-0.0,-0.0,-0.0
227594,-0.0,-0.0,-0.0
227626,-0.0,-0.0,-0.0
227655,-0.0,-0.0,-0.0
227687,-0.0,-0.0,-0.0
227716,-0.0,-0.0,-0.0
227749,-0.0,-0.0,-0.0
227781,-0.0,-0.0,-0.0
227810,-0.0,-0.0,-0.0
227843,-0.0,-0.0,-0.0
227875,-0.0,-0.0,-0.0
227908,-0.0,-0.0,-0.0
227941,-0.0,-0.0,-0.0
227974,-0.0,-0.0,-0.0
228007,-0.0,-0.0,-0.0
228035,-0.0,-0.0,-0.0
228068,-0.0,-0.0,-0.0
228101,-0.0,-0.0,-0.0
228134,-0.0,-0.0,-0.0
228158,-0.0,-0.0,-0.0
228183,-0.0,-0.0,-0.0
228207,-0.0,-0.0,-0.0
228232,-0.0,-0.0,-0.0
228260,-0.0,-0.0,-0.0
228289,-0.0,-0.0,-0.0
228322,-0.0,-0.0,-0.0
228355,-0.0,-0.0,-0.0
228388,-0.0,-0.0,-0.0
228420,-0.0,-0.0,-0.0
228453,-0.0,-0.0,-0.0
228486,-0.0,-0.0,-0.0
228518,-0.0,-0.0,-0.0
228543,-0.0,-0.0,-0.0
228568,-0.0,-0.0,-0.0
228600,-0.0,-0.0,-0.0
228633,-0.0,-0.0,-0.0
228658,-0.0,-0.0,-0.0
228687,-0.0,-0.0,-0.0
228719,-0.0,-0.0,-0.0
228753,-0.0,-0.0,-0.0
228785,-0.0,-0.0,-0.0
228810,-0.0,-0.0,-0.0
228834,-0.0,-0.0,-0.0
228859,-0.0,-0.0,-0.0
228887,-0.0,-0.0,-0.0
228912,-0.0,-0.0,-0.0
228936,-0.0,-0.0,-0.0
228961,-0.0,-0.0,-0.0
228986,-0.0,-0.0,-0.0
229010,-0.0,-0.0,-0.0
229035,-0.0,-0.0,-0.0
229059,-0.0,-0.0,-0.0
229084,-0.0,-0.0,-0.0
229109,-0.0,-0.0,-0.0
229133,-0.0,-0.0,-0.0
229162,-0.0,-0.0,-0.0
229186,-0.0,-0.0,-0.0
229211,-0.0,-0.0,-0.0
229235,-0.0,-0.0,-0.0
229260,-0.0,-0.0,-0.0
229284,-0.0,-0.0,-0.0
229309,-0.0,-0.0,-0.0
229335,-0.0,-0.0,-0.0
229359,-0.0,-0.0,-0.0
229383,-0.0,-0.0,-0.0
229412,-0.0,-0.0,-0.0
229436,-0.0,-0.0,-0.0
229461,-0.0,-0.0,-0.0
229485,-0.0,-0.0,-0.0
229510,-0.0,-0.0,-0.0
229534,-0.0,-0.0,-0.0
229559,-0.0,-0.0,-0.0
229584,-0.0,-0.0,-0.0
229608,-0.0,-0.0,-0.0
229633,-0.0,-0.0,-0.0
229662,-0.0,-0.0,-0.0
229686,-0.0,-0.0,-0.0
229710,-0.0,-0.0,-0.0
229735,-0.0,-0.0,-0.0
229768,-0.0,-0.0,-0.0
229800,-0.0,-0.0,-0.0
229829,-0.0,-0.0,-0.0
229862,-0.0,-0.0,-0.0
229895,-0.0,-0.0,-0.0
229927,-0.0,-0.0,-0.0
229957,-0.0,-0.0,-0.0
229989,-0.0,-0.0,-0.0
230022,-0.0,-0.0,-0.0
230050,-0.0,-0.0,-0.0
230075,-0.0,-0.0,-0.0
230104,-0.0,-0.0,-0.0
230128,-0.0,-0.0,-0.0
230157,-0.0,-0.0,-0.0
230190,-0.0,-0.0,-0.0
230223,-0.0,-0.0,-0.0
230251,-0.0,-0.0,-0.0
230284,-0.0,-0.0,-0.0
230317,-0.0,-0.0,-0.0
230350,-0.0,-0.0,-0.0
230382,-0.0,-0.0,-0.0
230415,-0.0,-0.0,-0.0
230444,-0.0,-0.0,-0.0
230469,-0.0,-0.0,-0.0
230497,-0.0,-0.0,-0.0
230521,-0.0,-0.0,-0.0
230546,-0.0,-0.0,-0.0
230571,-0.0,-0.0,-0.0
230596,-0.0,-0.0,-0.0
230620,-0.0,-0.0,-0.0
230652,-0.0,-0.0,-0.0
230685,-0.0,-0.0,-0.0
230718,-0.0,-0.0,-0.0
230751,-0.0,-0.0,-0.0
230780,-0.0,-0.0,-0.0
230813,-0.0,-0.0,-0.0
230845,-0.0,-0.0,-0.0
230874,-0.0,-0.0,-0.0
230907,-0.0,-0.0,-0.0
230939,-0.0,-0.0,-0.0
230968,-0.0,-0.0,-0.0
231001,-0.0,-0.0,-0.0
231029,-0.0,-0.0,-0.0
231058,-0.0,-0.0,-0.0
231083,-0.0,-0.0,-0.0
231107,-0.0,-0.0,-0.0
231132,-0.0,-0.0,-0.0
231157,-0.0,-0.0,-0.0
231181,-0.0,-0.0,-0.0
231206,-0.0,-0.0,-0.0
231230,-0.0,-0.0,-0.0
231255,-0.0,-0.0,-0.0
231279,-0.0,-0.0,-0.0
231308,-0.0,-0.0,-0.0
231332,-0.0,-0.0,-0.0
231357,-0.0,-0.0,-0.0
231382,-0.0,-0.0,-0.0
231406,-0.0,-0.0,-0.0
231431,-0.0,-0.0,-0.0
231456,-0.0,-0.0,-0.0
231480,-0.0,-0.0,-0.0
231505,-0.0,-0.0,-0.0
231529,-0.0,-0.0,-0.0
231554,-0.0,-0.0,-0.0
231582,-0.0,-0.0,-0.0
231607,-0.0,-0.0,-0.0
231632,-0.0,-0.0,-0.0
231656,-0.0,-0.0,-0.0
231682,-0.0,-0.0,-0.0
231706,-0.0,-0.0,-0.0
231730,-0.0,-0.0,-0.0
231755,-0.0,-0.0,-0.0
231780,-0.0,-0.0,-0.0
231804,-0.0,-0.0,-0.0
231832,-0.0,-0.0,-0.0
231857,-0.0,-0.0,-0.0
231882,-0.0,-0.0,-0.0
231906,-0.0,-0.0,-0.0
231931,-0.0,-0.0,-0.0
231955,-0.0,-0.0,-0.0
231980,-0.0,-0.0,-0.0
232004,-0.0,-0.0,-0.0
232029,-0.0,-0.0,-0.0
232053,-0.0,-0.0,-0.0
232082,-0.0,-0.0,-0.0
232107,-0.0,-0.0,-0.0
232131,-0.0,-0.0,-0.0
232156,-0.0,-0.0,-0.0
232181,-0.0,-0.0,-0.0
232205,-0.0,-0.0,-0.0
232229,-0.0,-0.0,-0.0
232254,-0.0,-0.0,-0.0
232279,-0.0,-0.0,-0.0
232303,-0.0,-0.0,-0.0
232332,-0.0,-0.0,-0.0
232356,-0.0,-0.0,-0.0
232381,-0.0,-0.0,-0.0
232406,-0.0,-0.0,-0.0
232431,-0.0,-0.0,-0.0
232455,-0.0,-0.0,-0.0
232479,-0.0,-0.0,-0.0
232504,-0.0,-0.0,-0.0
232529,-0.0,-0.0,-0.0
232554,-0.0,-0.0,-0.0
232582,-0.0,-0.0,-0.0
232606,-0.0,-0.0,-0.0
232631,-0.0,-0.0,-0.0
232656,-0.0,-0.0,-0.0
232680,-0.0,-0.0,-0.0
232705,-0.0,-0.0,-0.0
232729,-0.0,-0.0,-0.0
232754,-0.0,-0.0,-0.0
232778,-0.0,-0.0,-0.0
232803,-0.0,-0.0,-0.0
232832,-0.0,-0.0,-0.0
232856,-0.0,-0.0,-0.0
232885,-0.0,-0.0,-0.0
232917,-0.0,-0.0,-0.0
232946,-0.0,-0.0,-0.0
232979,-0.0,-0.0,-0.0
233012,-0.0,-0.0,-0.0
233041,-0.0,-0.0,-0.0
233074,-0.0,-0.0,-0.0
233106,-0.0,-0.0,-0.0
233139,-0.0,-0.0,-0.0
233171,-0.0,-0.0,-0.0
233200,-0.0,-0.0,-0.0
233233,-0.0,-0.0,-0.0
233266,-0.0,-0.0,-0.0
233290,-0.0,-0.0,-0.0
233315,-0.0,-0.0,-0.0
233344,-0.0,-0.0,-0.0
233368,-0.0,-0.0,-0.0
233393,-0.0,-0.0,-0.0
233417,-0.0,-0.0,-0.0
233442,-0.0,-0.0,-0.0
233467,-0.0,-0.0,-0.0
233491,-0.0,-0.0,-0.0
233516,-0.0,-0.0,-0.0
233540,-0.0,-0.0,-0.0
233565,-0.0,-0.0,-0.0
233590,-0.0,-0.0,-0.0
233618,-0.0,-0.0,-0.0
233642,-0.0,-0.0,-0.0
233667,-0.0,-0.0,-0.0
233692,-0.0,-0.0,-0.0
233716,-0.0,-0.0,-0.0
233741,-0.0,-0.0,-0.0
233765,-0.0,-0.0,-0.0
233790,-0.0,-0.0,-0.0
233815,-0.0,-0.0,-0.0
233839,-0.0,-0.0,-0.0
233868,-0.0,-0.0,-0.0
233892,-0.0,-0.0,-0.0
233917,-0.0,-0.0,-0.0
233942,-0.0,-0.0,-0.0
233966,-0.0,-0.0,-0.0
233991,-0.0,-0.0,-0.0
234015,-0.0,-0.0,-0.0
234040,-0.0,-0.0,-0.0
234065,-0.0,-0.0,-0.0
234089,-0.0,-0.0,-0.0
234117,-0.0,-0.0,-0.0
234142,-0.0,-0.0,-0.0
234167,-0.0,-0.0,-0.0
234191,-0.0,-0.0,-0.0
234216,-0.0,-0.0,-0.0
234241,-0.0,-0.0,-0.0
234265,-0.0,-0.0,-0.0
234290,-0.0,-0.0,-0.0
234314,-0.0,-0.0,-0.0
234339,-0.0,-0.0,-0.0
234367,-0.0,-0.0,-0.0
234392,-0.0,-0.0,-0.0
234416,-0.0,-0.0,-0.0
234441,-0.0,-0.0,-0.0
234466,-0.0,-0.0,-0.0
234491,-0.0,-0.0,-0.0
234515,-0.0,-0.0,-0.0
234539,-0.0,-0.0,-0.0
234564,-0.0,-0.0,-0.0
234589,-0.0,-0.0,-0.0
234617,-0.0,-0.0,-0.0
234642,-0.0,-0.0,-0.0
234666,-0.0,-0.0,-0.0
234691,-0.0,-0.0,-0.0
234716,-0.0,-0.0,-0.0
234740,-0.0,-0.0,-0.0
234765,-0.0,-0.0,-0.0
234790,-0.0,-0.0,-0.0
234815,-0.0,-0.0,-0.0
234839,-0.0,-0.0,-0.0
234863,-0.0,-0.0,-0.0
234892,-0.0,-0.0,-0.0
234916,-0.0,-0.0,-0.0
234941,-0.0,-0.0,-0.0
234966,-0.0,-0.0,-0.0
234990,-0.0,-0.0,-0.0
235015,-0.0,-0.0,-0.0
235039,-0.0,-0.0,-0.0
235064,-0.0,-0.0,-0.0
235088,-0.0,-0.0,-0.0
235113,-0.0,-0.0,-0.0
235141,-0.0,-0.0,-0.0
235166,-0.0,-0.0,-0.0
235191,-0.0,-0.0,-0.0
235215,-0.0,-0.0,-0.0
235240,-0.0,-0.0,-0.0
235265,-0.0,-0.0,-0.0
235289,-0.0,-0.0,-0.0
235314,-0.0,-0.0,-0.0
235338,-0.0,-0.0,-0.0
235363,-0.0,-0.0,-0.0
235392,-0.0,-0.0,-0.0
235416,-0.0,-0.0,-0.0
235441,-0.0,-0.0,-0.0
235474,-0.0,-0.0,-0.0
235502,-0.0,-0.0,-0.0
235535,-0.0,-0.0,-0.0
235567,-0.0,-0.0,-0.0
235600,-0.0,-0.0,-0.0
235633,-0.0,-0.0,-0.0
235662,-0.0,-0.0,-0.0
235694,-0.0,-0.0,-0.0
235727,-0.0,-0.0,-0.0
235756,-0.0,-0.0,-0.0
235789,-0.0,-0.0,-0.0
235814,-0.0,-0.0,-0.0
235838,-0.0,-0.0,-0.0
235863,-0.0,-0.0,-0.0
235887,-0.0,-0.0,-0.0
235911,-0.0,-0.0,-0.0
235936,-0.0,-0.0,-0.0
235965,-0.0,-0.0,-0.0
235990,-0.0,-0.0,-0.0
236014,-0.0,-0.0,-0.0
236038,-0.0,-0.0,-0.0
236063,-0.0,-0.0,-0.0
236088,-0.0,-0.0,-0.0
236112,-0.0,-0.0,-0.0
236137,-0.0,-0.0,-0.0
236162,-0.0,-0.0,-0.0
236186,-0.0,-0.0,-0.0
236214,-0.0,-0.0,-0.0
236239,-0.0,-0.0,-0.0
236264,-0.0,-0.0,-0.0
236288,-0.0,-0.0,-0.0
236313,-0.0,-0.0,-0.0
236337,-0.0,-0.0,-0.0
236362,-0.0,-0.0,-0.0
236387,-0.0,-0.0,-0.0
236412,-0.0,-0.0,-0.0
236436,-0.0,-0.0,-0.0
236465,-0.0,-0.0,-0.0
236489,-0.0,-0.0,-0.0
236513,-0.0,-0.0,-0.0
236538,-0.0,-0.0,-0.0
236563,-0.0,-0.0,-0.0
236588,-0.0,-0.0,-0.0
236612,-0.0,-0.0,-0.0
236637,-0.0,-0.0,-0.0
236661,-0.0,-0.0,-0.0
236686,-0.0,-0.0,-0.0
236711,-0.0,-0.0,-0.0
236739,-0.0,-0.0,-0.0
236763,-0.0,-0.0,-0.0
236788,-0.0,-0.0,-0.0
236813,-0.0,-0.0,-0.0
236837,-0.0,-0.0,-0.0
236862,-0.0,-0.0,-0.0
236887,-0.0,-0.0,-0.0
236911,-0.0,-0.0,-0.0
236935,-0.0,-0.0,-0.0
236960,-0.0,-0.0,-0.0
236989,-0.0,-0.0,-0.0
237014,-0.0,-0.0,-0.0
237038,-0.0,-0.0,-0.0
237063,-0.0,-0.0,-0.0
237087,-0.0,-0.0,-0.0
237112,-0.0,-0.0,-0.0
237136,-0.0,-0.0,-0.0
237161,-0.0,-0.0,-0.0
237185,-0.0,-0.0,-0.0
237210,-0.0,-0.0,-0.0
237239,-0.0,-0.0,-0.0
237264,-0.0,-0.0,-0.0
237288,-0.0,-0.0,-0.0
237313,-0.0,-0.0,-0.0
237337,-0.0,-0.0,-0.0
237362,-0.0,-0.0,-0.0
237386,-0.0,-0.0,-0.0
237411,-0.0,-0.0,-0.0
237436,-0.0,-0.0,-0.0
237460,-0.0,-0.0,-0.0
237489,-0.0,-0.0,-0.0
237513,-0.0,-0.0,-0.0
237538,-0.0,-0.0,-0.0
237562,-0.0,-0.0,-0.0
237588,-0.0,-0.0,-0.0
237612,-0.0,-0.0,-0.0
237636,-0.0,-0.0,-0.0
237661,-0.0,-0.0,-0.0
237685,-0.0,-0.0,-0.0
237710,-0.0,-0.0,-0.0
237738,-0.0,-0.0,-0.0
237763,-0.0,-0.0,-0.0
237788,-0.0,-0.0,-0.0
237812,-0.0,-0.0,-0.0
237837,-0.0,-0.0,-0.0
237861,-0.0,-0.0,-0.0
237886,-0.0,-0.0,-0.0
237910,-0.0,-0.0,-0.0
237935,-0.0,-0.0,-0.0
237960,-0.0,-0.0,-0.0
237984,-0.0,-0.0,-0.0
238013,-0.0,-0.0,-0.0
238037,-0.0,-0.0,-0.0
238062,-0.0,-0.0,-0.0
238087,-0.0,-0.0,-0.0
238111,-0.0,-0.0,-0.0
238136,-0.0,-0.0,-0.0
238160,-0.0,-0.0,-0.0
238185,-0.0,-0.0,-0.0
238210,-0.0,-0.0,-0.0
238234,-0.0,-0.0,-0.0
238263,-0.0,-0.0,-0.0
238287,-0.0,-0.0,-0.0
238312,-0.0,-0.0,-0.0
238336,-0.0,-0.0,-0.0
238361,-0.0,-0.0,-0.0
238386,-0.0,-0.0,-0.0
238410,-0.0,-0.0,-0.0
238434,-0.0,-0.0,-0.0
238459,-0.0,-0.0,-0.0
238484,-0.0,-0.0,-0.0
238512,-0.0,-0.0,-0.0
238537,-0.0,-0.0,-0.0
238561,-0.0,-0.0,-0.0
238586,-0.0,-0.0,-0.0
238611,-0.0,-0.0,-0.0
238635,-0.0,-0.0,-0.0
238660,-0.0,-0.0,-0.0
238693,-0.0,-0.0,-0.0
238721,-0.0,-0.0,-0.0
238755,-0.0,-0.0,-0.0
238787,-0.0,-0.0,-0.0
238815,-0.0,-0.0,-0.0
238840,-0.0,-0.0,-0.0
238865,-0.0,-0.0,-0.0
238893,-0.0,-0.0,-0.0
238918,-0.0,-0.0,-0.0
238943,-0.0,-0.0,-0.0
238967,-0.0,-0.0,-0.0
238992,-0.0,-0.0,-0.0
239016,-0.0,-0.0,-0.0
239041,-0.0,-0.0,-0.0
239065,-0.0,-0.0,-0.0
239090,-0.0,-0.0,-0.0
239115,-0.0,-0.0,-0.0
239143,-0.0,-0.0,-0.0
239168,-0.0,-0.0,-0.0
239192,-0.0,-0.0,-0.0
239221,-0.0,-0.0,-0.0
239254,-0.0,-0.0,-0.0
239287,-0.0,-0.0,-0.0
239315,-0.0,-0.0,-0.0
239348,-0.0,-0.0,-0.0
239377,-0.0,-0.0,-0.0
239410,-0.0,-0.0,-0.0
239434,-0.0,-0.0,-0.0
239459,-0.0,-0.0,-0.0
239483,-0.0,-0.0,-0.0
239508,-0.0,-0.0,-0.0
239536,-0.0,-0.0,-0.0
239561,-0.0,-0.0,-0.0
239585,-0.0,-0.0,-0.0
239610,-0.0,-0.0,-0.0
239635,-0.0,-0.0,-0.0
239659,-0.0,-0.0,-0.0
239684,-0.0,-0.0,-0.0
239709,-0.0,-0.0,-0.0
239733,-0.0,-0.0,-0.0
239758,-0.0,-0.0,-0.0
239791,-0.0,-0.0,-0.0
239823,-0.0,-0.0,-0.0
239852,-0.0,-0.0,-0.0
239876,-0.0,-0.0,-0.0
239905,-0.0,-0.0,-0.0
239930,-0.0,-0.0,-0.0
239954,-0.0,-0.0,-0.0
239979,-0.0,-0.0,-0.0
240003,-0.0,-0.0,-0.0
240028,-0.0,-0.0,-0.0
240052,-0.0,-0.0,-0.0
240077,-0.0,-0.0,-0.0
240102,-0.0,-0.0,-0.0
240126,-0.0,-0.0,-0.0
240155,-0.0,-0.0,-0.0
240179,-0.0,-0.0,-0.0
240204,-0.0,-0.0,-0.0
240229,-0.0,-0.0,-0.0
240253,-0.0,-0.0,-0.0
240278,-0.0,-0.0,-0.0
240303,-0.0,-0.0,-0.0
240327,-0.0,-0.0,-0.0
240351,-0.0,-0.0,-0.0
240376,-0.0,-0.0,-0.0
240400,-0.0,-0.0,-0.0
240429,-0.0,-0.0,-0.0
240454,-0.0,-0.0,-0.0
240479,-0.0,-0.0,-0.0
240503,-0.0,-0.0,-0.0
240528,-0.0,-0.0,-0.0
240552,-0.0,-0.0,-0.0
240577,-0.0,-0.0,-0.0
240601,-0.0,-0.0,-0.0
240626,-0.0,-0.0,-0.0
240650,-0.0,-0.0,-0.0
240680,-0.0,-0.0,-0.0
240704,-0.0,-0.0,-0.0
240729,-0.0,-0.0,-0.0
240753,-0.0,-0.0,-0.0
240777,-0.0,-0.0,-0.0
240802,-0.0,-0.0,-0.0
240827,-0.0,-0.0,-0.0
240851,-0.0,-0.0,-0.0
240876,-0.0,-0.0,-0.0
240900,-0.0,-0.0,-0.0
240929,-0.0,-0.0,-0.0
240954,-0.0,-0.0,-0.0
240978,-0.0,-0.0,-0.0
241003,-0.0,-0.0,-0.0
241027,-0.0,-0.0,-0.0
241052,-0.0,-0.0,-0.0
241076,-0.0,-0.0,-0.0
241101,-0.0,-0.0,-0.0
241126,-0.0,-0.0,-0.0
241150,-0.0,-0.0,-0.0
241179,-0.0,-0.0,-0.0
241203,-0.0,-0.0,-0.0
241228,-0.0,-0.0,-0.0
241252,-0.0,-0.0,-0.0
241277,-0.0,-0.0,-0.0
241302,-0.0,-0.0,-0.0
241326,-0.0,-0.0,-0.0
241351,-0.0,-0.0,-0.0
241375,-0.0,-0.0,-0.0
241400,-0.0,-0.0,-0.0
241425,-0.0,-0.0,-0.0
241453,-0.0,-0.0,-0.0
241478,-0.0,-0.0,-0.0
241503,-0.0,-0.0,-0.0
241527,-0.0,-0.0,-0.0
241551,-0.0,-0.0,-0.0
241576,-0.0,-0.0,-0.0
241601,-0.0,-0.0,-0.0
241625,-0.0,-0.0,-0.0
241650,-0.0,-0.0,-0.0
241675,-0.0,-0.0,-0.0
241703,-0.0,-0.0,-0.0
241727,-0.0,-0.0,-0.0
241757,-0.0,-0.0,-0.0
241789,-0.0,-0.0,-0.0
241822,-0.0,-0.0,-0.0
241850,-0.0,-0.0,-0.0
241883,-0.0,-0.0,-0.0
241908,-0.0,-0.0,-0.0
241932,-0.0,-0.0,-0.0
241957,-0.0,-0.0,-0.0
241982,-0.0,-0.0,-0.0
242006,-0.0,-0.0,-0.0
242031,-0.0,-0.0,-0.0
242056,-0.0,-0.0,-0.0
242088,-0.0,-0.0,-0.0
242121,-0.0,-0.0,-0.0
242150,-0.0,-0.0,-0.0
242174,-0.0,-0.0,-0.0
242203,-0.0,-0.0,-0.0
242227,-0.0,-0.0,-0.0
242252,-0.0,-0.0,-0.0
242277,-0.0,-0.0,-0.0
242301,-0.0,-0.0,-0.0
242326,-0.0,-0.0,-0.0
242350,-0.0,-0.0,-0.0
242375,-0.0,-0.0,-0.0
242399,-0.0,-0.0,-0.0
242424,-0.0,-0.0,-0.0
242453,-0.0,-0.0,-0.0
242477,-0.0,-0.0,-0.0
242501,-0.0,-0.0,-0.0
242526,-0.0,-0.0,-0.0
242551,-0.0,-0.0,-0.0
242576,-0.0,-0.0,-0.0
242600,-0.0,-0.0,-0.0
242625,-0.0,-0.0,-0.0
242649,-0.0,-0.0,-0.0
242674,-0.0,-0.0,-0.0
242698,-0.0,-0.0,-0.0
242727,-0.0,-0.0,-0.0
242751,-0.0,-0.0,-0.0
242776,-0.0,-0.0,-0.0
242801,-0.0,-0.0,-0.0
242833,-0.0,-0.0,-0.0
242862,-0.0,-0.0,-0.0
242895,-0.0,-0.0,-0.0
242924,-0.0,-0.0,-0.0
242957,-0.0,-0.0,-0.0
242989,-0.0,-0.0,-0.0
243018,-0.0,-0.0,-0.0
243043,-0.0,-0.0,-0.0
243067,-0.0,-0.0,-0.0
243096,-0.0,-0.0,-0.0
243120,-0.0,-0.0,-0.0
243145,-0.0,-0.0,-0.0
243170,-0.0,-0.0,-0.0
243194,-0.0,-0.0,-0.0
243219,-0.0,-0.0,-0.0
243243,-0.0,-0.0,-0.0
243267,-0.0,-0.0,-0.0
243292,-0.0,-0.0,-0.0
243317,-0.0,-0.0,-0.0
243345,-0.0,-0.0,-0.0
243370,-0.0,-0.0,-0.0
243394,-0.0,-0.0,-0.0
243419,-0.0,-0.0,-0.0
243444,-0.0,-0.0,-0.0
243468,-0.0,-0.0,-0.0
243493,-0.0,-0.0,-0.0
243517,-0.0,-0.0,-0.0
243542,-0.0,-0.0,-0.0
243566,-0.0,-0.0,-0.0
243595,-0.0,-0.0,-0.0
243620,-0.0,-0.0,-0.0
243645,-0.0,-0.0,-0.0
243669,-0.0,-0.0,-0.0
243694,-0.0,-0.0,-0.0
243718,-0.0,-0.0,-0.0
243743,-0.0,-0.0,-0.0
243767,-0.0,-0.0,-0.0
243792,-0.0,-0.0,-0.0
243816,-0.0,-0.0,-0.0
243841,-0.0,-0.0,-0.0
243870,-0.0,-0.0,-0.0
243894,-0.0,-0.0,-0.0
243919,-0.0,-0.0,-0.0
243943,-0.0,-0.0,-0.0
243968,-0.0,-0.0,-0.0
243993,-0.0,-0.0,-0.0
244017,-0.0,-0.0,-0.0
244042,-0.0,-0.0,-0.0
244066,-0.0,-0.0,-0.0
244091,-0.0,-0.0,-0.0
244120,-0.0,-0.0,-0.0
244144,-0.0,-0.0,-0.0
244169,-0.0,-0.0,-0.0
244194,-0.0,-0.0,-0.0
244218,-0.0,-0.0,-0.0
244243,-0.0,-0.0,-0.0
244267,-0.0,-0.0,-0.0
244291,-0.0,-0.0,-0.0
244316,-0.0,-0.0,-0.0
244341,-0.0,-0.0,-0.0
244369,-0.0,-0.0,-0.0
244394,-0.0,-0.0,-0.0
244418,-0.0,-0.0,-0.0
244443,-0.0,-0.0,-0.0
244472,-0.0,-0.0,-0.0
244505,-0.0,-0.0,-0.0
244538,-0.0,-0.0,-0.0
244570,-0.0,-0.0,-0.0
244603,-0.0,-0.0,-0.0
244636,-0.0,-0.0,-0.0
244669,-0.0,-0.0,-0.0
244693,-0.0,-0.0,-0.0
244717,-0.0,-0.0,-0.0
244742,-0.0,-0.0,-0.0
244766,-0.0,-0.0,-0.0
244792,-0.0,-0.0,-0.0
244816,-0.0,-0.0,-0.0
244841,-0.0,-0.0,-0.0
244869,-0.0,-0.0,-0.0
244894,-0.0,-0.0,-0.0
244918,-0.0,-0.0,-0.0
244943,-0.0,-0.0,-0.0
244967,-0.0,-0.0,-0.0
244992,-0.0,-0.0,-0.0
245025,-0.0,-0.0,-0.0
245057,-0.0,-0.0,-0.0
245090,-0.0,-0.0,-0.0
245123,-0.0,-0.0,-0.0
245152,-0.0,-0.0,-0.0
245184,-0.0,-0.0,-0.0
245217,-0.0,-0.0,-0.0
245246,-0.0,-0.0,-0.0
245279,-0.0,-0.0,-0.0
245308,-0.0,-0.0,-0.0
245341,-0.0,-0.0,-0.0
245365,-0.0,-0.0,-0.0
245389,-0.0,-0.0,-0.0
245414,-0.0,-0.0,-0.0
245442,-0.0,-0.0,-0.0
245467,-0.0,-0.0,-0.0
245492,-0.0,-0.0,-0.0
245516,-0.0,-0.0,-0.0
245541,-0.0,-0.0,-0.0
245565,-0.0,-0.0,-0.0
245590,-0.0,-0.0,-0.0
245614,-0.0,-0.0,-0.0
245639,-0.0,-0.0,-0.0
245664,-0.0,-0.0,-0.0
245688,-0.0,-0.0,-0.0
245717,-0.0,-0.0,-0.0
245741,-0.0,-0.0,-0.0
245766,-0.0,-0.0,-0.0
245791,-0.0,-0.0,-0.0
245815,-0.0,-0.0,-0.0
245840,-0.0,-0.0,-0.0
245864,-0.0,-0.0,-0.0
245889,-0.0,-0.0,-0.0
245914,-0.0,-0.0,-0.0
245938,-0.0,-0.0,-0.0
245967,-0.0,-0.0,-0.0
245991,-0.0,-0.0,-0.0
246016,-0.0,-0.0,-0.0
246040,-0.0,-0.0,-0.0
246065,-0.0,-0.0,-0.0
246090,-0.0,-0.0,-0.0
246114,-0.0,-0.0,-0.0
246139,-0.0,-0.0,-0.0
246164,-0.0,-0.0,-0.0
246188,-0.0,-0.0,-0.0
246216,-0.0,-0.0,-0.0
246241,-0.0,-0.0,-0.0
246266,-0.0,-0.0,-0.0
246291,-0.0,-0.0,-0.0
246315,-0.0,-0.0,-0.0
246340,-0.0,-0.0,-0.0
246364,-0.0,-0.0,-0.0
246389,-0.0,-0.0,-0.0
246414,-0.0,-0.0,-0.0
246438,-0.0,-0.0,-0.0
246467,-0.0,-0.0,-0.0
246491,-0.0,-0.0,-0.0
246516,-0.0,-0.0,-0.0
246540,-0.0,-0.0,-0.0
246565,-0.0,-0.0,-0.0
246590,-0.0,-0.0,-0.0
246614,-0.0,-0.0,-0.0
246638,-0.0,-0.0,-0.0
246664,-0.0,-0.0,-0.0
246688,-0.0,-0.0,-0.0
246716,-0.0,-0.0,-0.0
246741,-0.0,-0.0,-0.0
246765,-0.0,-0.0,-0.0
246790,-0.0,-0.0,-0.0
246815,-0.0,-0.0,-0.0
246839,-0.0,-0.0,-0.0
246864,-0.0,-0.0,-0.0
246889,-0.0,-0.0,-0.0
246914,-0.0,-0.0,-0.0
246938,-0.0,-0.0,-0.0
246962,-0.0,-0.0,-0.0
246991,-0.0,-0.0,-0.0
247015,-0.0,-0.0,-0.0
247040,-0.0,-0.0,-0.0
247065,-0.0,-0.0,-0.0
247089,-0.0,-0.0,-0.0
247114,-0.0,-0.0,-0.0
247138,-0.0,-0.0,-0.0
247163,-0.0,-0.0,-0.0
247187,-0.0,-0.0,-0.0
247212,-0.0,-0.0,-0.0
247241,-0.0,-0.0,-0.0
247265,-0.0,-0.0,-0.0
247290,-0.0,-0.0,-0.0
247314,-0.0,-0.0,-0.0
247339,-0.0,-0.0,-0.0
247363,-0.0,-0.0,-0.0
247388,-0.0,-0.0,-0.0
247413,-0.0,-0.0,-0.0
247437,-0.0,-0.0,-0.0
247462,-0.0,-0.0,-0.0
247491,-0.0,-0.0,-0.0
247515,-0.0,-0.0,-0.0
247540,-0.0,-0.0,-0.0
247564,-0.0,-0.0,-0.0
247589,-0.0,-0.0,-0.0
247614,-0.0,-0.0,-0.0
247638,-0.0,-0.0,-0.0
247662,-0.0,-0.0,-0.0
247687,-0.0,-0.0,-0.0
247712,-0.0,-0.0,-0.0
247740,-0.0,-0.0,-0.0
247765,-0.0,-0.0,-0.0
247790,-0.0,-0.0,-0.0
247814,-0.0,-0.0,-0.0
247838,-0.0,-0.0,-0.0
247863,-0.0,-0.0,-0.0
247888,-0.0,-0.0,-0.0
247912,-0.0,-0.0,-0.0
247937,-0.0,-0.0,-0.0
247962,-0.0,-0.0,-0.0
247990,-0.0,-0.0,-0.0
248014,-0.0,-0.0,-0.0
248039,-0.0,-0.0,-0.0
248064,-0.0,-0.0,-0.0
248089,-0.0,-0.0,-0.0
248113,-0.0,-0.0,-0.0
248137,-0.0,-0.0,-0.0
248162,-0.0,-0.0,-0.0
248187,-0.0,-0.0,-0.0
248211,-0.0,-0.0,-0.0
248236,-0.0,-0.0,-0.0
248264,-0.0,-0.0,-0.0
248289,-0.0,-0.0,-0.0
248314,-0.0,-0.0,-0.0
248338,-0.0,-0.0,-0.0
248364,-0.0,-0.0,-0.0
248388,-0.0,-0.0,-0.0
248412,-0.0,-0.0,-0.0
248437,-0.0,-0.0,-0.0
248461,-0.0,-0.0,-0.0
248486,-0.0,-0.0,-0.0
248514,-0.0,-0.0,-0.0
248539,-0.0,-0.0,-0.0
248564,-0.0,-0.0,-0.0
248588,-0.0,-0.0,-0.0
248613,-0.0,-0.0,-0.0
248637,-0.0,-0.0,-0.0
248662,-0.0,-0.0,-0.0
248687,-0.0,-0.0,-0.0
248711,-0.0,-0.0,-0.0
248736,-0.0,-0.0,-0.0
248764,-0.0,-0.0,-0.0
248789,-0.0,-0.0,-0.0
248813,-0.0,-0.0,-0.0
248842,-0.0,-0.0,-0.0
248875,-0.0,-0.0,-0.0
248907,-0.0,-0.0,-0.0
248936,-0.0,-0.0,-0.0
248969,-0.0,-0.0,-0.0
248993,-0.0,-0.0,-0.0
249018,-0.0,-0.0,-0.0
249043,-0.0,-0.0,-0.0
249067,-0.0,-0.0,-0.0
249092,-0.0,-0.0,-0.0
249116,-0.0,-0.0,-0.0
249145,-0.0,-0.0,-0.0
249169,-0.0,-0.0,-0.0
249194,-0.0,-0.0,-0.0
249219,-0.0,-0.0,-0.0
249243,-0.0,-0.0,-0.0
249268,-0.0,-0.0,-0.0
249293,-0.0,-0.0,-0.0
249317,-0.0,-0.0,-0.0
249342,-0.0,-0.0,-0.0
249366,-0.0,-0.0,-0.0
249395,-0.0,-0.0,-0.0
249420,-0.0,-0.0,-0.0
249444,-0.0,-0.0,-0.0
249469,-0.0,-0.0,-0.0
249493,-0.0,-0.0,-0.0
249518,-0.0,-0.0,-0.0
249543,-0.0,-0.0,-0.0
249567,-0.0,-0.0,-0.0
249592,-0.0,-0.0,-0.0
249616,-0.0,-0.0,-0.0
249645,-0.0,-0.0,-0.0
249669,-0.0,-0.0,-0.0
249694,-0.0,-0.0,-0.0
249718,-0.0,-0.0,-0.0
249743,-0.0,-0.0,-0.0
249767,-0.0,-0.0,-0.0
249792,-0.0,-0.0,-0.0
249817,-0.0,-0.0,-0.0
249841,-0.0,-0.0,-0.0
249866,-0.0,-0.0,-0.0
249891,-0.0,-0.0,-0.0
249919,-0.0,-0.0,-0.0
249944,-0.0,-0.0,-0.0
249968,-0.0,-0.0,-0.0
249993,-0.0,-0.0,-0.0
250017,-0.0,-0.0,-0.0
250042,-0.0,-0.0,-0.0
250067,-0.0,-0.0,-0.0
250091,-0.0,-0.0,-0.0
250116,-0.0,-0.0,-0.0
250140,-0.0,-0.0,-0.0
250169,-0.0,-0.0,-0.0
250194,-0.0,-0.0,-0.0
250218,-0.0,-0.0,-0.0
250243,-0.0,-0.0,-0.0
250267,-0.0,-0.0,-0.0
250292,-0.0,-0.0,-0.0
250316,-0.0,-0.0,-0.0
250341,-0.0,-0.0,-0.0
250366,-0.0,-0.0,-0.0
250390,-0.0,-0.0,-0.0
250419,-0.0,-0.0,-0.0
250443,-0.0,-0.0,-0.0
250468,-0.0,-0.0,-0.0
250493,-0.0,-0.0,-0.0
250517,-0.0,-0.0,-0.0
250542,-0.0,-0.0,-0.0
250566,-0.0,-0.0,-0.0
250591,-0.0,-0.0,-0.0
250615,-0.0,-0.0,-0.0
250640,-0.0,-0.0,-0.0
250669,-0.0,-0.0,-0.0
250693,-0.0,-0.0,-0.0
250718,-0.0,-0.0,-0.0
250742,-0.0,-0.0,-0.0
250767,-0.0,-0.0,-0.0
250792,-0.0,-0.0,-0.0
250816,-0.0,-0.0,-0.0
250841,-0.0,-0.0,-0.0
250865,-0.0,-0.0,-0.0
250890,-0.0,-0.0,-0.0
250918,-0.0,-0.0,-0.0
250943,-0.0,-0.0,-0.0
250967,-0.0,-0.0,-0.0
250993,-0.0,-0.0,-0.0
251017,-0.0,-0.0,-0.0
251042,-0.0,-0.0,-0.0
251066,-0.0,-0.0,-0.0
251090,-0.0,-0.0,-0.0
251115,-0.0,-0.0,-0.0
251140,-0.0,-0.0,-0.0
251164,-0.0,-0.0,-0.0
251193,-0.0,-0.0,-0.0
251218,-0.0,-0.0,-0.0
251242,-0.0,-0.0,-0.0
251266,-0.0,-0.0,-0.0
251291,-0.0,-0.0,-0.0
251316,-0.0,-0.0,-0.0
251341,-0.0,-0.0,-0.0
251365,-0.0,-0.0,-0.0
251390,-0.0,-0.0,-0.0
251414,-0.0,-0.0,-0.0
251443,-0.0,-0.0,-0.0
251467,-0.0,-0.0,-0.0
251495,-0.0,-0.0,-0.0
251516,-0.0,-0.0,-0.0
251542,-0.0,-0.0,-0.0
251566,-0.0,-0.0,-0.0
251590,-0.0,-0.0,-0.0
251615,-0.0,-0.0,-0.0
251640,-0.0,-0.0,-0.0
251664,-0.0,-0.0,-0.0
251693,-0.0,-0.0,-0.0
251717,-0.0,-0.0,-0.0
251742,-0.0,-0.0,-0.0
251766,-0.0,-0.0,-0.0
251791,-0.0,-0.0,-0.0
251815,-0.0,-0.0,-0.0
251840,-0.0,-0.0,-0.0
251865,-0.0,-0.0,-0.0
251890,-0.0,-0.0,-0.0
251914,-0.0,-0.0,-0.0
251942,-0.0,-0.0,-0.0
251967,-0.0,-0.0,-0.0
251992,-0.0,-0.0,-0.0
252016,-0.0,-0.0,-0.0
252041,-0.0,-0.0,-0.0
252066,-0.0,-0.0,-0.0
252090,-0.0,-0.0,-0.0
252115,-0.0,-0.0,-0.0
252139,-0.0,-0.0,-0.0
252164,-0.0,-0.0,-0.0
252193,-0.0,-0.0,-0.0
252217,-0.0,-0.0,-0.0
252242,-0.0,-0.0,-0.0
252266,-0.0,-0.0,-0.0
252290,-0.0,-0.0,-0.0
252316,-0.0,-0.0,-0.0
252340,-0.0,-0.0,-0.0
252364,-0.0,-0.0,-0.0
252389,-0.0,-0.0,-0.0
252414,-0.0,-0.0,-0.0
252438,-0.0,-0.0,-0.0
252467,-0.0,-0.0,-0.0
252491,-0.0,-0.0,-0.0
252516,-0.0,-0.0,-0.0
252541,-0.0,-0.0,-0.0
252565,-0.0,-0.0,-0.0
252590,-0.0,-0.0,-0.0
252614,-0.0,-0.0,-0.0
252639,-0.0,-0.0,-0.0
252664,-0.0,-0.0,-0.0
252688,-0.0,-0.0,-0.0
252716,-0.0,-0.0,-0.0
252741,-0.0,-0.0,-0.0
252766,-0.0,-0.0,-0.0
252791,-0.0,-0.0,-0.0
252815,-0.0,-0.0,-0.0
252840,-0.0,-0.0,-0.0
252864,-0.0,-0.0,-0.0
252889,-0.0,-0.0,-0.0
252914,-0.0,-0.0,-0.0
252938,-0.0,-0.0,-0.0
252966,-0.0,-0.0,-0.0
252991,-0.0,-0.0,-0.0
253016,-0.0,-0.0,-0.0
253041,-0.0,-0.0,-0.0
253065,-0.0,-0.0,-0.0
253090,-0.0,-0.0,-0.0
253114,-0.0,-0.0,-0.0
253139,-0.0,-0.0,-0.0
253164,-0.0,-0.0,-0.0
253188,-0.0,-0.0,-0.0
253216,-0.0,-0.0,-0.0
253241,-0.0,-0.0,-0.0
253265,-0.0,-0.0,-0.0
253290,-0.0,-0.0,-0.0
253315,-0.0,-0.0,-0.0
253339,-0.0,-0.0,-0.0
253364,-0.0,-0.0,-0.0
253389,-0.0,-0.0,-0.0
253413,-0.0,-0.0,-0.0
253438,-0.0,-0.0,-0.0
253466,-0.0,-0.0,-0.0
253491,-0.0,-0.0,-0.0
253515,-0.0,-0.0,-0.0
253541,-0.0,-0.0,-0.0
253565,-0.0,-0.0,-0.0
253589,-0.0,-0.0,-0.0
253614,-0.0,-0.0,-0.0
253639,-0.0,-0.0,-0.0
253663,-0.0,-0.0,-0.0
253688,-0.0,-0.0,-0.0
253712,-0.0,-0.0,-0.0
253741,-0.0,-0.0,-0.0
253765,-0.0,-0.0,-0.0
253790,-0.0,-0.0,-0.0
253814,-0.0,-0.0,-0.0
253839,-0.0,-0.0,-0.0
253864,-0.0,-0.0,-0.0
253888,-0.0,-0.0,-0.0
253912,-0.0,-0.0,-0.0
253937,-0.0,-0.0,-0.0
253962,-0.0,-0.0,-0.0
253991,-0.0,-0.0,-0.0
254015,-0.0,-0.0,-0.0
254039,-0.0,-0.0,-0.0
254064,-0.0,-0.0,-0.0
254089,-0.0,-0.0,-0.0
254114,-0.0,-0.0,-0.0
254138,-0.0,-0.0,-0.0
254163,-0.0,-0.0,-0.0
254187,-0.0,-0.0,-0.0
254212,-0.0,-0.0,-0.0
254240,-0.0,-0.0,-0.0
254266,-0.0,-0.0,-0.0
254290,-0.0,-0.0,-0.0
254314,-0.0,-0.0,-0.0
254339,-0.0,-0.0,-0.0
254363,-0.0,-0.0,-0.0
254388,-0.0,-0.0,-0.0
254413,-0.0,-0.0,-0.0
254437,-0.0,-0.0,-0.0
254462,-0.0,-0.0,-0.0
254490,-0.0,-0.0,-0.0
254515,-0.0,-0.0,-0.0
254539,-0.0,-0.0,-0.0
254564,-0.0,-0.0,-0.0
254588,-0.0,-0.0,-0.0
254613,-0.0,-0.0,-0.0
254646,-0.0,-0.0,-0.0
254678,-0.0,-0.0,-0.0
254707,-0.0,-0.0,-0.0
254740,-0.0,-0.0,-0.0
254765,-0.0,-0.0,-0.0
254789,-0.0,-0.0,-0.0
254818,-0.0,-0.0,-0.0
254842,-0.0,-0.0,-0.0
254867,-0.0,-0.0,-0.0
254892,-0.0,-0.0,-0.0
254916,-0.0,-0.0,-0.0
254941,-0.0,-0.0,-0.0
254965,-0.0,-0.0,-0.0
254990,-0.0,-0.0,-0.0
255014,-0.0,-0.0,-0.0
255039,-0.0,-0.0,-0.0
255067,-0.0,-0.0,-0.0
255096,-0.0,-0.0,-0.0
255129,-0.0,-0.0,-0.0
255162,-0.0,-0.0,-0.0
255195,-0.0,-0.0,-0.0
255219,-0.0,-0.0,-0.0
255244,-0.0,-0.0,-0.0
255272,-0.0,-0.0,-0.0
255305,-0.0,-0.0,-0.0
255338,-0.0,-0.0,-0.0
255366,-0.0,-0.0,-0.0
255391,-0.0,-0.0,-0.0
255416,-0.0,-0.0,-0.0
255444,-0.0,-0.0,-0.0
255469,-0.0,-0.0,-0.0
255493,-0.0,-0.0,-0.0
255518,-0.0,-0.0,-0.0
255543,-0.0,-0.0,-0.0
255567,-0.0,-0.0,-0.0
255592,-0.0,-0.0,-0.0
255616,-0.0,-0.0,-0.0
255641,-0.0,-0.0,-0.0
255665,-0.0,-0.0,-0.0
255694,-0.0,-0.0,-0.0
255719,-0.0,-0.0,-0.0
255743,-0.0,-0.0,-0.0
255772,-0.0,-0.0,-0.0
255805,-0.0,-0.0,-0.0
255838,-0.0,-0.0,-0.0
255862,-0.0,-0.0,-0.0
255887,-0.0,-0.0,-0.0
255912,-0.0,-0.0,-0.0
255936,-0.0,-0.0,-0.0
255960,-0.0,-0.0,-0.0
255985,-0.0,-0.0,-0.0
256010,-0.0,-0.0,-0.0
256034,-0.0,-0.0,-0.0
256059,-0.0,-0.0,-0.0
256087,-0.0,-0.0,-0.0
256112,-0.0,-0.0,-0.0
256136,-0.0,-0.0,-0.0
256161,-0.0,-0.0,-0.0
256186,-0.0,-0.0,-0.0
256210,-0.0,-0.0,-0.0
256235,-0.0,-0.0,-0.0
256259,-0.0,-0.0,-0.0
256284,-0.0,-0.0,-0.0
256309,-0.0,-0.0,-0.0
256337,-0.0,-0.0,-0.0
256362,-0.0,-0.0,-0.0
256387,-0.0,-0.0,-0.0
256411,-0.0,-0.0,-0.0
256436,-0.0,-0.0,-0.0
256460,-0.0,-0.0,-0.0
256485,-0.0,-0.0,-0.0
256510,-0.0,-0.0,-0.0
256534,-0.0,-0.0,-0.0
256559,-0.0,-0.0,-0.0
256587,-0.0,-0.0,-0.0
256612,-0.0,-0.0,-0.0
256636,-0.0,-0.0,-0.0
256661,-0.0,-0.0,-0.0
256685,-0.0,-0.0,-0.0
256718,-0.0,-0.0,-0.0
256747,-0.0,-0.0,-0.0
256779,-0.0,-0.0,-0.0
256804,-0.0,-0.0,-0.0
256829,-0.0,-0.0,-0.0
256854,-0.0,-0.0,-0.0
256878,-0.0,-0.0,-0.0
256903,-0.0,-0.0,-0.0
256927,-0.0,-0.0,-0.0
256952,-0.0,-0.0,-0.0
256980,-0.0,-0.0,-0.0
257005,-0.0,-0.0,-0.0
257030,-0.0,-0.0,-0.0
257054,-0.0,-0.0,-0.0
257078,-0.0,-0.0,-0.0
257112,-0.0,-0.0,-0.0
257140,-0.0,-0.0,-0.0
257173,-0.0,-0.0,-0.0
257197,-0.0,-0.0,-0.0
257222,-0.0,-0.0,-0.0
257247,-0.0,-0.0,-0.0
257271,-0.0,-0.0,-0.0
257296,-0.0,-0.0,-0.0
257320,-0.0,-0.0,-0.0
257349,-0.0,-0.0,-0.0
257373,-0.0,-0.0,-0.0
257398,-0.0,-0.0,-0.0
257423,-0.0,-0.0,-0.0
257447,-0.0,-0.0,-0.0
257472,-0.0,-0.0,-0.0
257497,-0.0,-0.0,-0.0
257521,-0.0,-0.0,-0.0
257546,-0.0,-0.0,-0.0
257570,-0.0,-0.0,-0.0
257595,-0.0,-0.0,-0.0
257623,-0.0,-0.0,-0.0
257648,-0.0,-0.0,-0.0
257672,-0.0,-0.0,-0.0
257697,-0.0,-0.0,-0.0
257722,-0.0,-0.0,-0.0
257747,-0.0,-0.0,-0.0
257771,-0.0,-0.0,-0.0
257796,-0.0,-0.0,-0.0
257820,-0.0,-0.0,-0.0
257845,-0.0,-0.0,-0.0
257873,-0.0,-0.0,-0.0
257898,-0.0,-0.0,-0.0
257923,-0.0,-0.0,-0.0
257947,-0.0,-0.0,-0.0
257972,-0.0,-0.0,-0.0
257996,-0.0,-0.0,-0.0
258020,-0.0,-0.0,-0.0
258045,-0.0,-0.0,-0.0
258070,-0.0,-0.0,-0.0
258095,-0.0,-0.0,-0.0
258123,-0.0,-0.0,-0.0
258148,-0.0,-0.0,-0.0
258173,-0.0,-0.0,-0.0
258197,-0.0,-0.0,-0.0
258222,-0.0,-0.0,-0.0
258247,-0.0,-0.0,-0.0
258271,-0.0,-0.0,-0.0
258296,-0.0,-0.0,-0.0
258320,-0.0,-0.0,-0.0
258345,-0.0,-0.0,-0.0
258373,-0.0,-0.0,-0.0
258397,-0.0,-0.0,-0.0
258422,-0.0,-0.0,-0.0
258447,-0.0,-0.0,-0.0
258475,-0.0,-0.0,-0.0
258508,-0.0,-0.0,-0.0
258541,-0.0,-0.0,-0.0
258570,-0.0,-0.0,-0.0
258602,-0.0,-0.0,-0.0
258635,-0.0,-0.0,-0.0
258664,-0.0,-0.0,-0.0
258697,-0.0,-0.0,-0.0
258725,-0.0,-0.0,-0.0
258754,-0.0,-0.0,-0.0
258778,-0.0,-0.0,-0.0
258803,-0.0,-0.0,-0.0
258828,-0.0,-0.0,-0.0
258852,-0.0,-0.0,-0.0
258876,-0.0,-0.0,-0.0
258901,-0.0,-0.0,-0.0
258926,-0.0,-0.0,-0.0
258950,-0.0,-0.0,-0.0
258975,-0.0,-0.0,-0.0
259003,-0.0,-0.0,-0.0
259028,-0.0,-0.0,-0.0
259053,-0.0,-0.0,-0.0
259077,-0.0,-0.0,-0.0
259102,-0.0,-0.0,-0.0
259127,-0.0,-0.0,-0.0
259151,-0.0,-0.0,-0.0
259176,-0.0,-0.0,-0.0
259200,-0.0,-0.0,-0.0
259225,-0.0,-0.0,-0.0
259249,-0.0,-0.0,-0.0
259278,-0.0,-0.0,-0.0
259302,-0.0,-0.0,-0.0
259327,-0.0,-0.0,-0.0
259352,-0.0,-0.0,-0.0
259376,-0.0,-0.0,-0.0
259401,-0.0,-0.0,-0.0
259425,-0.0,-0.0,-0.0
259450,-0.0,-0.0,-0.0
259475,-0.0,-0.0,-0.0
259499,-0.0,-0.0,-0.0
259528,-0.0,-0.0,-0.0
259552,-0.0,-0.0,-0.0
259577,-0.0,-0.0,-0.0
259602,-0.0,-0.0,-0.0
259626,-0.0,-0.0,-0.0
259651,-0.0,-0.0,-0.0
259676,-0.0,-0.0,-0.0
259700,-0.0,-0.0,-0.0
259725,-0.0,-0.0,-0.0
259749,-0.0,-0.0,-0.0
259778,-0.0,-0.0,-0.0
259802,-0.0,-0.0,-0.0
259828,-0.0,-0.0,-0.0
259852,-0.0,-0.0,-0.0
259876,-0.0,-0.0,-0.0
259900,-0.0,-0.0,-0.0
259925,-0.0,-0.0,-0.0
259950,-0.0,-0.0,-0.0
259975,-0.0,-0.0,-0.0
259999,-0.0,-0.0,-0.0
260028,-0.0,-0.0,-0.0
260052,-0.0,-0.0,-0.0
260077,-0.0,-0.0,-0.0
260101,-0.0,-0.0,-0.0
260126,-0.0,-0.0,-0.0
260150,-0.0,-0.0,-0.0
260175,-0.0,-0.0,-0.0
260199,-0.0,-0.0,-0.0
260225,-0.0,-0.0,-0.0
260249,-0.0,-0.0,-0.0
260277,-0.0,-0.0,-0.0
260302,-0.0,-0.0,-0.0
260326,-0.0,-0.0,-0.0
260351,-0.0,-0.0,-0.0
260376,-0.0,-0.0,-0.0
260400,-0.0,-0.0,-0.0
260425,-0.0,-0.0,-0.0
260449,-0.0,-0.0,-0.0
260474,-0.0,-0.0,-0.0
260499,-0.0,-0.0,-0.0
260523,-0.0,-0.0,-0.0
260552,-0.0,-0.0,-0.0
260576,-0.0,-0.0,-0.0
260601,-0.0,-0.0,-0.0
260626,-0.0,-0.0,-0.0
260650,-0.0,-0.0,-0.0
260675,-0.0,-0.0,-0.0
260699,-0.0,-0.0,-0.0
260724,-0.0,-0.0,-0.0
260749,-0.0,-0.0,-0.0
260773,-0.0,-0.0,-0.0
260802,-0.0,-0.0,-0.0
260826,-0.0,-0.0,-0.0
260851,-0.0,-0.0,-0.0
260876,-0.0,-0.0,-0.0
260900,-0.0,-0.0,-0.0
260924,-0.0,-0.0,-0.0
260949,-0.0,-0.0,-0.0
260974,-0.0,-0.0,-0.0
260999,-0.0,-0.0,-0.0
261023,-0.0,-0.0,-0.0
261051,-0.0,-0.0,-0.0
261076,-0.0,-0.0,-0.0
261101,-0.0,-0.0,-0.0
261125,-0.0,-0.0,-0.0
261150,-0.0,-0.0,-0.0
261174,-0.0,-0.0,-0.0
261199,-0.0,-0.0,-0.0
261223,-0.0,-0.0,-0.0
261249,-0.0,-0.0,-0.0
261273,-0.0,-0.0,-0.0
261301,-0.0,-0.0,-0.0
261326,-0.0,-0.0,-0.0
261351,-0.0,-0.0,-0.0
261375,-0.0,-0.0,-0.0
261399,-0.0,-0.0,-0.0
261425,-0.0,-0.0,-0.0
261449,-0.0,-0.0,-0.0
261474,-0.0,-0.0,-0.0
261498,-0.0,-0.0,-0.0
261523,-0.0,-0.0,-0.0
261551,-0.0,-0.0,-0.0
261576,-0.0,-0.0,-0.0
261600,-0.0,-0.0,-0.0
261625,-0.0,-0.0,-0.0
261649,-0.0,-0.0,-0.0
261675,-0.0,-0.0,-0.0
261699,-0.0,-0.0,-0.0
261723,-0.0,-0.0,-0.0
261748,-0.0,-0.0,-0.0
261773,-0.0,-0.0,-0.0
261797,-0.0,-0.0,-0.0
261826,-0.0,-0.0,-0.0
261850,-0.0,-0.0,-0.0
261875,-0.0,-0.0,-0.0
261899,-0.0,-0.0,-0.0
261924,-0.0,-0.0,-0.0
261948,-0.0,-0.0,-0.0
261973,-0.0,-0.0,-0.0
261998,-0.0,-0.0,-0.0
262022,-0.0,-0.0,-0.0
262047,-0.0,-0.0,-0.0
262076,-0.0,-0.0,-0.0
262100,-0.0,-0.0,-0.0
262125,-0.0,-0.0,-0.0
262149,-0.0,-0.0,-0.0
262174,-0.0,-0.0,-0.0
262198,-0.0,-0.0,-0.0
262223,-0.0,-0.0,-0.0
262248,-0.0,-0.0,-0.0
262273,-0.0,-0.0,-0.0
262297,-0.0,-0.0,-0.0
262325,-0.0,-0.0,-0.0
262350,-0.0,-0.0,-0.0
262375,-0.0,-0.0,-0.0
262399,-0.0,-0.0,-0.0
262424,-0.0,-0.0,-0.0
262448,-0.0,-0.0,-0.0
262473,-0.0,-0.0,-0.0
262497,-0.0,-0.0,-0.0
262522,-0.0,-0.0,-0.0
262547,-0.0,-0.0,-0.0
262575,-0.0,-0.0,-0.0
262600,-0.0,-0.0,-0.0
262624,-0.0,-0.0,-0.0
262649,-0.0,-0.0,-0.0
262674,-0.0,-0.0,-0.0
262698,-0.0,-0.0,-0.0
262723,-0.0,-0.0,-0.0
262747,-0.0,-0.0,-0.0
262772,-0.0,-0.0,-0.0
262797,-0.0,-0.0,-0.0
262825,-0.0,-0.0,-0.0
262849,-0.0,-0.0,-0.0
262874,-0.0,-0.0,-0.0
262899,-0.0,-0.0,-0.0
262923,-0.0,-0.0,-0.0
262948,-0.0,-0.0,-0.0
262973,-0.0,-0.0,-0.0
262997,-0.0,-0.0,-0.0
263022,-0.0,-0.0,-0.0
263046,-0.0,-0.0,-0.0
263071,-0.0,-0.0,-0.0
263099,-0.0,-0.0,-0.0
263124,-0.0,-0.0,-0.0
263148,-0.0,-0.0,-0.0
263173,-0.0,-0.0,-0.0
263198,-0.0,-0.0,-0.0
263222,-0.0,-0.0,-0.0
263247,-0.0,-0.0,-0.0
263272,-0.0,-0.0,-0.0
263296,-0.0,-0.0,-0.0
263321,-0.0,-0.0,-0.0
263349,-0.0,-0.0,-0.0
263374,-0.0,-0.0,-0.0
263398,-0.0,-0.0,-0.0
263423,-0.0,-0.0,-0.0
263448,-0.0,-0.0,-0.0
263472,-0.0,-0.0,-0.0
263497,-0.0,-0.0,-0.0
263521,-0.0,-0.0,-0.0
263547,-0.0,-0.0,-0.0
263571,-0.0,-0.0,-0.0
263599,-0.0,-0.0,-0.0
263624,-0.0,-0.0,-0.0
263648,-0.0,-0.0,-0.0
263673,-0.0,-0.0,-0.0
263697,-0.0,-0.0,-0.0
263722,-0.0,-0.0,-0.0
263747,-0.0,-0.0,-0.0
263771,-0.0,-0.0,-0.0
263796,-0.0,-0.0,-0.0
263820,-0.0,-0.0,-0.0
263849,-0.0,-0.0,-0.0
263874,-0.0,-0.0,-0.0
263898,-0.0,-0.0,-0.0
263923,-0.0,-0.0,-0.0
263947,-0.0,-0.0,-0.0
263973,-0.0,-0.0,-0.0
263997,-0.0,-0.0,-0.0
264021,-0.0,-0.0,-0.0
264046,-0.0,-0.0,-0.0
264070,-0.0,-0.0,-0.0
264099,-0.0,-0.0,-0.0
264123,-0.0,-0.0,-0.0
264148,-0.0,-0.0,-0.0
264173,-0.0,-0.0,-0.0
264197,-0.0,-0.0,-0.0
264222,-0.0,-0.0,-0.0
264247,-0.0,-0.0,-0.0
264271,-0.0,-0.0,-0.0
264296,-0.0,-0.0,-0.0
264320,-0.0,-0.0,-0.0
264345,-0.0,-0.0,-0.0
264373,-0.0,-0.0,-0.0
264398,-0.0,-0.0,-0.0
264423,-0.0,-0.0,-0.0
264447,-0.0,-0.0,-0.0
264471,-0.0,-0.0,-0.0
264496,-0.0,-0.0,-0.0
264521,-0.0,-0.0,-0.0
264546,-0.0,-0.0,-0.0
264570,-0.0,-0.0,-0.0
264594,-0.0,-0.0,-0.0
264623,-0.0,-0.0,-0.0
264648,-0.0,-0.0,-0.0
264672,-0.0,-0.0,-0.0
264697,-0.0,-0.0,-0.0
264722,-0.0,-0.0,-0.0
264746,-0.0,-0.0,-0.0
264771,-0.0,-0.0,-0.0
264795,-0.0,-0.0,-0.0
264820,-0.0,-0.0,-0.0
264845,-0.0,-0.0,-0.0
264873,-0.0,-0.0,-0.0
264897,-0.0,-0.0,-0.0
264922,-0.0,-0.0,-0.0
264947,-0.0,-0.0,-0.0
264972,-0.0,-0.0,-0.0
264996,-0.0,-0.0,-0.0
265020,-0.0,-0.0,-0.0
265045,-0.0,-0.0,-0.0
265070,-0.0,-0.0,-0.0
265094,-0.0,-0.0,-0.0
265123,-0.0,-0.0,-0.0
265147,-0.0,-0.0,-0.0
265172,-0.0,-0.0,-0.0
265197,-0.0,-0.0,-0.0
265221,-0.0,-0.0,-0.0
265246,-0.0,-0.0,-0.0
265270,-0.0,-0.0,-0.0
265295,-0.0,-0.0,-0.0
265320,-0.0,-0.0,-0.0
265344,-0.0,-0.0,-0.0
265373,-0.0,-0.0,-0.0
265397,-0.0,-0.0,-0.0
265422,-0.0,-0.0,-0.0
265450,-0.0,-0.0,-0.0
265484,-0.0,-0.0,-0.0
265516,-0.0,-0.0,-0.0
265545,-0.0,-0.0,-0.0
265578,-0.0,-0.0,-0.0
265602,-0.0,-0.0,-0.0
265626,-0.0,-0.0,-0.0
265651,-0.0,-0.0,-0.0
265676,-0.0,-0.0,-0.0
265700,-0.0,-0.0,-0.0
265725,-0.0,-0.0,-0.0
265754,-0.0,-0.0,-0.0
265778,-0.0,-0.0,-0.0
265802,-0.0,-0.0,-0.0
265827,-0.0,-0.0,-0.0
265852,-0.0,-0.0,-0.0
265876,-0.0,-0.0,-0.0
265901,-0.0,-0.0,-0.0
265926,-0.0,-0.0,-0.0
265950,-0.0,-0.0,-0.0
265975,-0.0,-0.0,-0.0
265999,-0.0,-0.0,-0.0
266028,-0.0,-0.0,-0.0
266053,-0.0,-0.0,-0.0
266077,-0.0,-0.0,-0.0
266102,-0.0,-0.0,-0.0
266126,-0.0,-0.0,-0.0
266151,-0.0,-0.0,-0.0
266176,-0.0,-0.0,-0.0
266200,-0.0,-0.0,-0.0
266224,-0.0,-0.0,-0.0
266249,-0.0,-0.0,-0.0
266278,-0.0,-0.0,-0.0
266303,-0.0,-0.0,-0.0
266327,-0.0,-0.0,-0.0
266352,-0.0,-0.0,-0.0
266376,-0.0,-0.0,-0.0
266401,-0.0,-0.0,-0.0
266426,-0.0,-0.0,-0.0
266450,-0.0,-0.0,-0.0
266474,-0.0,-0.0,-0.0
266499,-0.0,-0.0,-0.0
266528,-0.0,-0.0,-0.0
266552,-0.0,-0.0,-0.0
266577,-0.0,-0.0,-0.0
266602,-0.0,-0.0,-0.0
266626,-0.0,-0.0,-0.0
266650,-0.0,-0.0,-0.0
266675,-0.0,-0.0,-0.0
266699,-0.0,-0.0,-0.0
266724,-0.0,-0.0,-0.0
266749,-0.0,-0.0,-0.0
266778,-0.0,-0.0,-0.0
266802,-0.0,-0.0,-0.0
266827,-0.0,-0.0,-0.0
266851,-0.0,-0.0,-0.0
266876,-0.0,-0.0,-0.0
266900,-0.0,-0.0,-0.0
266925,-0.0,-0.0,-0.0
266949,-0.0,-0.0,-0.0
266974,-0.0,-0.0,-0.0
266999,-0.0,-0.0,-0.0
267028,-0.0,-0.0,-0.0
267052,-0.0,-0.0,-0.0
267077,-0.0,-0.0,-0.0
267101,-0.0,-0.0,-0.0
267126,-0.0,-0.0,-0.0
267150,-0.0,-0.0,-0.0
267175,-0.0,-0.0,-0.0
267199,-0.0,-0.0,-0.0
267224,-0.0,-0.0,-0.0
267249,-0.0,-0.0,-0.0
267273,-0.0,-0.0,-0.0
267302,-0.0,-0.0,-0.0
267326,-0.0,-0.0,-0.0
267351,-0.0,-0.0,-0.0
267376,-0.0,-0.0,-0.0
267400,-0.0,-0.0,-0.0
267425,-0.0,-0.0,-0.0
267449,-0.0,-0.0,-0.0
267474,-0.0,-0.0,-0.0
267498,-0.0,-0.0,-0.0
267523,-0.0,-0.0,-0.0
267552,-0.0,-0.0,-0.0
267576,-0.0,-0.0,-0.0
267601,-0.0,-0.0,-0.0
267625,-0.0,-0.0,-0.0
267650,-0.0,-0.0,-0.0
267675,-0.0,-0.0,-0.0
267699,-0.0,-0.0,-0.0
267724,-0.0,-0.0,-0.0
267748,-0.0,-0.0,-0.0
267773,-0.0,-0.0,-0.0
267802,-0.0,-0.0,-0.0
267826,-0.0,-0.0,-0.0
267850,-0.0,-0.0,-0.0
267875,-0.0,-0.0,-0.0
267900,-0.0,-0.0,-0.0
267924,-0.0,-0.0,-0.0
267949,-0.0,-0.0,-0.0
267974,-0.0,-0.0,-0.0
267998,-0.0,-0.0,-0.0
268022,-0.0,-0.0,-0.0
268051,-0.0,-0.0,-0.0
268076,-0.0,-0.0,-0.0
268100,-0.0,-0.0,-0.0
268125,-0.0,-0.0,-0.0
268149,-0.0,-0.0,-0.0
268174,-0.0,-0.0,-0.0
268199,-0.0,-0.0,-0.0
268224,-0.0,-0.0,-0.0
268248,-0.0,-0.0,-0.0
268273,-0.0,-0.0,-0.0
268301,-0.0,-0.0,-0.0
268326,-0.0,-0.0,-0.0
268350,-0.0,-0.0,-0.0
268375,-0.0,-0.0,-0.0
268399,-0.0,-0.0,-0.0
268424,-0.0,-0.0,-0.0
268448,-0.0,-0.0,-0.0
268473,-0.0,-0.0,-0.0
268498,-0.0,-0.0,-0.0
268523,-0.0,-0.0,-0.0
268547,-0.0,-0.0,-0.0
268575,-0.0,-0.0,-0.0
268600,-0.0,-0.0,-0.0
268625,-0.0,-0.0,-0.0
268649,-0.0,-0.0,-0.0
268674,-0.0,-0.0,-0.0
268699,-0.0,-0.0,-0.0
268723,-0.0,-0.0,-0.0
268748,-0.0,-0.0,-0.0
268772,-0.0,-0.0,-0.0
268797,-0.0,-0.0,-0.0
268826,-0.0,-0.0,-0.0
268850,-0.0,-0.0,-0.0
268875,-0.0,-0.0,-0.0
268899,-0.0,-0.0,-0.0
268924,-0.0,-0.0,-0.0
268948,-0.0,-0.0,-0.0
268973,-0.0,-0.0,-0.0
268997,-0.0,-0.0,-0.0
269022,-0.0,-0.0,-0.0
269047,-0.0,-0.0,-0.0
269075,-0.0,-0.0,-0.0
269100,-0.0,-0.0,-0.0
269125,-0.0,-0.0,-0.0
269149,-0.0,-0.0,-0.0
269174,-0.0,-0.0,-0.0
269199,-0.0,-0.0,-0.0
269223,-0.0,-0.0,-0.0
269247,-0.0,-0.0,-0.0
269272,-0.0,-0.0,-0.0
269296,-0.0,-0.0,-0.0
269325,-0.0,-0.0,-0.0
269349,-0.0,-0.0,-0.0
269374,-0.0,-0.0,-0.0
269399,-0.0,-0.0,-0.0
269424,-0.0,-0.0,-0.0
269448,-0.0,-0.0,-0.0
269473,-0.0,-0.0,-0.0
269497,-0.0,-0.0,-0.0
269521,-0.0,-0.0,-0.0
269546,-0.0,-0.0,-0.0
269575,-0.0,-0.0,-0.0
269599,-0.0,-0.0,-0.0
269624,-0.0,-0.0,-0.0
269649,-0.0,-0.0,-0.0
269673,-0.0,-0.0,-0.0
269698,-0.0,-0.0,-0.0
269722,-0.0,-0.0,-0.0
269747,-0.0,-0.0,-0.0
269771,-0.0,-0.0,-0.0
269796,-0.0,-0.0,-0.0
269821,-0.0,-0.0,-0.0
269849,-0.0,-0.0,-0.0
269874,-0.0,-0.0,-0.0
269898,-0.0,-0.0,-0.0
269923,-0.0,-0.0,-0.0
269947,-0.0,-0.0,-0.0
269972,-0.0,-0.0,-0.0
269997,-0.0,-0.0,-0.0
270021,-0.0,-0.0,-0.0
270046,-0.0,-0.0,-0.0
270070,-0.0,-0.0,-0.0
270099,-0.0,-0.0,-0.0
270124,-0.0,-0.0,-0.0
270148,-0.0,-0.0,-0.0
270173,-0.0,-0.0,-0.0
270198,-0.0,-0.0,-0.0
270222,-0.0,-0.0,-0.0
270247,-0.0,-0.0,-0.0
270271,-0.0,-0.0,-0.0
270296,-0.0,-0.0,-0.0
270321,-0.0,-0.0,-0.0
270349,-0.0,-0.0,-0.0
270374,-0.0,-0.0,-0.0
270398,-0.0,-0.0,-0.0
270423,-0.0,-0.0,-0.0
270447,-0.0,-0.0,-0.0
270472,-0.0,-0.0,-0.0
270497,-0.0,-0.0,-0.0
270522,-0.0,-0.0,-0.0
270546,-0.0,-0.0,-0.0
270570,-0.0,-0.0,-0.0
270599,-0.0,-0.0,-0.0
270623,-0.0,-0.0,-0.0
270648,-0.0,-0.0,-0.0
270672,-0.0,-0.0,-0.0
270697,-0.0,-0.0,-0.0
270722,-0.0,-0.0,-0.0
270746,-0.0,-0.0,-0.0
270771,-0.0,-0.0,-0.0
270795,-0.0,-0.0,-0.0
270820,-0.0,-0.0,-0.0
270848,-0.0,-0.0,-0.0
270874,-0.0,-0.0,-0.0
270898,-0.0,-0.0,-0.0
270923,-0.0,-0.0,-0.0
270947,-0.0,-0.0,-0.0
270971,-0.0,-0.0,-0.0
270996,-0.0,-0.0,-0.0
271021,-0.0,-0.0,-0.0
271046,-0.0,-0.0,-0.0
271070,-0.0,-0.0,-0.0
271094,-0.0,-0.0,-0.0
271123,-0.0,-0.0,-0.0
271147,-0.0,-0.0,-0.0
271172,-0.0,-0.0,-0.0
271197,-0.0,-0.0,-0.0
271222,-0.0,-0.0,-0.0
271246,-0.0,-0.0,-0.0
271271,-0.0,-0.0,-0.0
271296,-0.0,-0.0,-0.0
271320,-0.0,-0.0,-0.0
271344,-0.0,-0.0,-0.0
271373,-0.0,-0.0,-0.0
271398,-0.0,-0.0,-0.0
271422,-0.0,-0.0,-0.0
271447,-0.0,-0.0,-0.0
271472,-0.0,-0.0,-0.0
271496,-0.0,-0.0,-0.0
271521,-0.0,-0.0,-0.0
271545,-0.0,-0.0,-0.0
271569,-0.0,-0.0,-0.0
271594,-0.0,-0.0,-0.0
271623,-0.0,-0.0,-0.0
271647,-0.0,-0.0,-0.0
271672,-0.0,-0.0,-0.0
271697,-0.0,-0.0,-0.0
271721,-0.0,-0.0,-0.0
271746,-0.0,-0.0,-0.0
271770,-0.0,-0.0,-0.0
271795,-0.0,-0.0,-0.0
271820,-0.0,-0.0,-0.0
271844,-0.0,-0.0,-0.0
271873,-0.0,-0.0,-0.0
271897,-0.0,-0.0,-0.0
271922,-0.0,-0.0,-0.0
271947,-0.0,-0.0,-0.0
271971,-0.0,-0.0,-0.0
271996,-0.0,-0.0,-0.0
272020,-0.0,-0.0,-0.0
272045,-0.0,-0.0,-0.0
272070,-0.0,-0.0,-0.0
272094,-0.0,-0.0,-0.0
272123,-0.0,-0.0,-0.0
272147,-0.0,-0.0,-0.0
272172,-0.0,-0.0,-0.0
272196,-0.0,-0.0,-0.0
272221,-0.0,-0.0,-0.0
272246,-0.0,-0.0,-0.0
272270,-0.0,-0.0,-0.0
272294,-0.0,-0.0,-0.0
272319,-0.0,-0.0,-0.0
272344,-0.0,-0.0,-0.0
272368,-0.0,-0.0,-0.0
272397,-0.0,-0.0,-0.0
272422,-0.0,-0.0,-0.0
272446,-0.0,-0.0,-0.0
272470,-0.0,-0.0,-0.0
272496,-0.0,-0.0,-0.0
272520,-0.0,-0.0,-0.0
272545,-0.0,-0.0,-0.0
272569,-0.0,-0.0,-0.0
272594,-0.0,-0.0,-0.0
272618,-0.0,-0.0,-0.0
272647,-0.0,-0.0,-0.0
272671,-0.0,-0.0,-0.0
272696,-0.0,-0.0,-0.0
272721,-0.0,-0.0,-0.0
272745,-0.0,-0.0,-0.0
272770,-0.0,-0.0,-0.0
272794,-0.0,-0.0,-0.0
272819,-0.0,-0.0,-0.0
272843,-0.0,-0.0,-0.0
272868,-0.0,-0.0,-0.0
272896,-0.0,-0.0,-0.0
272921,-0.0,-0.0,-0.0
272947,-0.0,-0.0,-0.0
272971,-0.0,-0.0,-0.0
272995,-0.0,-0.0,-0.0
273020,-0.0,-0.0,-0.0
273044,-0.0,-0.0,-0.0
273069,-0.0,-0.0,-0.0
273093,-0.0,-0.0,-0.0
273118,-0.0,-0.0,-0.0
273146,-0.0,-0.0,-0.0
273171,-0.0,-0.0,-0.0
273196,-0.0,-0.0,-0.0
273220,-0.0,-0.0,-0.0
273245,-0.0,-0.0,-0.0
273270,-0.0,-0.0,-0.0
273294,-0.0,-0.0,-0.0
273319,-0.0,-0.0,-0.0
273343,-0.0,-0.0,-0.0
273367,-0.0,-0.0,-0.0
273396,-0.0,-0.0,-0.0
273421,-0.0,-0.0,-0.0
273446,-0.0,-0.0,-0.0
273470,-0.0,-0.0,-0.0
273495,-0.0,-0.0,-0.0
273520,-0.0,-0.0,-0.0
273544,-0.0,-0.0,-0.0
273569,-0.0,-0.0,-0.0
273593,-0.0,-0.0,-0.0
273618,-0.0,-0.0,-0.0
273646,-0.0,-0.0,-0.0
273671,-0.0,-0.0,-0.0
273696,-0.0,-0.0,-0.0
273720,-0.0,-0.0,-0.0
273744,-0.0,-0.0,-0.0
273769,-0.0,-0.0,-0.0
273794,-0.0,-0.0,-0.0
273818,-0.0,-0.0,-0.0
273843,-0.0,-0.0,-0.0
273867,-0.0,-0.0,-0.0
273892,-0.0,-0.0,-0.0
273921,-0.0,-0.0,-0.0
273946,-0.0,-0.0,-0.0
273970,-0.0,-0.0,-0.0
273994,-0.0,-0.0,-0.0
274019,-0.0,-0.0,-0.0
274043,-0.0,-0.0,-0.0
274068,-0.0,-0.0,-0.0
274093,-0.0,-0.0,-0.0
274117,-0.0,-0.0,-0.0
274142,-0.0,-0.0,-0.0
274171,-0.0,-0.0,-0.0
274195,-0.0,-0.0,-0.0
274220,-0.0,-0.0,-0.0
274244,-0.0,-0.0,-0.0
274269,-0.0,-0.0,-0.0
274293,-0.0,-0.0,-0.0
274318,-0.0,-0.0,-0.0
274343,-0.0,-0.0,-0.0
274367,-0.0,-0.0,-0.0
274391,-0.0,-0.0,-0.0
274420,-0.0,-0.0,-0.0
274445,-0.0,-0.0,-0.0
274469,-0.0,-0.0,-0.0
274494,-0.0,-0.0,-0.0
274518,-0.0,-0.0,-0.0
274543,-0.0,-0.0,-0.0
274568,-0.0,-0.0,-0.0
274593,-0.0,-0.0,-0.0
274617,-0.0,-0.0,-0.0
274642,-0.0,-0.0,-0.0
274670,-0.0,-0.0,-0.0
274695,-0.0,-0.0,-0.0
274719,-0.0,-0.0,-0.0
274744,-0.0,-0.0,-0.0
274768,-0.0,-0.0,-0.0
274793,-0.0,-0.0,-0.0
274818,-0.0,-0.0,-0.0
274842,-0.0,-0.0,-0.0
274866,-0.0,-0.0,-0.0
274891,-0.0,-0.0,-0.0
274920,-0.0,-0.0,-0.0
274945,-0.0,-0.0,-0.0
274969,-0.0,-0.0,-0.0
274994,-0.0,-0.0,-0.0
275018,-0.0,-0.0,-0.0
275043,-0.0,-0.0,-0.0
275067,-0.0,-0.0,-0.0
275092,-0.0,-0.0,-0.0
275116,-0.0,-0.0,-0.0
275141,-0.0,-0.0,-0.0
275166,-0.0,-0.0,-0.0
275194,-0.0,-0.0,-0.0
275219,-0.0,-0.0,-0.0
275244,-0.0,-0.0,-0.0
275268,-0.0,-0.0,-0.0
275293,-0.0,-0.0,-0.0
275318,-0.0,-0.0,-0.0
275342,-0.0,-0.0,-0.0
275366,-0.0,-0.0,-0.0
275391,-0.0,-0.0,-0.0
275415,-0.0,-0.0,-0.0
275444,-0.0,-0.0,-0.0
275469,-0.0,-0.0,-0.0
275493,-0.0,-0.0,-0.0
275518,-0.0,-0.0,-0.0
275543,-0.0,-0.0,-0.0
275567,-0.0,-0.0,-0.0
275592,-0.0,-0.0,-0.0
275616,-0.0,-0.0,-0.0
275641,-0.0,-0.0,-0.0
275665,-0.0,-0.0,-0.0
275694,-0.0,-0.0,-0.0
275718,-0.0,-0.0,-0.0
275743,-0.0,-0.0,-0.0
275768,-0.0,-0.0,-0.0
275792,-0.0,-0.0,-0.0
275817,-0.0,-0.0,-0.0
275842,-0.0,-0.0,-0.0
275866,-0.0,-0.0,-0.0
275891,-0.0,-0.0,-0.0
275915,-0.0,-0.0,-0.0
275944,-0.0,-0.0,-0.0
275968,-0.0,-0.0,-0.0
275993,-0.0,-0.0,-0.0
276018,-0.0,-0.0,-0.0
276042,-0.0,-0.0,-0.0
276067,-0.0,-0.0,-0.0
276091,-0.0,-0.0,-0.0
276116,-0.0,-0.0,-0.0
276141,-0.0,-0.0,-0.0
276165,-0.0,-0.0,-0.0
276194,-0.0,-0.0,-0.0
276218,-0.0,-0.0,-0.0
276243,-0.0,-0.0,-0.0
276268,-0.0,-0.0,-0.0
276292,-0.0,-0.0,-0.0
276316,-0.0,-0.0,-0.0
276341,-0.0,-0.0,-0.0
276366,-0.0,-0.0,-0.0
276391,-0.0,-0.0,-0.0
276415,-0.0,-0.0,-0.0
276440,-0.0,-0.0,-0.0
276468,-0.0,-0.0,-0.0
276493,-0.0,-0.0,-0.0
276517,-0.0,-0.0,-0.0
276542,-0.0,-0.0,-0.0
276566,-0.0,-0.0,-0.0
276591,-0.0,-0.0,-0.0
276615,-0.0,-0.0,-0.0
276640,-0.0,-0.0,-0.0
276665,-0.0,-0.0,-0.0
276690,-0.0,-0.0,-0.0
276718,-0.0,-0.0,-0.0
276742,-0.0,-0.0,-0.0
276767,-0.0,-0.0,-0.0
276792,-0.0,-0.0,-0.0
276816,-0.0,-0.0,-0.0
276841,-0.0,-0.0,-0.0
276865,-0.0,-0.0,-0.0
276890,-0.0,-0.0,-0.0
276915,-0.0,-0.0,-0.0
276939,-0.0,-0.0,-0.0
276968,-0.0,-0.0,-0.0
276992,-0.0,-0.0,-0.0
277017,-0.0,-0.0,-0.0
277041,-0.0,-0.0,-0.0
277066,-0.0,-0.0,-0.0
277090,-0.0,-0.0,-0.0
277115,-0.0,-0.0,-0.0
277140,-0.0,-0.0,-0.0
277164,-0.0,-0.0,-0.0
277189,-0.0,-0.0,-0.0
277217,-0.0,-0.0,-0.0
277242,-0.0,-0.0,-0.0
277267,-0.0,-0.0,-0.0
277291,-0.0,-0.0,-0.0
277316,-0.0,-0.0,-0.0
277340,-0.0,-0.0,-0.0
277365,-0.0,-0.0,-0.0
277389,-0.0,-0.0,-0.0
277414,-0.0,-0.0,-0.0
277439,-0.0,-0.0,-0.0
277467,-0.0,-0.0,-0.0
277492,-0.0,-0.0,-0.0
277516,-0.0,-0.0,-0.0
277541,-0.0,-0.0,-0.0
277566,-0.0,-0.0,-0.0
277591,-0.0,-0.0,-0.0
277615,-0.0,-0.0,-0.0
277639,-0.0,-0.0,-0.0
277664,-0.0,-0.0,-0.0
277689,-0.0,-0.0,-0.0
277713,-0.0,-0.0,-0.0
277742,-0.0,-0.0,-0.0
277766,-0.0,-0.0,-0.0
277791,-0.0,-0.0,-0.0
277815,-0.0,-0.0,-0.0
277840,-0.0,-0.0,-0.0
277865,-0.0,-0.0,-0.0
277890,-0.0,-0.0,-0.0
277914,-0.0,-0.0,-0.0
277938,-0.0,-0.0,-0.0
277963,-0.0,-0.0,-0.0
277992,-0.0,-0.0,-0.0
278016,-0.0,-0.0,-0.0
278041,-0.0,-0.0,-0.0
278065,-0.0,-0.0,-0.0
278090,-0.0,-0.0,-0.0
278114,-0.0,-0.0,-0.0
278139,-0.0,-0.0,-0.0
278164,-0.0,-0.0,-0.0
278189,-0.0,-0.0,-0.0
278213,-0.0,-0.0,-0.0
278242,-0.0,-0.0,-0.0
278266,-0.0,-0.0,-0.0
278291,-0.0,-0.0,-0.0
278315,-0.0,-0.0,-0.0
278340,-0.0,-0.0,-0.0
278365,-0.0,-0.0,-0.0
278389,-0.0,-0.0,-0.0
278414,-0.0,-0.0,-0.0
278438,-0.0,-0.0,-0.0
278463,-0.0,-0.0,-0.0
278491,-0.0,-0.0,-0.0
278516,-0.0,-0.0,-0.0
278541,-0.0,-0.0,-0.0
278565,-0.0,-0.0,-0.0
278590,-0.0,-0.0,-0.0
278614,-0.0,-0.0,-0.0
278639,-0.0,-0.0,-0.0
278664,-0.0,-0.0,-0.0
278688,-0.0,-0.0,-0.0
278713,-0.0,-0.0,-0.0
278741,-0.0,-0.0,-0.0
278766,-0.0,-0.0,-0.0
278791,-0.0,-0.0,-0.0
278815,-0.0,-0.0,-0.0
278840,-0.0,-0.0,-0.0
278864,-0.0,-0.0,-0.0
278889,-0.0,-0.0,-0.0
278913,-0.0,-0.0,-0.0
278938,-0.0,-0.0,-0.0
278963,-0.0,-0.0,-0.0
278987,-0.0,-0.0,-0.0
279016,-0.0,-0.0,-0.0
279040,-0.0,-0.0,-0.0
279065,-0.0,-0.0,-0.0
279091,-0.0,-0.0,-0.0
279114,-0.0,-0.0,-0.0
279139,-0.0,-0.0,-0.0
279163,-0.0,-0.0,-0.0
279188,-0.0,-0.0,-0.0
279212,-0.0,-0.0,-0.0
279237,-0.0,-0.0,-0.0
279265,-0.0,-0.0,-0.0
279290,-0.0,-0.0,-0.0
279315,-0.0,-0.0,-0.0
279340,-0.0,-0.0,-0.0
279364,-0.0,-0.0,-0.0
279389,-0.0,-0.0,-0.0
279413,-0.0,-0.0,-0.0
279438,-0.0,-0.0,-0.0
279462,-0.0,-0.0,-0.0
279487,-0.0,-0.0,-0.0
279515,-0.0,-0.0,-0.0
279540,-0.0,-0.0,-0.0
279564,-0.0,-0.0,-0.0
279590,-0.0,-0.0,-0.0
279614,-0.0,-0.0,-0.0
279638,-0.0,-0.0,-0.0
279663,-0.0,-0.0,-0.0
279688,-0.0,-0.0,-0.0
279712,-0.0,-0.0,-0.0
279737,-0.0,-0.0,-0.0
279765,-0.0,-0.0,-0.0
279790,-0.0,-0.0,-0.0
279814,-0.0,-0.0,-0.0
279839,-0.0,-0.0,-0.0
279864,-0.0,-0.0,-0.0
279888,-0.0,-0.0,-0.0
279913,-0.0,-0.0,-0.0
279937,-0.0,-0.0,-0.0
279962,-0.0,-0.0,-0.0
279986,-0.0,-0.0,-0.0
280015,-0.0,-0.0,-0.0
280039,-0.0,-0.0,-0.0
280064,-0.0,-0.0,-0.0
280089,-0.0,-0.0,-0.0
280113,-0.0,-0.0,-0.0
280138,-0.0,-0.0,-0.0
280163,-0.0,-0.0,-0.0
280187,-0.0,-0.0,-0.0
280212,-0.0,-0.0,-0.0
280236,-0.0,-0.0,-0.0
280261,-0.0,-0.0,-0.0
280289,-0.0,-0.0,-0.0
280314,-0.0,-0.0,-0.0
280339,-0.0,-0.0,-0.0
280363,-0.0,-0.0,-0.0
280388,-0.0,-0.0,-0.0
280413,-0.0,-0.0,-0.0
280437,-0.0,-0.0,-0.0
280462,-0.0,-0.0,-0.0
280487,-0.0,-0.0,-0.0
280511,-0.0,-0.0,-0.0
280540,-0.0,-0.0,-0.0
280564,-0.0,-0.0,-0.0
280588,-0.0,-0.0,-0.0
280613,-0.0,-0.0,-0.0
280637,-0.0,-0.0,-0.0
280663,-0.0,-0.0,-0.0
280687,-0.0,-0.0,-0.0
280711,-0.0,-0.0,-0.0
280736,-0.0,-0.0,-0.0
280761,-0.0,-0.0,-0.0
280790,-0.0,-0.0,-0.0
280814,-0.0,-0.0,-0.0
280839,-0.0,-0.0,-0.0
280863,-0.0,-0.0,-0.0
280888,-0.0,-0.0,-0.0
280912,-0.0,-0.0,-0.0
280937,-0.0,-0.0,-0.0
280962,-0.0,-0.0,-0.0
280986,-0.0,-0.0,-0.0
281010,-0.0,-0.0,-0.0
281039,-0.0,-0.0,-0.0
281064,-0.0,-0.0,-0.0
281088,-0.0,-0.0,-0.0
281113,-0.0,-0.0,-0.0
281137,-0.0,-0.0,-0.0
281162,-0.0,-0.0,-0.0
281186,-0.0,-0.0,-0.0
281211,-0.0,-0.0,-0.0
281236,-0.0,-0.0,-0.0
281260,-0.0,-0.0,-0.0
281289,-0.0,-0.0,-0.0
281313,-0.0,-0.0,-0.0
281338,-0.0,-0.0,-0.0
281362,-0.0,-0.0,-0.0
281387,-0.0,-0.0,-0.0
281412,-0.0,-0.0,-0.0
281437,-0.0,-0.0,-0.0
281462,-0.0,-0.0,-0.0
281486,-0.0,-0.0,-0.0
281510,-0.0,-0.0,-0.0
281535,-0.0,-0.0,-0.0
281563,-0.0,-0.0,-0.0
281588,-0.0,-0.0,-0.0
281613,-0.0,-0.0,-0.0
281637,-0.0,-0.0,-0.0
281662,-0.0,-0.0,-0.0
281686,-0.0,-0.0,-0.0
281711,-0.0,-0.0,-0.0
281736,-0.0,-0.0,-0.0
281760,-0.0,-0.0,-0.0
281785,-0.0,-0.0,-0.0
281813,-0.0,-0.0,-0.0
281838,-0.0,-0.0,-0.0
281862,-0.0,-0.0,-0.0
281887,-0.0,-0.0,-0.0
281912,-0.0,-0.0,-0.0
281936,-0.0,-0.0,-0.0
281961,-0.0,-0.0,-0.0
281986,-0.0,-0.0,-0.0
282010,-0.0,-0.0,-0.0
282035,-0.0,-0.0,-0.0
282063,-0.0,-0.0,-0.0
282088,-0.0,-0.0,-0.0
282112,-0.0,-0.0,-0.0
282137,-0.0,-0.0,-0.0
282161,-0.0,-0.0,-0.0
282186,-0.0,-0.0,-0.0
282211,-0.0,-0.0,-0.0
282235,-0.0,-0.0,-0.0
282260,-0.0,-0.0,-0.0
282285,-0.0,-0.0,-0.0
282313,-0.0,-0.0,-0.0
282338,-0.0,-0.0,-0.0
282362,-0.0,-0.0,-0.0
282387,-0.0,-0.0,-0.0
282411,-0.0,-0.0,-0.0
282436,-0.0,-0.0,-0.0
282460,-0.0,-0.0,-0.0
282485,-0.0,-0.0,-0.0
282509,-0.0,-0.0,-0.0
282534,-0.0,-0.0,-0.0
282563,-0.0,-0.0,-0.0
282587,-0.0,-0.0,-0.0
282612,-0.0,-0.0,-0.0
282637,-0.0,-0.0,-0.0
282661,-0.0,-0.0,-0.0
282686,-0.0,-0.0,-0.0
282710,-0.0,-0.0,-0.0
282736,-0.0,-0.0,-0.0
282759,-0.0,-0.0,-0.0
282784,-0.0,-0.0,-0.0
282809,-0.0,-0.0,-0.0
282837,-0.0,-0.0,-0.0
282862,-0.0,-0.0,-0.0
282886,-0.0,-0.0,-0.0
282911,-0.0,-0.0,-0.0
282936,-0.0,-0.0,-0.0
282960,-0.0,-0.0,-0.0
282985,-0.0,-0.0,-0.0
283009,-0.0,-0.0,-0.0
283034,-0.0,-0.0,-0.0
283058,-0.0,-0.0,-0.0
283087,-0.0,-0.0,-0.0
283112,-0.0,-0.0,-0.0
283136,-0.0,-0.0,-0.0
283161,-0.0,-0.0,-0.0
283185,-0.0,-0.0,-0.0
283210,-0.0,-0.0,-0.0
283235,-0.0,-0.0,-0.0
283260,-0.0,-0.0,-0.0
283284,-0.0,-0.0,-0.0
283308,-0.0,-0.0,-0.0
283337,-0.0,-0.0,-0.0
283361,-0.0,-0.0,-0.0
283386,-0.0,-0.0,-0.0
283410,-0.0,-0.0,-0.0
283435,-0.0,-0.0,-0.0
283459,-0.0,-0.0,-0.0
283485,-0.0,-0.0,-0.0
283509,-0.0,-0.0,-0.0
283533,-0.0,-0.0,-0.0
283558,-0.0,-0.0,-0.0
283586,-0.0,-0.0,-0.0
283611,-0.0,-0.0,-0.0
283636,-0.0,-0.0,-0.0
283660,-0.0,-0.0,-0.0
283685,-0.0,-0.0,-0.0
283709,-0.0,-0.0,-0.0
283734,-0.0,-0.0,-0.0
283759,-0.0,-0.0,-0.0
283783,-0.0,-0.0,-0.0
283808,-0.0,-0.0,-0.0
283836,-0.0,-0.0,-0.0
283861,-0.0,-0.0,-0.0
283885,-0.0,-0.0,-0.0
283910,-0.0,-0.0,-0.0
283935,-0.0,-0.0,-0.0
283959,-0.0,-0.0,-0.0
283984,-0.0,-0.0,-0.0
284008,-0.0,-0.0,-0.0
284033,-0.0,-0.0,-0.0
284057,-0.0,-0.0,-0.0
284082,-0.0,-0.0,-0.0
284111,-0.0,-0.0,-0.0
284135,-0.0,-0.0,-0.0
284160,-0.0,-0.0,-0.0
284185,-0.0,-0.0,-0.0
284210,-0.0,-0.0,-0.0
284234,-0.0,-0.0,-0.0
284259,-0.0,-0.0,-0.0
284283,-0.0,-0.0,-0.0
284308,-0.0,-0.0,-0.0
284332,-0.0,-0.0,-0.0
284361,-0.0,-0.0,-0.0
284385,-0.0,-0.0,-0.0
284410,-0.0,-0.0,-0.0
284435,-0.0,-0.0,-0.0
284459,-0.0,-0.0,-0.0
284484,-0.0,-0.0,-0.0
284509,-0.0,-0.0,-0.0
284533,-0.0,-0.0,-0.0
284558,-0.0,-0.0,-0.0
284582,-0.0,-0.0,-0.0
284611,-0.0,-0.0,-0.0
284635,-0.0,-0.0,-0.0
284660,-0.0,-0.0,-0.0
284684,-0.0,-0.0,-0.0
284709,-0.0,-0.0,-0.0
284734,-0.0,-0.0,-0.0
284758,-0.0,-0.0,-0.0
284782,-0.0,-0.0,-0.0
284807,-0.0,-0.0,-0.0
284832,-0.0,-0.0,-0.0
284861,-0.0,-0.0,-0.0
284885,-0.0,-0.0,-0.0
284909,-0.0,-0.0,-0.0
284935,-0.0,-0.0,-0.0
284959,-0.0,-0.0,-0.0
284983,-0.0,-0.0,-0.0
285008,-0.0,-0.0,-0.0
285032,-0.0,-0.0,-0.0
285057,-0.0,-0.0,-0.0
285081,-0.0,-0.0,-0.0
285110,-0.0,-0.0,-0.0
285135,-0.0,-0.0,-0.0
285159,-0.0,-0.0,-0.0
285185,-0.0,-0.0,-0.0
285209,-0.0,-0.0,-0.0
285233,-0.0,-0.0,-0.0
285258,-0.0,-0.0,-0.0
285282,-0.0,-0.0,-0.0
285307,-0.0,-0.0,-0.0
285331,-0.0,-0.0,-0.0
285356,-0.0,-0.0,-0.0
285385,-0.0,-0.0,-0.0
285409,-0.0,-0.0,-0.0
285434,-0.0,-0.0,-0.0
285459,-0.0,-0.0,-0.0
285483,-0.0,-0.0,-0.0
285508,-0.0,-0.0,-0.0
285532,-0.0,-0.0,-0.0
285557,-0.0,-0.0,-0.0
285582,-0.0,-0.0,-0.0
285606,-0.0,-0.0,-0.0
285634,-0.0,-0.0,-0.0
285659,-0.0,-0.0,-0.0
285684,-0.0,-0.0,-0.0
285708,-0.0,-0.0,-0.0
285733,-0.0,-0.0,-0.0
285757,-0.0,-0.0,-0.0
285782,-0.0,-0.0,-0.0
285806,-0.0,-0.0,-0.0
285831,-0.0,-0.0,-0.0
285856,-0.0,-0.0,-0.0
285884,-0.0,-0.0,-0.0
285909,-0.0,-0.0,-0.0
285933,-0.0,-0.0,-0.0
285959,-0.0,-0.0,-0.0
285983,-0.0,-0.0,-0.0
286007,-0.0,-0.0,-0.0
286032,-0.0,-0.0,-0.0
286056,-0.0,-0.0,-0.0
286081,-0.0,-0.0,-0.0
286105,-0.0,-0.0,-0.0
286134,-0.0,-0.0,-0.0
286159,-0.0,-0.0,-0.0
286183,-0.0,-0.0,-0.0
286208,-0.0,-0.0,-0.0
286232,-0.0,-0.0,-0.0
286257,-0.0,-0.0,-0.0
286282,-0.0,-0.0,-0.0
286306,-0.0,-0.0,-0.0
286331,-0.0,-0.0,-0.0
286355,-0.0,-0.0,-0.0
286384,-0.0,-0.0,-0.0
286409,-0.0,-0.0,-0.0
286433,-0.0,-0.0,-0.0
286458,-0.0,-0.0,-0.0
286482,-0.0,-0.0,-0.0
286507,-0.0,-0.0,-0.0
286531,-0.0,-0.0,-0.0
286557,-0.0,-0.0,-0.0
286581,-0.0,-0.0,-0.0
286605,-0.0,-0.0,-0.0
286630,-0.0,-0.0,-0.0
286658,-0.0,-0.0,-0.0
286683,-0.0,-0.0,-0.0
286708,-0.0,-0.0,-0.0
286732,-0.0,-0.0,-0.0
286757,-0.0,-0.0,-0.0
286781,-0.0,-0.0,-0.0
286806,-0.0,-0.0,-0.0
286830,-0.0,-0.0,-0.0
286855,-0.0,-0.0,-0.0
286880,-0.0,-0.0,-0.0
286909,-0.0,-0.0,-0.0
286933,-0.0,-0.0,-0.0
286958,-0.0,-0.0,-0.0
286982,-0.0,-0.0,-0.0
287007,-0.0,-0.0,-0.0
287031,-0.0,-0.0,-0.0
287056,-0.0,-0.0,-0.0
287080,-0.0,-0.0,-0.0
287105,-0.0,-0.0,-0.0
287129,-0.0,-0.0,-0.0
287158,-0.0,-0.0,-0.0
287183,-0.0,-0.0,-0.0
287207,-0.0,-0.0,-0.0
287232,-0.0,-0.0,-0.0
287257,-0.0,-0.0,-0.0
287281,-0.0,-0.0,-0.0
287306,-0.0,-0.0,-0.0
287330,-0.0,-0.0,-0.0
287355,-0.0,-0.0,-0.0
287380,-0.0,-0.0,-0.0
287408,-0.0,-0.0,-0.0
287432,-0.0,-0.0,-0.0
287457,-0.0,-0.0,-0.0
287482,-0.0,-0.0,-0.0
287506,-0.0,-0.0,-0.0
287531,-0.0,-0.0,-0.0
287556,-0.0,-0.0,-0.0
287580,-0.0,-0.0,-0.0
287605,-0.0,-0.0,-0.0
287629,-0.0,-0.0,-0.0
287658,-0.0,-0.0,-0.0
287682,-0.0,-0.0,-0.0
287707,-0.0,-0.0,-0.0
287731,-0.0,-0.0,-0.0
287756,-0.0,-0.0,-0.0
287781,-0.0,-0.0,-0.0
287805,-0.0,-0.0,-0.0
287830,-0.0,-0.0,-0.0
287854,-0.0,-0.0,-0.0
287879,-0.0,-0.0,-0.0
287903,-0.0,-0.0,-0.0
287932,-0.0,-0.0,-0.0
287957,-0.0,-0.0,-0.0
287981,-0.0,-0.0,-0.0
288006,-0.0,-0.0,-0.0
288031,-0.0,-0.0,-0.0
288055,-0.0,-0.0,-0.0
288080,-0.0,-0.0,-0.0
288105,-0.0,-0.0,-0.0
288129,-0.0,-0.0,-0.0
288154,-0.0,-0.0,-0.0
288182,-0.0,-0.0,-0.0
288207,-0.0,-0.0,-0.0
288231,-0.0,-0.0,-0.0
288257,-0.0,-0.0,-0.0
288280,-0.0,-0.0,-0.0
288305,-0.0,-0.0,-0.0
288330,-0.0,-0.0,-0.0
288354,-0.0,-0.0,-0.0
288379,-0.0,-0.0,-0.0
288404,-0.0,-0.0,-0.0
288432,-0.0,-0.0,-0.0
288456,-0.0,-0.0,-0.0
288481,-0.0,-0.0,-0.0
288506,-0.0,-0.0,-0.0
288530,-0.0,-0.0,-0.0
288555,-0.0,-0.0,-0.0
288579,-0.0,-0.0,-0.0
288604,-0.0,-0.0,-0.0
288629,-0.0,-0.0,-0.0
288653,-0.0,-0.0,-0.0
288682,-0.0,-0.0,-0.0
288706,-0.0,-0.0,-0.0
288731,-0.0,-0.0,-0.0
288755,-0.0,-0.0,-0.0
288781,-0.0,-0.0,-0.0
288805,-0.0,-0.0,-0.0
288829,-0.0,-0.0,-0.0
288854,-0.0,-0.0,-0.0
288879,-0.0,-0.0,-0.0
288903,-0.0,-0.0,-0.0
288931,-0.0,-0.0,-0.0
288956,-0.0,-0.0,-0.0
288981,-0.0,-0.0,-0.0
289006,-0.0,-0.0,-0.0
289030,-0.0,-0.0,-0.0
289054,-0.0,-0.0,-0.0
289079,-0.0,-0.0,-0.0
289104,-0.0,-0.0,-0.0
289129,-0.0,-0.0,-0.0
289153,-0.0,-0.0,-0.0
289177,-0.0,-0.0,-0.0
289206,-0.0,-0.0,-0.0
289230,-0.0,-0.0,-0.0
289256,-0.0,-0.0,-0.0
289280,-0.0,-0.0,-0.0
289304,-0.0,-0.0,-0.0
289329,-0.0,-0.0,-0.0
289354,-0.0,-0.0,-0.0
289378,-0.0,-0.0,-0.0
289403,-0.0,-0.0,-0.0
289427,-0.0,-0.0,-0.0
289456,-0.0,-0.0,-0.0
289480,-0.0,-0.0,-0.0
289505,-0.0,-0.0,-0.0
289530,-0.0,-0.0,-0.0
289554,-0.0,-0.0,-0.0
289579,-0.0,-0.0,-0.0
289604,-0.0,-0.0,-0.0
289629,-0.0,-0.0,-0.0
289653,-0.0,-0.0,-0.0
289677,-0.0,-0.0,-0.0
289706,-0.0,-0.0,-0.0
289730,-0.0,-0.0,-0.0
289755,-0.0,-0.0,-0.0
289779,-0.0,-0.0,-0.0
289805,-0.0,-0.0,-0.0
289828,-0.0,-0.0,-0.0
289853,-0.0,-0.0,-0.0
289879,-0.0,-0.0,-0.0
289903,-0.0,-0.0,-0.0
289927,-0.0,-0.0,-0.0
289956,-0.0,-0.0,-0.0
289980,-0.0,-0.0,-0.0
290004,-0.0,-0.0,-0.0
290029,-0.0,-0.0,-0.0
290054,-0.0,-0.0,-0.0
290080,-0.0,-0.0,-0.0
290103,-0.0,-0.0,-0.0
290127,-0.0,-0.0,-0.0
290152,-0.0,-0.0,-0.0
290177,-0.0,-0.0,-0.0
290205,-0.0,-0.0,-0.0
290230,-0.0,-0.0,-0.0
290254,-0.0,-0.0,-0.0
290279,-0.0,-0.0,-0.0
290304,-0.0,-0.0,-0.0
290328,-0.0,-0.0,-0.0
290353,-0.0,-0.0,-0.0
290377,-0.0,-0.0,-0.0
290402,-0.0,-0.0,-0.0
290426,-0.0,-0.0,-0.0
290451,-0.0,-0.0,-0.0
290480,-0.0,-0.0,-0.0
290504,-0.0,-0.0,-0.0
290529,-0.0,-0.0,-0.0
290553,-0.0,-0.0,-0.0
290578,-0.0,-0.0,-0.0
290603,-0.0,-0.0,-0.0
290627,-0.0,-0.0,-0.0
290652,-0.0,-0.0,-0.0
290676,-0.0,-0.0,-0.0
290701,-0.0,-0.0,-0.0
290730,-0.0,-0.0,-0.0
290755,-0.0,-0.0,-0.0
290779,-0.0,-0.0,-0.0
290804,-0.0,-0.0,-0.0
290829,-0.0,-0.0,-0.0
290852,-0.0,-0.0,-0.0
290877,-0.0,-0.0,-0.0
290902,-0.0,-0.0,-0.0
290926,-0.0,-0.0,-0.0
290951,-0.0,-0.0,-0.0
290979,-0.0,-0.0,-0.0
291004,-0.0,-0.0,-0.0
291029,-0.0,-0.0,-0.0
291053,-0.0,-0.0,-0.0
291078,-0.0,-0.0,-0.0
291103,-0.0,-0.0,-0.0
291135,-0.0,-0.0,-0.0
291164,-0.0,-0.0,-0.0
291197,-0.0,-0.0,-0.0
291229,-0.0,-0.0,-0.0
291258,-0.0,-0.0,-0.0
291291,-0.0,-0.0,-0.0
291320,-0.0,-0.0,-0.0
291345,-0.0,-0.0,-0.0
291373,-0.0,-0.0,-0.0
291397,-0.0,-0.0,-0.0
291422,-0.0,-0.0,-0.0
291447,-0.0,-0.0,-0.0
291471,-0.0,-0.0,-0.0
291496,-0.0,-0.0,-0.0
291521,-0.0,-0.0,-0.0
291545,-0.0,-0.0,-0.0
291570,-0.0,-0.0,-0.0
291594,-0.0,-0.0,-0.0
291622,-0.0,-0.0,-0.0
291647,-0.0,-0.0,-0.0
291672,-0.0,-0.0,-0.0
291696,-0.0,-0.0,-0.0
291721,-0.0,-0.0,-0.0
291746,-0.0,-0.0,-0.0
291770,-0.0,-0.0,-0.0
291795,-0.0,-0.0,-0.0
291819,-0.0,-0.0,-0.0
291844,-0.0,-0.0,-0.0
291877,-0.0,-0.0,-0.0
291909,-0.0,-0.0,-0.0
291939,-0.0,-0.0,-0.0
291962,-0.0,-0.0,-0.0
291991,-0.0,-0.0,-0.0
292015,-0.0,-0.0,-0.0
292040,-0.0,-0.0,-0.0
292065,-0.0,-0.0,-0.0
292090,-0.0,-0.0,-0.0
292114,-0.0,-0.0,-0.0
292139,-0.0,-0.0,-0.0
292163,-0.0,-0.0,-0.0
292188,-0.0,-0.0,-0.0
292213,-0.0,-0.0,-0.0
292237,-0.0,-0.0,-0.0
292265,-0.0,-0.0,-0.0
292290,-0.0,-0.0,-0.0
292315,-0.0,-0.0,-0.0
292339,-0.0,-0.0,-0.0
292364,-0.0,-0.0,-0.0
292389,-0.0,-0.0,-0.0
292413,-0.0,-0.0,-0.0
292438,-0.0,-0.0,-0.0
292462,-0.0,-0.0,-0.0
292487,-0.0,-0.0,-0.0
292515,-0.0,-0.0,-0.0
292540,-0.0,-0.0,-0.0
292564,-0.0,-0.0,-0.0
292589,-0.0,-0.0,-0.0
292614,-0.0,-0.0,-0.0
292639,-0.0,-0.0,-0.0
292663,-0.0,-0.0,-0.0
292687,-0.0,-0.0,-0.0
292712,-0.0,-0.0,-0.0
292737,-0.0,-0.0,-0.0
292765,-0.0,-0.0,-0.0
292790,-0.0,-0.0,-0.0
292814,-0.0,-0.0,-0.0
292839,-0.0,-0.0,-0.0
292864,-0.0,-0.0,-0.0
292888,-0.0,-0.0,-0.0
292913,-0.0,-0.0,-0.0
292937,-0.0,-0.0,-0.0
292962,-0.0,-0.0,-0.0
292987,-0.0,-0.0,-0.0
293015,-0.0,-0.0,-0.0
293040,-0.0,-0.0,-0.0
293064,-0.0,-0.0,-0.0
293089,-0.0,-0.0,-0.0
293113,-0.0,-0.0,-0.0
293138,-0.0,-0.0,-0.0
293162,-0.0,-0.0,-0.0
293187,-0.0,-0.0,-0.0
293212,-0.0,-0.0,-0.0
293237,-0.0,-0.0,-0.0
293265,-0.0,-0.0,-0.0
293290,-0.0,-0.0,-0.0
293314,-0.0,-0.0,-0.0
293339,-0.0,-0.0,-0.0
293363,-0.0,-0.0,-0.0
293388,-0.0,-0.0,-0.0
293413,-0.0,-0.0,-0.0
293437,-0.0,-0.0,-0.0
293462,-0.0,-0.0,-0.0
293487,-0.0,-0.0,-0.0
293515,-0.0,-0.0,-0.0
293540,-0.0,-0.0,-0.0
293564,-0.0,-0.0,-0.0
293589,-0.0,-0.0,-0.0
293613,-0.0,-0.0,-0.0
293638,-0.0,-0.0,-0.0
293662,-0.0,-0.0,-0.0
293687,-0.0,-0.0,-0.0
293712,-0.0,-0.0,-0.0
293736,-0.0,-0.0,-0.0
293760,-0.0,-0.0,-0.0
293789,-0.0,-0.0,-0.0
293814,-0.0,-0.0,-0.0
293839,-0.0,-0.0,-0.0
293863,-0.0,-0.0,-0.0
293887,-0.0,-0.0,-0.0
293912,-0.0,-0.0,-0.0
293937,-0.0,-0.0,-0.0
293961,-0.0,-0.0,-0.0
293986,-0.0,-0.0,-0.0
294011,-0.0,-0.0,-0.0
294039,-0.0,-0.0,-0.0
294064,-0.0,-0.0,-0.0
294088,-0.0,-0.0,-0.0
294113,-0.0,-0.0,-0.0
294138,-0.0,-0.0,-0.0
294162,-0.0,-0.0,-0.0
294187,-0.0,-0.0,-0.0
294212,-0.0,-0.0,-0.0
294236,-0.0,-0.0,-0.0
294260,-0.0,-0.0,-0.0
294289,-0.0,-0.0,-0.0
294314,-0.0,-0.0,-0.0
294338,-0.0,-0.0,-0.0
294363,-0.0,-0.0,-0.0
294387,-0.0,-0.0,-0.0
294412,-0.0,-0.0,-0.0
294436,-0.0,-0.0,-0.0
294461,-0.0,-0.0,-0.0
294485,-0.0,-0.0,-0.0
294510,-0.0,-0.0,-0.0
294538,-0.0,-0.0,-0.0
294563,-0.0,-0.0,-0.0
294588,-0.0,-0.0,-0.0
294613,-0.0,-0.0,-0.0
294638,-0.0,-0.0,-0.0
294662,-0.0,-0.0,-0.0
294686,-0.0,-0.0,-0.0
294711,-0.0,-0.0,-0.0
294736,-0.0,-0.0,-0.0
294760,-0.0,-0.0,-0.0
294789,-0.0,-0.0,-0.0
294813,-0.0,-0.0,-0.0
294838,-0.0,-0.0,-0.0
294862,-0.0,-0.0,-0.0
294887,-0.0,-0.0,-0.0
294912,-0.0,-0.0,-0.0
294936,-0.0,-0.0,-0.0
294961,-0.0,-0.0,-0.0
294985,-0.0,-0.0,-0.0
295010,-0.0,-0.0,-0.0
295034,-0.0,-0.0,-0.0
295063,-0.0,-0.0,-0.0
295088,-0.0,-0.0,-0.0
295112,-0.0,-0.0,-0.0
295137,-0.0,-0.0,-0.0
295162,-0.0,-0.0,-0.0
295186,-0.0,-0.0,-0.0
295210,-0.0,-0.0,-0.0
295235,-0.0,-0.0,-0.0
295259,-0.0,-0.0,-0.0
295284,-0.0,-0.0,-0.0
295313,-0.0,-0.0,-0.0
295338,-0.0,-0.0,-0.0
295362,-0.0,-0.0,-0.0
295386,-0.0,-0.0,-0.0
295412,-0.0,-0.0,-0.0
295436,-0.0,-0.0,-0.0
295461,-0.0,-0.0,-0.0
295485,-0.0,-0.0,-0.0
295510,-0.0,-0.0,-0.0
295534,-0.0,-0.0,-0.0
295563,-0.0,-0.0,-0.0
295587,-0.0,-0.0,-0.0
295612,-0.0,-0.0,-0.0
295637,-0.0,-0.0,-0.0
295661,-0.0,-0.0,-0.0
295686,-0.0,-0.0,-0.0
295710,-0.0,-0.0,-0.0
295736,-0.0,-0.0,-0.0
295760,-0.0,-0.0,-0.0
295784,-0.0,-0.0,-0.0
295812,-0.0,-0.0,-0.0
295837,-0.0,-0.0,-0.0
295862,-0.0,-0.0,-0.0
295887,-0.0,-0.0,-0.0
295911,-0.0,-0.0,-0.0
295936,-0.0,-0.0,-0.0
295960,-0.0,-0.0,-0.0
295985,-0.0,-0.0,-0.0
296010,-0.0,-0.0,-0.0
296034,-0.0,-0.0,-0.0
296062,-0.0,-0.0,-0.0
296087,-0.0,-0.0,-0.0
296111,-0.0,-0.0,-0.0
296136,-0.0,-0.0,-0.0
296161,-0.0,-0.0,-0.0
296185,-0.0,-0.0,-0.0
296210,-0.0,-0.0,-0.0
296235,-0.0,-0.0,-0.0
296259,-0.0,-0.0,-0.0
296283,-0.0,-0.0,-0.0
296309,-0.0,-0.0,-0.0
296337,-0.0,-0.0,-0.0
296361,-0.0,-0.0,-0.0
296386,-0.0,-0.0,-0.0
296410,-0.0,-0.0,-0.0
296435,-0.0,-0.0,-0.0
296460,-0.0,-0.0,-0.0
296485,-0.0,-0.0,-0.0
296509,-0.0,-0.0,-0.0
296533,-0.0,-0.0,-0.0
296558,-0.0,-0.0,-0.0
296587,-0.0,-0.0,-0.0
296611,-0.0,-0.0,-0.0
296636,-0.0,-0.0,-0.0
296661,-0.0,-0.0,-0.0
296685,-0.0,-0.0,-0.0
296709,-0.0,-0.0,-0.0
296734,-0.0,-0.0,-0.0
296758,-0.0,-0.0,-0.0
296783,-0.0,-0.0,-0.0
296808,-0.0,-0.0,-0.0
296837,-0.0,-0.0,-0.0
296861,-0.0,-0.0,-0.0
296885,-0.0,-0.0,-0.0
296910,-0.0,-0.0,-0.0
296935,-0.0,-0.0,-0.0
296959,-0.0,-0.0,-0.0
296984,-0.0,-0.0,-0.0
297009,-0.0,-0.0,-0.0
297033,-0.0,-0.0,-0.0
297058,-0.0,-0.0,-0.0
297086,-0.0,-0.0,-0.0
297111,-0.0,-0.0,-0.0
297136,-0.0,-0.0,-0.0
297160,-0.0,-0.0,-0.0
297185,-0.0,-0.0,-0.0
297210,-0.0,-0.0,-0.0
297234,-0.0,-0.0,-0.0
297259,-0.0,-0.0,-0.0
297283,-0.0,-0.0,-0.0
297308,-0.0,-0.0,-0.0
297336,-0.0,-0.0,-0.0
297361,-0.0,-0.0,-0.0
297386,-0.0,-0.0,-0.0
297410,-0.0,-0.0,-0.0
297435,-0.0,-0.0,-0.0
297460,-0.0,-0.0,-0.0
297484,-0.0,-0.0,-0.0
297509,-0.0,-0.0,-0.0
297533,-0.0,-0.0,-0.0
297558,-0.0,-0.0,-0.0
297582,-0.0,-0.0,-0.0
297611,-0.0,-0.0,-0.0
297635,-0.0,-0.0,-0.0
297660,-0.0,-0.0,-0.0
297685,-0.0,-0.0,-0.0
297709,-0.0,-0.0,-0.0
297734,-0.0,-0.0,-0.0
297758,-0.0,-0.0,-0.0
297783,-0.0,-0.0,-0.0
297807,-0.0,-0.0,-0.0
297832,-0.0,-0.0,-0.0
297861,-0.0,-0.0,-0.0
297885,-0.0,-0.0,-0.0
297910,-0.0,-0.0,-0.0
297934,-0.0,-0.0,-0.0
297959,-0.0,-0.0,-0.0
297984,-0.0,-0.0,-0.0
298008,-0.0,-0.0,-0.0
298034,-0.0,-0.0,-0.0
298057,-0.0,-0.0,-0.0
298082,-0.0,-0.0,-0.0
298111,-0.0,-0.0,-0.0
298135,-0.0,-0.0,-0.0
298159,-0.0,-0.0,-0.0
298184,-0.0,-0.0,-0.0
298209,-0.0,-0.0,-0.0
298233,-0.0,-0.0,-0.0
298258,-0.0,-0.0,-0.0
298282,-0.0,-0.0,-0.0
298307,-0.0,-0.0,-0.0
298331,-0.0,-0.0,-0.0
298360,-0.0,-0.0,-0.0
298385,-0.0,-0.0,-0.0
298409,-0.0,-0.0,-0.0
298434,-0.0,-0.0,-0.0
298458,-0.0,-0.0,-0.0
298483,-0.0,-0.0,-0.0
298508,-0.0,-0.0,-0.0
298532,-0.0,-0.0,-0.0
298557,-0.0,-0.0,-0.0
298581,-0.0,-0.0,-0.0
298610,-0.0,-0.0,-0.0
298635,-0.0,-0.0,-0.0
298659,-0.0,-0.0,-0.0
298684,-0.0,-0.0,-0.0
298709,-0.0,-0.0,-0.0
298733,-0.0,-0.0,-0.0
298758,-0.0,-0.0,-0.0
298782,-0.0,-0.0,-0.0
298807,-0.0,-0.0,-0.0
298831,-0.0,-0.0,-0.0
298856,-0.0,-0.0,-0.0
298885,-0.0,-0.0,-0.0
298909,-0.0,-0.0,-0.0
298933,-0.0,-0.0,-0.0
298958,-0.0,-0.0,-0.0
298983,-0.0,-0.0,-0.0
299007,-0.0,-0.0,-0.0
299032,-0.0,-0.0,-0.0
299056,-0.0,-0.0,-0.0
299081,-0.0,-0.0,-0.0
299106,-0.0,-0.0,-0.0
299134,-0.0,-0.0,-0.0
299159,-0.0,-0.0,-0.0
299183,-0.0,-0.0,-0.0
299208,-0.0,-0.0,-0.0
299233,-0.0,-0.0,-0.0
299257,-0.0,-0.0,-0.0
299282,-0.0,-0.0,-0.0
299306,-0.0,-0.0,-0.0
299331,-0.0,-0.0,-0.0
299356,-0.0,-0.0,-0.0
299384,-0.0,-0.0,-0.0
299409,-0.0,-0.0,-0.0
299433,-0.0,-0.0,-0.0
299458,-0.0,-0.0,-0.0
299482,-0.0,-0.0,-0.0
299507,-0.0,-0.0,-0.0
299531,-0.0,-0.0,-0.0
299556,-0.0,-0.0,-0.0
299581,-0.0,-0.0,-0.0
299605,-0.0,-0.0,-0.0
299634,-0.0,-0.0,-0.0
299658,-0.0,-0.0,-0.0
299683,-0.0,-0.0,-0.0
299708,-0.0,-0.0,-0.0
299732,-0.0,-0.0,-0.0
299757,-0.0,-0.0,-0.0
299781,-0.0,-0.0,-0.0
299806,-0.0,-0.0,-0.0
299830,-0.0,-0.0,-0.0
299855,-0.0,-0.0,-0.0
299884,-0.0,-0.0,-0.0
299908,-0.0,-0.0,-0.0
299933,-0.0,-0.0,-0.0
299958,-0.0,-0.0,-0.0
299982,-0.0,-0.0,-0.0
300006,-0.0,-0.0,-0.0
300031,-0.0,-0.0,-0.0
300056,-0.0,-0.0,-0.0
300080,-0.0,-0.0,-0.0
300105,-0.0,-0.0,-0.0
300130,-0.0,-0.0,-0.0
300158,-0.0,-0.0,-0.0
300183,-0.0,-0.0,-0.0
300208,-0.0,-0.0,-0.0
300232,-0.0,-0.0,-0.0
300257,-0.0,-0.0,-0.0
300281,-0.0,-0.0,-0.0
300306,-0.0,-0.0,-0.0
300330,-0.0,-0.0,-0.0
300355,-0.0,-0.0,-0.0
300379,-0.0,-0.0,-0.0
300408,-0.0,-0.0,-0.0
300433,-0.0,-0.0,-0.0
300457,-0.0,-0.0,-0.0
300482,-0.0,-0.0,-0.0
300506,-0.0,-0.0,-0.0
300531,-0.0,-0.0,-0.0
300555,-0.0,-0.0,-0.0
300580,-0.0,-0.0,-0.0
300605,-0.0,-0.0,-0.0
300629,-0.0,-0.0,-0.0
300658,-0.0,-0.0,-0.0
300682,-0.0,-0.0,-0.0
300707,-0.0,-0.0,-0.0
300731,-0.0,-0.0,-0.0
300756,-0.0,-0.0,-0.0
300781,-0.0,-0.0,-0.0
300805,-0.0,-0.0,-0.0
300830,-0.0,-0.0,-0.0
300854,-0.0,-0.0,-0.0
300879,-0.0,-0.0,-0.0
300907,-0.0,-0.0,-0.0
300932,-0.0,-0.0,-0.0
300957,-0.0,-0.0,-0.0
300981,-0.0,-0.0,-0.0
301006,-0.0,-0.0,-0.0
301031,-0.0,-0.0,-0.0
301055,-0.0,-0.0,-0.0
301080,-0.0,-0.0,-0.0
301105,-0.0,-0.0,-0.0
301129,-0.0,-0.0,-0.0
301157,-0.0,-0.0,-0.0
301182,-0.0,-0.0,-0.0
301206,-0.0,-0.0,-0.0
301231,-0.0,-0.0,-0.0
301256,-0.0,-0.0,-0.0
301280,-0.0,-0.0,-0.0
301305,-0.0,-0.0,-0.0
301330,-0.0,-0.0,-0.0
301354,-0.0,-0.0,-0.0
301379,-0.0,-0.0,-0.0
301404,-0.0,-0.0,-0.0
301432,-0.0,-0.0,-0.0
301457,-0.0,-0.0,-0.0
301481,-0.0,-0.0,-0.0
301506,-0.0,-0.0,-0.0
301530,-0.0,-0.0,-0.0
301555,-0.0,-0.0,-0.0
301579,-0.0,-0.0,-0.0
301604,-0.0,-0.0,-0.0
301629,-0.0,-0.0,-0.0
301653,-0.0,-0.0,-0.0
301682,-0.0,-0.0,-0.0
301707,-0.0,-0.0,-0.0
301731,-0.0,-0.0,-0.0
301756,-0.0,-0.0,-0.0
301780,-0.0,-0.0,-0.0
301805,-0.0,-0.0,-0.0
301830,-0.0,-0.0,-0.0
301854,-0.0,-0.0,-0.0
301879,-0.0,-0.0,-0.0
301903,-0.0,-0.0,-0.0
301931,-0.0,-0.0,-0.0
301956,-0.0,-0.0,-0.0
301981,-0.0,-0.0,-0.0
302005,-0.0,-0.0,-0.0
302030,-0.0,-0.0,-0.0
302054,-0.0,-0.0,-0.0
302079,-0.0,-0.0,-0.0
302103,-0.0,-0.0,-0.0
302129,-0.0,-0.0,-0.0
302153,-0.0,-0.0,-0.0
302181,-0.0,-0.0,-0.0
302206,-0.0,-0.0,-0.0
302230,-0.0,-0.0,-0.0
302255,-0.0,-0.0,-0.0
302284,-0.0,-0.0,-0.0
302317,-0.0,-0.0,-0.0
302350,-0.0,-0.0,-0.0
302378,-0.0,-0.0,-0.0
302412,-0.0,-0.0,-0.0
302444,-0.0,-0.0,-0.0
302472,-0.0,-0.0,-0.0
302505,-0.0,-0.0,-0.0
302534,-0.0,-0.0,-0.0
302562,-0.0,-0.0,-0.0
302587,-0.0,-0.0,-0.0
302611,-0.0,-0.0,-0.0
302636,-0.0,-0.0,-0.0
302661,-0.0,-0.0,-0.0
302686,-0.0,-0.0,-0.0
302710,-0.0,-0.0,-0.0
302735,-0.0,-0.0,-0.0
302759,-0.0,-0.0,-0.0
302784,-0.0,-0.0,-0.0
302812,-0.0,-0.0,-0.0
302837,-0.0,-0.0,-0.0
302861,-0.0,-0.0,-0.0
302886,-0.0,-0.0,-0.0
302911,-0.0,-0.0,-0.0
302935,-0.0,-0.0,-0.0
302960,-0.0,-0.0,-0.0
302984,-0.0,-0.0,-0.0
303009,-0.0,-0.0,-0.0
303034,-0.0,-0.0,-0.0
303058,-0.0,-0.0,-0.0
303086,-0.0,-0.0,-0.0
303111,-0.0,-0.0,-0.0
303136,-0.0,-0.0,-0.0
303160,-0.0,-0.0,-0.0
303185,-0.0,-0.0,-0.0
303209,-0.0,-0.0,-0.0
303234,-0.0,-0.0,-0.0
303259,-0.0,-0.0,-0.0
303283,-0.0,-0.0,-0.0
303308,-0.0,-0.0,-0.0
303337,-0.0,-0.0,-0.0
303361,-0.0,-0.0,-0.0
303386,-0.0,-0.0,-0.0
303410,-0.0,-0.0,-0.0
303435,-0.0,-0.0,-0.0
303459,-0.0,-0.0,-0.0
303484,-0.0,-0.0,-0.0
303509,-0.0,-0.0,-0.0
303533,-0.0,-0.0,-0.0
303558,-0.0,-0.0,-0.0
303587,-0.0,-0.0,-0.0
303611,-0.0,-0.0,-0.0
303636,-0.0,-0.0,-0.0
303661,-0.0,-0.0,-0.0
303685,-0.0,-0.0,-0.0
303709,-0.0,-0.0,-0.0
303734,-0.0,-0.0,-0.0
303759,-0.0,-0.0,-0.0
303784,-0.0,-0.0,-0.0
303807,-0.0,-0.0,-0.0
303836,-0.0,-0.0,-0.0
303861,-0.0,-0.0,-0.0
303886,-0.0,-0.0,-0.0
303910,-0.0,-0.0,-0.0
303935,-0.0,-0.0,-0.0
303959,-0.0,-0.0,-0.0
303984,-0.0,-0.0,-0.0
304008,-0.0,-0.0,-0.0
304041,-0.0,-0.0,-0.0
304070,-0.0,-0.0,-0.0
304103,-0.0,-0.0,-0.0
304135,-0.0,-0.0,-0.0
304164,-0.0,-0.0,-0.0
304197,-0.0,-0.0,-0.0
304230,-0.0,-0.0,-0.0
304259,-0.0,-0.0,-0.0
304291,-0.0,-0.0,-0.0
304316,-0.0,-0.0,-0.0
304340,-0.0,-0.0,-0.0
304364,-0.0,-0.0,-0.0
304389,-0.0,-0.0,-0.0
304414,-0.0,-0.0,-0.0
304439,-0.0,-0.0,-0.0
304463,-0.0,-0.0,-0.0
304491,-0.0,-0.0,-0.0
304516,-0.0,-0.0,-0.0
304541,-0.0,-0.0,-0.0
304565,-0.0,-0.0,-0.0
304590,-0.0,-0.0,-0.0
304614,-0.0,-0.0,-0.0
304639,-0.0,-0.0,-0.0
304664,-0.0,-0.0,-0.0
304688,-0.0,-0.0,-0.0
304713,-0.0,-0.0,-0.0
304741,-0.0,-0.0,-0.0
304766,-0.0,-0.0,-0.0
304791,-0.0,-0.0,-0.0
304815,-0.0,-0.0,-0.0
304840,-0.0,-0.0,-0.0
304864,-0.0,-0.0,-0.0
304889,-0.0,-0.0,-0.0
304914,-0.0,-0.0,-0.0
304938,-0.0,-0.0,-0.0
304962,-0.0,-0.0,-0.0
304991,-0.0,-0.0,-0.0
305016,-0.0,-0.0,-0.0
305040,-0.0,-0.0,-0.0
305065,-0.0,-0.0,-0.0
305089,-0.0,-0.0,-0.0
305114,-0.0,-0.0,-0.0
305139,-0.0,-0.0,-0.0
305163,-0.0,-0.0,-0.0
305188,-0.0,-0.0,-0.0
305213,-0.0,-0.0,-0.0
305241,-0.0,-0.0,-0.0
305265,-0.0,-0.0,-0.0
305290,-0.0,-0.0,-0.0
305315,-0.0,-0.0,-0.0
305339,-0.0,-0.0,-0.0
305364,-0.0,-0.0,-0.0
305389,-0.0,-0.0,-0.0
305413,-0.0,-0.0,-0.0
305438,-0.0,-0.0,-0.0
305462,-0.0,-0.0,-0.0
305491,-0.0,-0.0,-0.0
305515,-0.0,-0.0,-0.0
305540,-0.0,-0.0,-0.0
305564,-0.0,-0.0,-0.0
305589,-0.0,-0.0,-0.0
305614,-0.0,-0.0,-0.0
305638,-0.0,-0.0,-0.0
305663,-0.0,-0.0,-0.0
305687,-0.0,-0.0,-0.0
305712,-0.0,-0.0,-0.0
305740,-0.0,-0.0,-0.0
305765,-0.0,-0.0,-0.0
305790,-0.0,-0.0,-0.0
305814,-0.0,-0.0,-0.0
305839,-0.0,-0.0,-0.0
305864,-0.0,-0.0,-0.0
305888,-0.0,-0.0,-0.0
305913,-0.0,-0.0,-0.0
305938,-0.0,-0.0,-0.0
305962,-0.0,-0.0,-0.0
305987,-0.0,-0.0,-0.0
306015,-0.0,-0.0,-0.0
306039,-0.0,-0.0,-0.0
306064,-0.0,-0.0,-0.0
306090,-0.0,-0.0,-0.0
306114,-0.0,-0.0,-0.0
306138,-0.0,-0.0,-0.0
306163,-0.0,-0.0,-0.0
306187,-0.0,-0.0,-0.0
306212,-0.0,-0.0,-0.0
306237,-0.0,-0.0,-0.0
306265,-0.0,-0.0,-0.0
306290,-0.0,-0.0,-0.0
306314,-0.0,-0.0,-0.0
306339,-0.0,-0.0,-0.0
306363,-0.0,-0.0,-0.0
306388,-0.0,-0.0,-0.0
306412,-0.0,-0.0,-0.0
306437,-0.0,-0.0,-0.0
306462,-0.0,-0.0,-0.0
306486,-0.0,-0.0,-0.0
306515,-0.0,-0.0,-0.0
306540,-0.0,-0.0,-0.0
306564,-0.0,-0.0,-0.0
306589,-0.0,-0.0,-0.0
306613,-0.0,-0.0,-0.0
306638,-0.0,-0.0,-0.0
306662,-0.0,-0.0,-0.0
306687,-0.0,-0.0,-0.0
306712,-0.0,-0.0,-0.0
306736,-0.0,-0.0,-0.0
306764,-0.0,-0.0,-0.0
306789,-0.0,-0.0,-0.0
306814,-0.0,-0.0,-0.0
306838,-0.0,-0.0,-0.0
306863,-0.0,-0.0,-0.0
306888,-0.0,-0.0,-0.0
306912,-0.0,-0.0,-0.0
306937,-0.0,-0.0,-0.0
306961,-0.0,-0.0,-0.0
306986,-0.0,-0.0,-0.0
307014,-0.0,-0.0,-0.0
307039,-0.0,-0.0,-0.0
307063,-0.0,-0.0,-0.0
307088,-0.0,-0.0,-0.0
307113,-0.0,-0.0,-0.0
307138,-0.0,-0.0,-0.0
307162,-0.0,-0.0,-0.0
307187,-0.0,-0.0,-0.0
307211,-0.0,-0.0,-0.0
307236,-0.0,-0.0,-0.0
307260,-0.0,-0.0,-0.0
307289,-0.0,-0.0,-0.0
307313,-0.0,-0.0,-0.0
307338,-0.0,-0.0,-0.0
307363,-0.0,-0.0,-0.0
307387,-0.0,-0.0,-0.0
307412,-0.0,-0.0,-0.0
307436,-0.0,-0.0,-0.0
307461,-0.0,-0.0,-0.0
307486,-0.0,-0.0,-0.0
307511,-0.0,-0.0,-0.0
307539,-0.0,-0.0,-0.0
307563,-0.0,-0.0,-0.0
307588,-0.0,-0.0,-0.0
307613,-0.0,-0.0,-0.0
307637,-0.0,-0.0,-0.0
307662,-0.0,-0.0,-0.0
307687,-0.0,-0.0,-0.0
307711,-0.0,-0.0,-0.0
307736,-0.0,-0.0,-0.0
307760,-0.0,-0.0,-0.0
307788,-0.0,-0.0,-0.0
307813,-0.0,-0.0,-0.0
307838,-0.0,-0.0,-0.0
307862,-0.0,-0.0,-0.0
307887,-0.0,-0.0,-0.0
307912,-0.0,-0.0,-0.0
307936,-0.0,-0.0,-0.0
307961,-0.0,-0.0,-0.0
307985,-0.0,-0.0,-0.0
308010,-0.0,-0.0,-0.0
308038,-0.0,-0.0,-0.0
308063,-0.0,-0.0,-0.0
308088,-0.0,-0.0,-0.0
308112,-0.0,-0.0,-0.0
308137,-0.0,-0.0,-0.0
308162,-0.0,-0.0,-0.0
308186,-0.0,-0.0,-0.0
308211,-0.0,-0.0,-0.0
308235,-0.0,-0.0,-0.0
308260,-0.0,-0.0,-0.0
308288,-0.0,-0.0,-0.0
308313,-0.0,-0.0,-0.0
308338,-0.0,-0.0,-0.0
308362,-0.0,-0.0,-0.0
308387,-0.0,-0.0,-0.0
308411,-0.0,-0.0,-0.0
308436,-0.0,-0.0,-0.0
308460,-0.0,-0.0,-0.0
308485,-0.0,-0.0,-0.0
308510,-0.0,-0.0,-0.0
308534,-0.0,-0.0,-0.0
308563,-0.0,-0.0,-0.0
308587,-0.0,-0.0,-0.0
308612,-0.0,-0.0,-0.0
308637,-0.0,-0.0,-0.0
308661,-0.0,-0.0,-0.0
308686,-0.0,-0.0,-0.0
308710,-0.0,-0.0,-0.0
308735,-0.0,-0.0,-0.0
308759,-0.0,-0.0,-0.0
308784,-0.0,-0.0,-0.0
308813,-0.0,-0.0,-0.0
308837,-0.0,-0.0,-0.0
308862,-0.0,-0.0,-0.0
308887,-0.0,-0.0,-0.0
308911,-0.0,-0.0,-0.0
308935,-0.0,-0.0,-0.0
308960,-0.0,-0.0,-0.0
308985,-0.0,-0.0,-0.0
309010,-0.0,-0.0,-0.0
309034,-0.0,-0.0,-0.0
309062,-0.0,-0.0,-0.0
309087,-0.0,-0.0,-0.0
309112,-0.0,-0.0,-0.0
309137,-0.0,-0.0,-0.0
309161,-0.0,-0.0,-0.0
309186,-0.0,-0.0,-0.0
309210,-0.0,-0.0,-0.0
309234,-0.0,-0.0,-0.0
309259,-0.0,-0.0,-0.0
309284,-0.0,-0.0,-0.0
309312,-0.0,-0.0,-0.0
309337,-0.0,-0.0,-0.0
309361,-0.0,-0.0,-0.0
309386,-0.0,-0.0,-0.0
309411,-0.0,-0.0,-0.0
309435,-0.0,-0.0,-0.0
309460,-0.0,-0.0,-0.0
309485,-0.0,-0.0,-0.0
309509,-0.0,-0.0,-0.0
309533,-0.0,-0.0,-0.0
309562,-0.0,-0.0,-0.0
309587,-0.0,-0.0,-0.0
309611,-0.0,-0.0,-0.0
309636,-0.0,-0.0,-0.0
309661,-0.0,-0.0,-0.0
309685,-0.0,-0.0,-0.0
309710,-0.0,-0.0,-0.0
309735,-0.0,-0.0,-0.0
309759,-0.0,-0.0,-0.0
309783,-0.0,-0.0,-0.0
309808,-0.0,-0.0,-0.0
309837,-0.0,-0.0,-0.0
309861,-0.0,-0.0,-0.0
309886,-0.0,-0.0,-0.0
309911,-0.0,-0.0,-0.0
309935,-0.0,-0.0,-0.0
309959,-0.0,-0.0,-0.0
309984,-0.0,-0.0,-0.0
310008,-0.0,-0.0,-0.0
310033,-0.0,-0.0,-0.0
310058,-0.0,-0.0,-0.0
310086,-0.0,-0.0,-0.0
310111,-0.0,-0.0,-0.0
310136,-0.0,-0.0,-0.0
310160,-0.0,-0.0,-0.0
310185,-0.0,-0.0,-0.0
310209,-0.0,-0.0,-0.0
310234,-0.0,-0.0,-0.0
310259,-0.0,-0.0,-0.0
310283,-0.0,-0.0,-0.0
310307,-0.0,-0.0,-0.0
310336,-0.0,-0.0,-0.0
310361,-0.0,-0.0,-0.0
310386,-0.0,-0.0,-0.0
310410,-0.0,-0.0,-0.0
310434,-0.0,-0.0,-0.0
310459,-0.0,-0.0,-0.0
310484,-0.0,-0.0,-0.0
310509,-0.0,-0.0,-0.0
310533,-0.0,-0.0,-0.0
310557,-0.0,-0.0,-0.0
310586,-0.0,-0.0,-0.0
310611,-0.0,-0.0,-0.0
310635,-0.0,-0.0,-0.0
310660,-0.0,-0.0,-0.0
310685,-0.0,-0.0,-0.0
310709,-0.0,-0.0,-0.0
310734,-0.0,-0.0,-0.0
310758,-0.0,-0.0,-0.0
310783,-0.0,-0.0,-0.0
310807,-0.0,-0.0,-0.0
310836,-0.0,-0.0,-0.0
310860,-0.0,-0.0,-0.0
310885,-0.0,-0.0,-0.0
310909,-0.0,-0.0,-0.0
310934,-0.0,-0.0,-0.0
310959,-0.0,-0.0,-0.0
310983,-0.0,-0.0,-0.0
311008,-0.0,-0.0,-0.0
311032,-0.0,-0.0,-0.0
311057,-0.0,-0.0,-0.0
311082,-0.0,-0.0,-0.0
311110,-0.0,-0.0,-0.0
311135,-0.0,-0.0,-0.0
311159,-0.0,-0.0,-0.0
311184,-0.0,-0.0,-0.0
311208,-0.0,-0.0,-0.0
311233,-0.0,-0.0,-0.0
311258,-0.0,-0.0,-0.0
311282,-0.0,-0.0,-0.0
311307,-0.0,-0.0,-0.0
311332,-0.0,-0.0,-0.0
311361,-0.0,-0.0,-0.0
311385,-0.0,-0.0,-0.0
311409,-0.0,-0.0,-0.0
311434,-0.0,-0.0,-0.0
311459,-0.0,-0.0,-0.0
311483,-0.0,-0.0,-0.0
311508,-0.0,-0.0,-0.0
311532,-0.0,-0.0,-0.0
311557,-0.0,-0.0,-0.0
311581,-0.0,-0.0,-0.0
311610,-0.0,-0.0,-0.0
311635,-0.0,-0.0,-0.0
311659,-0.0,-0.0,-0.0
311684,-0.0,-0.0,-0.0
311708,-0.0,-0.0,-0.0
311733,-0.0,-0.0,-0.0
311758,-0.0,-0.0,-0.0
311782,-0.0,-0.0,-0.0
311807,-0.0,-0.0,-0.0
311831,-0.0,-0.0,-0.0
311860,-0.0,-0.0,-0.0
311885,-0.0,-0.0,-0.0
311909,-0.0,-0.0,-0.0
311934,-0.0,-0.0,-0.0
311958,-0.0,-0.0,-0.0
311983,-0.0,-0.0,-0.0
312007,-0.0,-0.0,-0.0
312032,-0.0,-0.0,-0.0
312057,-0.0,-0.0,-0.0
312081,-0.0,-0.0,-0.0
312110,-0.0,-0.0,-0.0
312134,-0.0,-0.0,-0.0
312159,-0.0,-0.0,-0.0
312184,-0.0,-0.0,-0.0
312208,-0.0,-0.0,-0.0
312232,-0.0,-0.0,-0.0
312257,-0.0,-0.0,-0.0
312282,-0.0,-0.0,-0.0
312306,-0.0,-0.0,-0.0
312331,-0.0,-0.0,-0.0
312356,-0.0,-0.0,-0.0
312384,-0.0,-0.0,-0.0
312409,-0.0,-0.0,-0.0
312433,-0.0,-0.0,-0.0
312458,-0.0,-0.0,-0.0
312483,-0.0,-0.0,-0.0
312507,-0.0,-0.0,-0.0
312531,-0.0,-0.0,-0.0
312556,-0.0,-0.0,-0.0
312581,-0.0,-0.0,-0.0
312606,-0.0,-0.0,-0.0
312634,-0.0,-0.0,-0.0
312659,-0.0,-0.0,-0.0
312683,-0.0,-0.0,-0.0
312708,-0.0,-0.0,-0.0
312733,-0.0,-0.0,-0.0
312757,-0.0,-0.0,-0.0
312781,-0.0,-0.0,-0.0
312806,-0.0,-0.0,-0.0
312830,-0.0,-0.0,-0.0
312855,-0.0,-0.0,-0.0
312884,-0.0,-0.0,-0.0
312908,-0.0,-0.0,-0.0
312933,-0.0,-0.0,-0.0
312957,-0.0,-0.0,-0.0
312982,-0.0,-0.0,-0.0
313007,-0.0,-0.0,-0.0
313031,-0.0,-0.0,-0.0
313056,-0.0,-0.0,-0.0
313080,-0.0,-0.0,-0.0
313105,-0.0,-0.0,-0.0
313134,-0.0,-0.0,-0.0
313158,-0.0,-0.0,-0.0
313183,-0.0,-0.0,-0.0
313208,-0.0,-0.0,-0.0
313232,-0.0,-0.0,-0.0
313257,-0.0,-0.0,-0.0
313281,-0.0,-0.0,-0.0
313306,-0.0,-0.0,-0.0
313330,-0.0,-0.0,-0.0
313355,-0.0,-0.0,-0.0
313384,-0.0,-0.0,-0.0
313408,-0.0,-0.0,-0.0
313432,-0.0,-0.0,-0.0
313457,-0.0,-0.0,-0.0
313482,-0.0,-0.0,-0.0
313507,-0.0,-0.0,-0.0
313531,-0.0,-0.0,-0.0
313556,-0.0,-0.0,-0.0
313580,-0.0,-0.0,-0.0
313605,-0.0,-0.0,-0.0
313629,-0.0,-0.0,-0.0
313658,-0.0,-0.0,-0.0
313683,-0.0,-0.0,-0.0
313707,-0.0,-0.0,-0.0
313731,-0.0,-0.0,-0.0
313757,-0.0,-0.0,-0.0
313781,-0.0,-0.0,-0.0
313805,-0.0,-0.0,-0.0
313830,-0.0,-0.0,-0.0
313855,-0.0,-0.0,-0.0
313879,-0.0,-0.0,-0.0
313908,-0.0,-0.0,-0.0
313932,-0.0,-0.0,-0.0
313957,-0.0,-0.0,-0.0
313981,-0.0,-0.0,-0.0
314006,-0.0,-0.0,-0.0
314030,-0.0,-0.0,-0.0
314055,-0.0,-0.0,-0.0
314080,-0.0,-0.0,-0.0
314104,-0.0,-0.0,-0.0
314129,-0.0,-0.0,-0.0
314157,-0.0,-0.0,-0.0
314182,-0.0,-0.0,-0.0
314207,-0.0,-0.0,-0.0
314231,-0.0,-0.0,-0.0
314256,-0.0,-0.0,-0.0
314280,-0.0,-0.0,-0.0
314305,-0.0,-0.0,-0.0
314330,-0.0,-0.0,-0.0
314355,-0.0,-0.0,-0.0
314379,-0.0,-0.0,-0.0
314408,-0.0,-0.0,-0.0
314432,-0.0,-0.0,-0.0
314456,-0.0,-0.0,-0.0
314481,-0.0,-0.0,-0.0
314506,-0.0,-0.0,-0.0
314530,-0.0,-0.0,-0.0
314555,-0.0,-0.0,-0.0
314580,-0.0,-0.0,-0.0
314604,-0.0,-0.0,-0.0
314629,-0.0,-0.0,-0.0
314657,-0.0,-0.0,-0.0
314683,-0.0,-0.0,-0.0
314707,-0.0,-0.0,-0.0
314731,-0.0,-0.0,-0.0
314756,-0.0,-0.0,-0.0
314780,-0.0,-0.0,-0.0
314805,-0.0,-0.0,-0.0
314829,-0.0,-0.0,-0.0
314854,-0.0,-0.0,-0.0
314879,-0.0,-0.0,-0.0
314907,-0.0,-0.0,-0.0
314932,-0.0,-0.0,-0.0
314956,-0.0,-0.0,-0.0
314981,-0.0,-0.0,-0.0
315006,-0.0,-0.0,-0.0
315030,-0.0,-0.0,-0.0
315055,-0.0,-0.0,-0.0
315079,-0.0,-0.0,-0.0
315104,-0.0,-0.0,-0.0
315128,-0.0,-0.0,-0.0
315153,-0.0,-0.0,-0.0
315181,-0.0,-0.0,-0.0
315206,-0.0,-0.0,-0.0
315230,-0.0,-0.0,-0.0
315255,-0.0,-0.0,-0.0
315280,-0.0,-0.0,-0.0
315305,-0.0,-0.0,-0.0
315329,-0.0,-0.0,-0.0
315354,-0.0,-0.0,-0.0
315378,-0.0,-0.0,-0.0
315403,-0.0,-0.0,-0.0
315431,-0.0,-0.0,-0.0
315456,-0.0,-0.0,-0.0
315480,-0.0,-0.0,-0.0
315505,-0.0,-0.0,-0.0
315529,-0.0,-0.0,-0.0
315555,-0.0,-0.0,-0.0
315579,-0.0,-0.0,-0.0
315604,-0.0,-0.0,-0.0
315628,-0.0,-0.0,-0.0
315653,-0.0,-0.0,-0.0
315681,-0.0,-0.0,-0.0
315706,-0.0,-0.0,-0.0
315730,-0.0,-0.0,-0.0
315755,-0.0,-0.0,-0.0
315779,-0.0,-0.0,-0.0
315804,-0.0,-0.0,-0.0
315829,-0.0,-0.0,-0.0
315854,-0.0,-0.0,-0.0
315878,-0.0,-0.0,-0.0
315903,-0.0,-0.0,-0.0
315931,-0.0,-0.0,-0.0
315955,-0.0,-0.0,-0.0
315980,-0.0,-0.0,-0.0
316005,-0.0,-0.0,-0.0
316029,-0.0,-0.0,-0.0
316054,-0.0,-0.0,-0.0
316078,-0.0,-0.0,-0.0
316103,-0.0,-0.0,-0.0
316128,-0.0,-0.0,-0.0
316152,-0.0,-0.0,-0.0
316181,-0.0,-0.0,-0.0
316205,-0.0,-0.0,-0.0
316230,-0.0,-0.0,-0.0
316255,-0.0,-0.0,-0.0
316279,-0.0,-0.0,-0.0
316304,-0.0,-0.0,-0.0
316328,-0.0,-0.0,-0.0
316353,-0.0,-0.0,-0.0
316378,-0.0,-0.0,-0.0
316402,-0.0,-0.0,-0.0
316427,-0.0,-0.0,-0.0
316455,-0.0,-0.0,-0.0
316480,-0.0,-0.0,-0.0
316505,-0.0,-0.0,-0.0
316529,-0.0,-0.0,-0.0
316553,-0.0,-0.0,-0.0
316578,-0.0,-0.0,-0.0
316603,-0.0,-0.0,-0.0
316628,-0.0,-0.0,-0.0
316652,-0.0,-0.0,-0.0
316676,-0.0,-0.0,-0.0
316705,-0.0,-0.0,-0.0
316730,-0.0,-0.0,-0.0
316754,-0.0,-0.0,-0.0
316779,-0.0,-0.0,-0.0
316804,-0.0,-0.0,-0.0
316828,-0.0,-0.0,-0.0
316853,-0.0,-0.0,-0.0
316877,-0.0,-0.0,-0.0
316902,-0.0,-0.0,-0.0
316927,-0.0,-0.0,-0.0
316955,-0.0,-0.0,-0.0
316980,-0.0,-0.0,-0.0
317004,-0.0,-0.0,-0.0
317029,-0.0,-0.0,-0.0
317054,-0.0,-0.0,-0.0
317078,-0.0,-0.0,-0.0
317103,-0.0,-0.0,-0.0
317127,-0.0,-0.0,-0.0
317152,-0.0,-0.0,-0.0
317177,-0.0,-0.0,-0.0
317205,-0.0,-0.0,-0.0
317229,-0.0,-0.0,-0.0
317254,-0.0,-0.0,-0.0
317278,-0.0,-0.0,-0.0
317303,-0.0,-0.0,-0.0
317328,-0.0,-0.0,-0.0
317353,-0.0,-0.0,-0.0
317377,-0.0,-0.0,-0.0
317402,-0.0,-0.0,-0.0
317427,-0.0,-0.0,-0.0
317455,-0.0,-0.0,-0.0
317479,-0.0,-0.0,-0.0
317504,-0.0,-0.0,-0.0
317529,-0.0,-0.0,-0.0
317553,-0.0,-0.0,-0.0
317578,-0.0,-0.0,-0.0
317602,-0.0,-0.0,-0.0
317627,-0.0,-0.0,-0.0
317652,-0.0,-0.0,-0.0
317676,-0.0,-0.0,-0.0
317700,-0.0,-0.0,-0.0
317729,-0.0,-0.0,-0.0
317754,-0.0,-0.0,-0.0
317778,-0.0,-0.0,-0.0
317803,-0.0,-0.0,-0.0
317828,-0.0,-0.0,-0.0
317852,-0.0,-0.0,-0.0
317877,-0.0,-0.0,-0.0
317901,-0.0,-0.0,-0.0
317926,-0.0,-0.0,-0.0
317951,-0.0,-0.0,-0.0
317979,-0.0,-0.0,-0.0
318004,-0.0,-0.0,-0.0
318028,-0.0,-0.0,-0.0
318053,-0.0,-0.0,-0.0
318077,-0.0,-0.0,-0.0
318102,-0.0,-0.0,-0.0
318126,-0.0,-0.0,-0.0
318151,-0.0,-0.0,-0.0
318176,-0.0,-0.0,-0.0
318200,-0.0,-0.0,-0.0
318229,-0.0,-0.0,-0.0
318254,-0.0,-0.0,-0.0
318278,-0.0,-0.0,-0.0
318303,-0.0,-0.0,-0.0
318327,-0.0,-0.0,-0.0
318352,-0.0,-0.0,-0.0
318377,-0.0,-0.0,-0.0
318401,-0.0,-0.0,-0.0
318426,-0.0,-0.0,-0.0
318450,-0.0,-0.0,-0.0
318478,-0.0,-0.0,-0.0
318503,-0.0,-0.0,-0.0
318528,-0.0,-0.0,-0.0
318553,-0.0,-0.0,-0.0
318577,-0.0,-0.0,-0.0
318602,-0.0,-0.0,-0.0
318627,-0.0,-0.0,-0.0
318651,-0.0,-0.0,-0.0
318676,-0.0,-0.0,-0.0
318700,-0.0,-0.0,-0.0
318728,-0.0,-0.0,-0.0
318753,-0.0,-0.0,-0.0
318778,-0.0,-0.0,-0.0
318803,-0.0,-0.0,-0.0
318827,-0.0,-0.0,-0.0
318852,-0.0,-0.0,-0.0
318876,-0.0,-0.0,-0.0
318900,-0.0,-0.0,-0.0
318925,-0.0,-0.0,-0.0
318950,-0.0,-0.0,-0.0
318974,-0.0,-0.0,-0.0
319003,-0.0,-0.0,-0.0
319028,-0.0,-0.0,-0.0
319052,-0.0,-0.0,-0.0
319077,-0.0,-0.0,-0.0
319101,-0.0,-0.0,-0.0
319126,-0.0,-0.0,-0.0
319151,-0.0,-0.0,-0.0
319175,-0.0,-0.0,-0.0
319200,-0.0,-0.0,-0.0
319224,-0.0,-0.0,-0.0
319253,-0.0,-0.0,-0.0
319277,-0.0,-0.0,-0.0
319302,-0.0,-0.0,-0.0
319327,-0.0,-0.0,-0.0
319351,-0.0,-0.0,-0.0
319376,-0.0,-0.0,-0.0
319401,-0.0,-0.0,-0.0
319425,-0.0,-0.0,-0.0
319450,-0.0,-0.0,-0.0
319474,-0.0,-0.0,-0.0
319503,-0.0,-0.0,-0.0
319527,-0.0,-0.0,-0.0
319552,-0.0,-0.0,-0.0
319576,-0.0,-0.0,-0.0
319601,-0.0,-0.0,-0.0
319626,-0.0,-0.0,-0.0
319650,-0.0,-0.0,-0.0
319675,-0.0,-0.0,-0.0
319699,-0.0,-0.0,-0.0
319724,-0.0,-0.0,-0.0
319753,-0.0,-0.0,-0.0
319777,-0.0,-0.0,-0.0
319802,-0.0,-0.0,-0.0
319827,-0.0,-0.0,-0.0
319851,-0.0,-0.0,-0.0
319876,-0.0,-0.0,-0.0
319900,-0.0,-0.0,-0.0
319925,-0.0,-0.0,-0.0
319949,-0.0,-0.0,-0.0
319974,-0.0,-0.0,-0.0
320003,-0.0,-0.0,-0.0
320027,-0.0,-0.0,-0.0
320051,-0.0,-0.0,-0.0
320077,-0.0,-0.0,-0.0
320101,-0.0,-0.0,-0.0
320126,-0.0,-0.0,-0.0
320150,-0.0,-0.0,-0.0
320175,-0.0,-0.0,-0.0
320200,-0.0,-0.0,-0.0
320224,-0.0,-0.0,-0.0
320248,-0.0,-0.0,-0.0
320277,-0.0,-0.0,-0.0
320302,-0.0,-0.0,-0.0
320326,-0.0,-0.0,-0.0
320351,-0.0,-0.0,-0.0
320375,-0.0,-0.0,-0.0
320400,-0.0,-0.0,-0.0
320424,-0.0,-0.0,-0.0
320449,-0.0,-0.0,-0.0
320473,-0.0,-0.0,-0.0
320498,-0.0,-0.0,-0.0
320527,-0.0,-0.0,-0.0
320551,-0.0,-0.0,-0.0
320577,-0.0,-0.0,-0.0
320601,-0.0,-0.0,-0.0
320625,-0.0,-0.0,-0.0
320650,-0.0,-0.0,-0.0
320674,-0.0,-0.0,-0.0
320699,-0.0,-0.0,-0.0
320724,-0.0,-0.0,-0.0
320748,-0.0,-0.0,-0.0
320777,-0.0,-0.0,-0.0
320801,-0.0,-0.0,-0.0
320825,-0.0,-0.0,-0.0
320850,-0.0,-0.0,-0.0
320875,-0.0,-0.0,-0.0
320900,-0.0,-0.0,-0.0
320924,-0.0,-0.0,-0.0
320949,-0.0,-0.0,-0.0
320973,-0.0,-0.0,-0.0
320997,-0.0,-0.0,-0.0
321026,-0.0,-0.0,-0.0
321051,-0.0,-0.0,-0.0
321075,-0.0,-0.0,-0.0
321100,-0.0,-0.0,-0.0
321124,-0.0,-0.0,-0.0
321149,-0.0,-0.0,-0.0
321174,-0.0,-0.0,-0.0
321198,-0.0,-0.0,-0.0
321223,-0.0,-0.0,-0.0
321247,-0.0,-0.0,-0.0
321276,-0.0,-0.0,-0.0
321300,-0.0,-0.0,-0.0
321325,-0.0,-0.0,-0.0
321350,-0.0,-0.0,-0.0
321374,-0.0,-0.0,-0.0
321399,-0.0,-0.0,-0.0
321424,-0.0,-0.0,-0.0
321448,-0.0,-0.0,-0.0
321473,-0.0,-0.0,-0.0
321497,-0.0,-0.0,-0.0
321522,-0.0,-0.0,-0.0
321550,-0.0,-0.0,-0.0
321575,-0.0,-0.0,-0.0
321599,-0.0,-0.0,-0.0
321624,-0.0,-0.0,-0.0
321649,-0.0,-0.0,-0.0
321674,-0.0,-0.0,-0.0
321698,-0.0,-0.0,-0.0
321723,-0.0,-0.0,-0.0
321747,-0.0,-0.0,-0.0
321772,-0.0,-0.0,-0.0
321801,-0.0,-0.0,-0.0
321825,-0.0,-0.0,-0.0
321850,-0.0,-0.0,-0.0
321874,-0.0,-0.0,-0.0
321899,-0.0,-0.0,-0.0
321923,-0.0,-0.0,-0.0
321948,-0.0,-0.0,-0.0
321973,-0.0,-0.0,-0.0
321997,-0.0,-0.0,-0.0
322022,-0.0,-0.0,-0.0
322050,-0.0,-0.0,-0.0
322075,-0.0,-0.0,-0.0
322100,-0.0,-0.0,-0.0
322124,-0.0,-0.0,-0.0
322148,-0.0,-0.0,-0.0
322173,-0.0,-0.0,-0.0
322197,-0.0,-0.0,-0.0
322223,-0.0,-0.0,-0.0
322247,-0.0,-0.0,-0.0
322272,-0.0,-0.0,-0.0
322300,-0.0,-0.0,-0.0
322325,-0.0,-0.0,-0.0
322349,-0.0,-0.0,-0.0
322374,-0.0,-0.0,-0.0
322398,-0.0,-0.0,-0.0
322423,-0.0,-0.0,-0.0
322447,-0.0,-0.0,-0.0
322472,-0.0,-0.0,-0.0
322496,-0.0,-0.0,-0.0
322521,-0.0,-0.0,-0.0
322550,-0.0,-0.0,-0.0
322574,-0.0,-0.0,-0.0
322599,-0.0,-0.0,-0.0
322624,-0.0,-0.0,-0.0
322648,-0.0,-0.0,-0.0
322673,-0.0,-0.0,-0.0
322697,-0.0,-0.0,-0.0
322722,-0.0,-0.0,-0.0
322746,-0.0,-0.0,-0.0
322771,-0.0,-0.0,-0.0
322800,-0.0,-0.0,-0.0
322825,-0.0,-0.0,-0.0
322849,-0.0,-0.0,-0.0
322874,-0.0,-0.0,-0.0
322898,-0.0,-0.0,-0.0
322923,-0.0,-0.0,-0.0
322947,-0.0,-0.0,-0.0
322972,-0.0,-0.0,-0.0
322996,-0.0,-0.0,-0.0
323021,-0.0,-0.0,-0.0
323046,-0.0,-0.0,-0.0
323074,-0.0,-0.0,-0.0
323099,-0.0,-0.0,-0.0
323124,-0.0,-0.0,-0.0
323148,-0.0,-0.0,-0.0
323172,-0.0,-0.0,-0.0
323197,-0.0,-0.0,-0.0
323222,-0.0,-0.0,-0.0
323247,-0.0,-0.0,-0.0
323271,-0.0,-0.0,-0.0
323295,-0.0,-0.0,-0.0
323324,-0.0,-0.0,-0.0
323348,-0.0,-0.0,-0.0
323373,-0.0,-0.0,-0.0
323398,-0.0,-0.0,-0.0
323422,-0.0,-0.0,-0.0
323447,-0.0,-0.0,-0.0
323471,-0.0,-0.0,-0.0
323496,-0.0,-0.0,-0.0
323520,-0.0,-0.0,-0.0
323545,-0.0,-0.0,-0.0
323574,-0.0,-0.0,-0.0
323598,-0.0,-0.0,-0.0
323623,-0.0,-0.0,-0.0
323647,-0.0,-0.0,-0.0
323672,-0.0,-0.0,-0.0
323697,-0.0,-0.0,-0.0
323722,-0.0,-0.0,-0.0
323746,-0.0,-0.0,-0.0
323771,-0.0,-0.0,-0.0
323795,-0.0,-0.0,-0.0
323824,-0.0,-0.0,-0.0
323848,-0.0,-0.0,-0.0
323873,-0.0,-0.0,-0.0
323897,-0.0,-0.0,-0.0
323922,-0.0,-0.0,-0.0
323946,-0.0,-0.0,-0.0
323971,-0.0,-0.0,-0.0
323996,-0.0,-0.0,-0.0
324021,-0.0,-0.0,-0.0
324045,-0.0,-0.0,-0.0
324073,-0.0,-0.0,-0.0
324098,-0.0,-0.0,-0.0
324123,-0.0,-0.0,-0.0
324147,-0.0,-0.0,-0.0
324172,-0.0,-0.0,-0.0
324196,-0.0,-0.0,-0.0
324221,-0.0,-0.0,-0.0
324246,-0.0,-0.0,-0.0
324270,-0.0,-0.0,-0.0
324295,-0.0,-0.0,-0.0
324319,-0.0,-0.0,-0.0
324348,-0.0,-0.0,-0.0
324372,-0.0,-0.0,-0.0
324397,-0.0,-0.0,-0.0
324422,-0.0,-0.0,-0.0
324446,-0.0,-0.0,-0.0
324471,-0.0,-0.0,-0.0
324495,-0.0,-0.0,-0.0
324520,-0.0,-0.0,-0.0
324545,-0.0,-0.0,-0.0
324569,-0.0,-0.0,-0.0
324598,-0.0,-0.0,-0.0
324622,-0.0,-0.0,-0.0
324647,-0.0,-0.0,-0.0
324671,-0.0,-0.0,-0.0
324696,-0.0,-0.0,-0.0
324721,-0.0,-0.0,-0.0
324745,-0.0,-0.0,-0.0
324770,-0.0,-0.0,-0.0
324795,-0.0,-0.0,-0.0
324819,-0.0,-0.0,-0.0
324847,-0.0,-0.0,-0.0
324872,-0.0,-0.0,-0.0
324897,-0.0,-0.0,-0.0
324922,-0.0,-0.0,-0.0
324946,-0.0,-0.0,-0.0
324971,-0.0,-0.0,-0.0
324995,-0.0,-0.0,-0.0
325020,-0.0,-0.0,-0.0
325045,-0.0,-0.0,-0.0
325069,-0.0,-0.0,-0.0
325097,-0.0,-0.0,-0.0
325122,-0.0,-0.0,-0.0
325147,-0.0,-0.0,-0.0
325171,-0.0,-0.0,-0.0
325196,-0.0,-0.0,-0.0
325220,-0.0,-0.0,-0.0
325245,-0.0,-0.0,-0.0
325270,-0.0,-0.0,-0.0
325294,-0.0,-0.0,-0.0
325319,-0.0,-0.0,-0.0
325347,-0.0,-0.0,-0.0
325372,-0.0,-0.0,-0.0
325396,-0.0,-0.0,-0.0
325421,-0.0,-0.0,-0.0
325445,-0.0,-0.0,-0.0
325470,-0.0,-0.0,-0.0
325495,-0.0,-0.0,-0.0
325520,-0.0,-0.0,-0.0
325544,-0.0,-0.0,-0.0
325568,-0.0,-0.0,-0.0
325593,-0.0,-0.0,-0.0
325621,-0.0,-0.0,-0.0
325646,-0.0,-0.0,-0.0
325671,-0.0,-0.0,-0.0
325696,-0.0,-0.0,-0.0
325720,-0.0,-0.0,-0.0
325744,-0.0,-0.0,-0.0
325769,-0.0,-0.0,-0.0
325794,-0.0,-0.0,-0.0
325819,-0.0,-0.0,-0.0
325843,-0.0,-0.0,-0.0
325871,-0.0,-0.0,-0.0
325896,-0.0,-0.0,-0.0
325921,-0.0,-0.0,-0.0
325945,-0.0,-0.0,-0.0
325970,-0.0,-0.0,-0.0
325994,-0.0,-0.0,-0.0
326020,-0.0,-0.0,-0.0
326043,-0.0,-0.0,-0.0
326068,-0.0,-0.0,-0.0
326093,-0.0,-0.0,-0.0
326121,-0.0,-0.0,-0.0
326146,-0.0,-0.0,-0.0
326170,-0.0,-0.0,-0.0
326195,-0.0,-0.0,-0.0
326219,-0.0,-0.0,-0.0
326245,-0.0,-0.0,-0.0
326269,-0.0,-0.0,-0.0
326294,-0.0,-0.0,-0.0
326318,-0.0,-0.0,-0.0
326343,-0.0,-0.0,-0.0
326371,-0.0,-0.0,-0.0
326396,-0.0,-0.0,-0.0
326421,-0.0,-0.0,-0.0
326445,-0.0,-0.0,-0.0
326470,-0.0,-0.0,-0.0
326494,-0.0,-0.0,-0.0
326519,-0.0,-0.0,-0.0
326543,-0.0,-0.0,-0.0
326568,-0.0,-0.0,-0.0
326592,-0.0,-0.0,-0.0
326621,-0.0,-0.0,-0.0
326646,-0.0,-0.0,-0.0
326670,-0.0,-0.0,-0.0
326695,-0.0,-0.0,-0.0
326720,-0.0,-0.0,-0.0
326744,-0.0,-0.0,-0.0
326769,-0.0,-0.0,-0.0
326794,-0.0,-0.0,-0.0
326818,-0.0,-0.0,-0.0
326842,-0.0,-0.0,-0.0
326867,-0.0,-0.0,-0.0
326895,-0.0,-0.0,-0.0
326920,-0.0,-0.0,-0.0
326945,-0.0,-0.0,-0.0
326969,-0.0,-0.0,-0.0
326994,-0.0,-0.0,-0.0
327019,-0.0,-0.0,-0.0
327043,-0.0,-0.0,-0.0
327068,-0.0,-0.0,-0.0
327092,-0.0,-0.0,-0.0
327117,-0.0,-0.0,-0.0
327145,-0.0,-0.0,-0.0
327170,-0.0,-0.0,-0.0
327194,-0.0,-0.0,-0.0
327219,-0.0,-0.0,-0.0
327244,-0.0,-0.0,-0.0
327269,-0.0,-0.0,-0.0
327293,-0.0,-0.0,-0.0
327318,-0.0,-0.0,-0.0
327342,-0.0,-0.0,-0.0
327367,-0.0,-0.0,-0.0
327395,-0.0,-0.0,-0.0
327420,-0.0,-0.0,-0.0
327444,-0.0,-0.0,-0.0
327469,-0.0,-0.0,-0.0
327494,-0.0,-0.0,-0.0
327518,-0.0,-0.0,-0.0
327543,-0.0,-0.0,-0.0
327568,-0.0,-0.0,-0.0
327592,-0.0,-0.0,-0.0
327617,-0.0,-0.0,-0.0
327645,-0.0,-0.0,-0.0
327670,-0.0,-0.0,-0.0
327694,-0.0,-0.0,-0.0
327719,-0.0,-0.0,-0.0
327743,-0.0,-0.0,-0.0
327768,-0.0,-0.0,-0.0
327792,-0.0,-0.0,-0.0
327817,-0.0,-0.0,-0.0
327842,-0.0,-0.0,-0.0
327866,-0.0,-0.0,-0.0
327895,-0.0,-0.0,-0.0
327919,-0.0,-0.0,-0.0
327944,-0.0,-0.0,-0.0
327968,-0.0,-0.0,-0.0
327993,-0.0,-0.0,-0.0
328018,-0.0,-0.0,-0.0
328044,-0.0,-0.0,-0.0
328067,-0.0,-0.0,-0.0
328092,-0.0,-0.0,-0.0
328116,-0.0,-0.0,-0.0
328141,-0.0,-0.0,-0.0
328169,-0.0,-0.0,-0.0
328194,-0.0,-0.0,-0.0
328219,-0.0,-0.0,-0.0
328243,-0.0,-0.0,-0.0
328268,-0.0,-0.0,-0.0
328292,-0.0,-0.0,-0.0
328317,-0.0,-0.0,-0.0
328342,-0.0,-0.0,-0.0
328366,-0.0,-0.0,-0.0
328391,-0.0,-0.0,-0.0
328419,-0.0,-0.0,-0.0
328444,-0.0,-0.0,-0.0
328469,-0.0,-0.0,-0.0
328493,-0.0,-0.0,-0.0
328518,-0.0,-0.0,-0.0
328543,-0.0,-0.0,-0.0
328567,-0.0,-0.0,-0.0
328591,-0.0,-0.0,-0.0
328616,-0.0,-0.0,-0.0
328641,-0.0,-0.0,-0.0
328669,-0.0,-0.0,-0.0
328693,-0.0,-0.0,-0.0
328718,-0.0,-0.0,-0.0
328744,-0.0,-0.0,-0.0
328768,-0.0,-0.0,-0.0
328792,-0.0,-0.0,-0.0
328817,-0.0,-0.0,-0.0
328841,-0.0,-0.0,-0.0
328866,-0.0,-0.0,-0.0
328890,-0.0,-0.0,-0.0
328919,-0.0,-0.0,-0.0
328943,-0.0,-0.0,-0.0
328968,-0.0,-0.0,-0.0
328993,-0.0,-0.0,-0.0
329017,-0.0,-0.0,-0.0
329042,-0.0,-0.0,-0.0
329067,-0.0,-0.0,-0.0
329091,-0.0,-0.0,-0.0
329116,-0.0,-0.0,-0.0
329141,-0.0,-0.0,-0.0
329169,-0.0,-0.0,-0.0
329194,-0.0,-0.0,-0.0
329218,-0.0,-0.0,-0.0
329243,-0.0,-0.0,-0.0
329267,-0.0,-0.0,-0.0
329292,-0.0,-0.0,-0.0
329316,-0.0,-0.0,-0.0
329341,-0.0,-0.0,-0.0
329365,-0.0,-0.0,-0.0
329390,-0.0,-0.0,-0.0
329414,-0.0,-0.0,-0.0
329443,-0.0,-0.0,-0.0
329467,-0.0,-0.0,-0.0
329493,-0.0,-0.0,-0.0
329517,-0.0,-0.0,-0.0
329541,-0.0,-0.0,-0.0
329566,-0.0,-0.0,-0.0
329591,-0.0,-0.0,-0.0
329615,-0.0,-0.0,-0.0
329640,-0.0,-0.0,-0.0
329664,-0.0,-0.0,-0.0
329693,-0.0,-0.0,-0.0
329718,-0.0,-0.0,-0.0
329742,-0.0,-0.0,-0.0
329767,-0.0,-0.0,-0.0
329791,-0.0,-0.0,-0.0
329816,-0.0,-0.0,-0.0
329841,-0.0,-0.0,-0.0
329865,-0.0,-0.0,-0.0
329890,-0.0,-0.0,-0.0
329914,-0.0,-0.0,-0.0
329943,-0.0,-0.0,-0.0
329967,-0.0,-0.0,-0.0
329992,-0.0,-0.0,-0.0
330016,-0.0,-0.0,-0.0
330041,-0.0,-0.0,-0.0
330066,-0.0,-0.0,-0.0
330090,-0.0,-0.0,-0.0
330115,-0.0,-0.0,-0.0
330140,-0.0,-0.0,-0.0
330164,-0.0,-0.0,-0.0
330193,-0.0,-0.0,-0.0
330217,-0.0,-0.0,-0.0
330242,-0.0,-0.0,-0.0
330267,-0.0,-0.0,-0.0
330291,-0.0,-0.0,-0.0
330316,-0.0,-0.0,-0.0
330340,-0.0,-0.0,-0.0
330365,-0.0,-0.0,-0.0
330390,-0.0,-0.0,-0.0
330414,-0.0,-0.0,-0.0
330443,-0.0,-0.0,-0.0
330467,-0.0,-0.0,-0.0
330492,-0.0,-0.0,-0.0
330516,-0.0,-0.0,-0.0
330541,-0.0,-0.0,-0.0
330566,-0.0,-0.0,-0.0
330590,-0.0,-0.0,-0.0
330614,-0.0,-0.0,-0.0
330640,-0.0,-0.0,-0.0
330663,-0.0,-0.0,-0.0
330693,-0.0,-0.0,-0.0
330717,-0.0,-0.0,-0.0
330741,-0.0,-0.0,-0.0
330766,-0.0,-0.0,-0.0
330791,-0.0,-0.0,-0.0
330815,-0.0,-0.0,-0.0
330840,-0.0,-0.0,-0.0
330864,-0.0,-0.0,-0.0
330889,-0.0,-0.0,-0.0
330913,-0.0,-0.0,-0.0
330938,-0.0,-0.0,-0.0
330967,-0.0,-0.0,-0.0
330991,-0.0,-0.0,-0.0
331016,-0.0,-0.0,-0.0
331041,-0.0,-0.0,-0.0
331065,-0.0,-0.0,-0.0
331089,-0.0,-0.0,-0.0
331114,-0.0,-0.0,-0.0
331139,-0.0,-0.0,-0.0
331163,-0.0,-0.0,-0.0
331188,-0.0,-0.0,-0.0
331217,-0.0,-0.0,-0.0
331241,-0.0,-0.0,-0.0
331266,-0.0,-0.0,-0.0
331290,-0.0,-0.0,-0.0
331315,-0.0,-0.0,-0.0
331340,-0.0,-0.0,-0.0
331364,-0.0,-0.0,-0.0
331389,-0.0,-0.0,-0.0
331413,-0.0,-0.0,-0.0
331438,-0.0,-0.0,-0.0
331467,-0.0,-0.0,-0.0
331491,-0.0,-0.0,-0.0
331516,-0.0,-0.0,-0.0
331540,-0.0,-0.0,-0.0
331564,-0.0,-0.0,-0.0
331589,-0.0,-0.0,-0.0
331614,-0.0,-0.0,-0.0
331638,-0.0,-0.0,-0.0
331663,-0.0,-0.0,-0.0
331688,-0.0,-0.0,-0.0
331716,-0.0,-0.0,-0.0
331741,-0.0,-0.0,-0.0
331765,-0.0,-0.0,-0.0
331790,-0.0,-0.0,-0.0
331814,-0.0,-0.0,-0.0
331839,-0.0,-0.0,-0.0
331864,-0.0,-0.0,-0.0
331888,-0.0,-0.0,-0.0
331913,-0.0,-0.0,-0.0
331937,-0.0,-0.0,-0.0
331966,-0.0,-0.0,-0.0
331990,-0.0,-0.0,-0.0
332016,-0.0,-0.0,-0.0
332040,-0.0,-0.0,-0.0
332064,-0.0,-0.0,-0.0
332089,-0.0,-0.0,-0.0
332113,-0.0,-0.0,-0.0
332138,-0.0,-0.0,-0.0
332163,-0.0,-0.0,-0.0
332188,-0.0,-0.0,-0.0
332212,-0.0,-0.0,-0.0
332240,-0.0,-0.0,-0.0
332265,-0.0,-0.0,-0.0
332290,-0.0,-0.0,-0.0
332314,-0.0,-0.0,-0.0
332339,-0.0,-0.0,-0.0
332363,-0.0,-0.0,-0.0
332388,-0.0,-0.0,-0.0
332413,-0.0,-0.0,-0.0
332437,-0.0,-0.0,-0.0
332462,-0.0,-0.0,-0.0
332491,-0.0,-0.0,-0.0
332516,-0.0,-0.0,-0.0
332540,-0.0,-0.0,-0.0
332564,-0.0,-0.0,-0.0
332589,-0.0,-0.0,-0.0
332613,-0.0,-0.0,-0.0
332638,-0.0,-0.0,-0.0
332662,-0.0,-0.0,-0.0
332687,-0.0,-0.0,-0.0
332712,-0.0,-0.0,-0.0
332740,-0.0,-0.0,-0.0
332765,-0.0,-0.0,-0.0
332790,-0.0,-0.0,-0.0
332814,-0.0,-0.0,-0.0
332838,-0.0,-0.0,-0.0
332863,-0.0,-0.0,-0.0
332888,-0.0,-0.0,-0.0
332912,-0.0,-0.0,-0.0
332937,-0.0,-0.0,-0.0
332962,-0.0,-0.0,-0.0
332990,-0.0,-0.0,-0.0
333014,-0.0,-0.0,-0.0
333039,-0.0,-0.0,-0.0
333064,-0.0,-0.0,-0.0
333088,-0.0,-0.0,-0.0
333113,-0.0,-0.0,-0.0
333138,-0.0,-0.0,-0.0
333162,-0.0,-0.0,-0.0
333187,-0.0,-0.0,-0.0
333211,-0.0,-0.0,-0.0
333240,-0.0,-0.0,-0.0
333264,-0.0,-0.0,-0.0
333289,-0.0,-0.0,-0.0
333313,-0.0,-0.0,-0.0
333338,-0.0,-0.0,-0.0
333363,-0.0,-0.0,-0.0
333387,-0.0,-0.0,-0.0
333412,-0.0,-0.0,-0.0
333437,-0.0,-0.0,-0.0
333461,-0.0,-0.0,-0.0
333486,-0.0,-0.0,-0.0
333515,-0.0,-0.0,-0.0
333539,-0.0,-0.0,-0.0
333563,-0.0,-0.0,-0.0
333588,-0.0,-0.0,-0.0
333612,-0.0,-0.0,-0.0
333637,-0.0,-0.0,-0.0
333662,-0.0,-0.0,-0.0
333687,-0.0,-0.0,-0.0
333711,-0.0,-0.0,-0.0
333736,-0.0,-0.0,-0.0
333764,-0.0,-0.0,-0.0
333789,-0.0,-0.0,-0.0
333813,-0.0,-0.0,-0.0
333838,-0.0,-0.0,-0.0
333862,-0.0,-0.0,-0.0
333887,-0.0,-0.0,-0.0
333912,-0.0,-0.0,-0.0
333936,-0.0,-0.0,-0.0
333961,-0.0,-0.0,-0.0
333985,-0.0,-0.0,-0.0
334014,-0.0,-0.0,-0.0
334038,-0.0,-0.0,-0.0
334063,-0.0,-0.0,-0.0
334088,-0.0,-0.0,-0.0
334112,-0.0,-0.0,-0.0
334137,-0.0,-0.0,-0.0
334161,-0.0,-0.0,-0.0
334186,-0.0,-0.0,-0.0
334211,-0.0,-0.0,-0.0
334235,-0.0,-0.0,-0.0
334264,-0.0,-0.0,-0.0
334289,-0.0,-0.0,-0.0
334313,-0.0,-0.0,-0.0
334337,-0.0,-0.0,-0.0
334362,-0.0,-0.0,-0.0
334387,-0.0,-0.0,-0.0
334411,-0.0,-0.0,-0.0
334436,-0.0,-0.0,-0.0
334460,-0.0,-0.0,-0.0
334485,-0.0,-0.0,-0.0
334513,-0.0,-0.0,-0.0
334538,-0.0,-0.0,-0.0
334563,-0.0,-0.0,-0.0
334587,-0.0,-0.0,-0.0
334612,-0.0,-0.0,-0.0
334637,-0.0,-0.0,-0.0
334661,-0.0,-0.0,-0.0
334686,-0.0,-0.0,-0.0
334710,-0.0,-0.0,-0.0
334735,-0.0,-0.0,-0.0
334760,-0.0,-0.0,-0.0
334788,-0.0,-0.0,-0.0
334812,-0.0,-0.0,-0.0
334837,-0.0,-0.0,-0.0
334862,-0.0,-0.0,-0.0
334887,-0.0,-0.0,-0.0
334911,-0.0,-0.0,-0.0
334936,-0.0,-0.0,-0.0
334960,-0.0,-0.0,-0.0
334985,-0.0,-0.0,-0.0
335010,-0.0,-0.0,-0.0
335038,-0.0,-0.0,-0.0
335062,-0.0,-0.0,-0.0
335088,-0.0,-0.0,-0.0
335112,-0.0,-0.0,-0.0
335136,-0.0,-0.0,-0.0
335161,-0.0,-0.0,-0.0
335186,-0.0,-0.0,-0.0
335212,-0.0,-0.0,-0.0
335235,-0.0,-0.0,-0.0
335260,-0.0,-0.0,-0.0
335288,-0.0,-0.0,-0.0
335312,-0.0,-0.0,-0.0
335337,-0.0,-0.0,-0.0
335362,-0.0,-0.0,-0.0
335387,-0.0,-0.0,-0.0
335411,-0.0,-0.0,-0.0
335436,-0.0,-0.0,-0.0
335460,-0.0,-0.0,-0.0
335485,-0.0,-0.0,-0.0
335510,-0.0,-0.0,-0.0
335538,-0.0,-0.0,-0.0
335562,-0.0,-0.0,-0.0
335587,-0.0,-0.0,-0.0
335611,-0.0,-0.0,-0.0
335636,-0.0,-0.0,-0.0
335660,-0.0,-0.0,-0.0
335685,-0.0,-0.0,-0.0
335710,-0.0,-0.0,-0.0
335734,-0.0,-0.0,-0.0
335759,-0.0,-0.0,-0.0
335788,-0.0,-0.0,-0.0
335812,-0.0,-0.0,-0.0
335836,-0.0,-0.0,-0.0
335861,-0.0,-0.0,-0.0
335886,-0.0,-0.0,-0.0
335910,-0.0,-0.0,-0.0
335935,-0.0,-0.0,-0.0
335959,-0.0,-0.0,-0.0
335984,-0.0,-0.0,-0.0
336009,-0.0,-0.0,-0.0
336037,-0.0,-0.0,-0.0
336062,-0.0,-0.0,-0.0
336087,-0.0,-0.0,-0.0
336111,-0.0,-0.0,-0.0
336136,-0.0,-0.0,-0.0
336160,-0.0,-0.0,-0.0
336185,-0.0,-0.0,-0.0
336209,-0.0,-0.0,-0.0
336234,-0.0,-0.0,-0.0
336259,-0.0,-0.0,-0.0
336283,-0.0,-0.0,-0.0
336312,-0.0,-0.0,-0.0
336337,-0.0,-0.0,-0.0
336361,-0.0,-0.0,-0.0
336386,-0.0,-0.0,-0.0
336410,-0.0,-0.0,-0.0
336435,-0.0,-0.0,-0.0
336459,-0.0,-0.0,-0.0
336484,-0.0,-0.0,-0.0
336509,-0.0,-0.0,-0.0
336533,-0.0,-0.0,-0.0
336562,-0.0,-0.0,-0.0
336586,-0.0,-0.0,-0.0
336611,-0.0,-0.0,-0.0
336635,-0.0,-0.0,-0.0
336660,-0.0,-0.0,-0.0
336684,-0.0,-0.0,-0.0
336709,-0.0,-0.0,-0.0
336733,-0.0,-0.0,-0.0
336758,-0.0,-0.0,-0.0
336783,-0.0,-0.0,-0.0
336811,-0.0,-0.0,-0.0
336836,-0.0,-0.0,-0.0
336860,-0.0,-0.0,-0.0
336885,-0.0,-0.0,-0.0
336910,-0.0,-0.0,-0.0
336935,-0.0,-0.0,-0.0
336959,-0.0,-0.0,-0.0
336984,-0.0,-0.0,-0.0
337008,-0.0,-0.0,-0.0
337033,-0.0,-0.0,-0.0
337061,-0.0,-0.0,-0.0
337088,-0.0,-0.0,-0.0
337110,-0.0,-0.0,-0.0
337135,-0.0,-0.0,-0.0
337160,-0.0,-0.0,-0.0
337184,-0.0,-0.0,-0.0
337209,-0.0,-0.0,-0.0
337234,-0.0,-0.0,-0.0
337258,-0.0,-0.0,-0.0
337283,-0.0,-0.0,-0.0
337311,-0.0,-0.0,-0.0
337336,-0.0,-0.0,-0.0
337360,-0.0,-0.0,-0.0
337385,-0.0,-0.0,-0.0
337409,-0.0,-0.0,-0.0
337434,-0.0,-0.0,-0.0
337459,-0.0,-0.0,-0.0
337483,-0.0,-0.0,-0.0
337508,-0.0,-0.0,-0.0
337532,-0.0,-0.0,-0.0
337557,-0.0,-0.0,-0.0
337586,-0.0,-0.0,-0.0
337610,-0.0,-0.0,-0.0
337635,-0.0,-0.0,-0.0
337659,-0.0,-0.0,-0.0
337684,-0.0,-0.0,-0.0
337709,-0.0,-0.0,-0.0
337733,-0.0,-0.0,-0.0
337758,-0.0,-0.0,-0.0
337782,-0.0,-0.0,-0.0
337807,-0.0,-0.0,-0.0
337836,-0.0,-0.0,-0.0
337860,-0.0,-0.0,-0.0
337885,-0.0,-0.0,-0.0
337910,-0.0,-0.0,-0.0
337934,-0.0,-0.0,-0.0
337958,-0.0,-0.0,-0.0
337983,-0.0,-0.0,-0.0
338007,-0.0,-0.0,-0.0
338032,-0.0,-0.0,-0.0
338056,-0.0,-0.0,-0.0
338085,-0.0,-0.0,-0.0
338110,-0.0,-0.0,-0.0
338134,-0.0,-0.0,-0.0
338159,-0.0,-0.0,-0.0
338184,-0.0,-0.0,-0.0
338208,-0.0,-0.0,-0.0
338233,-0.0,-0.0,-0.0
338257,-0.0,-0.0,-0.0
338282,-0.0,-0.0,-0.0
338307,-0.0,-0.0,-0.0
338335,-0.0,-0.0,-0.0
338359,-0.0,-0.0,-0.0
338384,-0.0,-0.0,-0.0
338409,-0.0,-0.0,-0.0
338434,-0.0,-0.0,-0.0
338458,-0.0,-0.0,-0.0
338482,-0.0,-0.0,-0.0
338507,-0.0,-0.0,-0.0
338533,-0.0,-0.0,-0.0
338556,-0.0,-0.0,-0.0
338585,-0.0,-0.0,-0.0
338609,-0.0,-0.0,-0.0
338634,-0.0,-0.0,-0.0
338659,-0.0,-0.0,-0.0
338684,-0.0,-0.0,-0.0
338708,-0.0,-0.0,-0.0
338733,-0.0,-0.0,-0.0
338757,-0.0,-0.0,-0.0
338782,-0.0,-0.0,-0.0
338806,-0.0,-0.0,-0.0
338830,-0.0,-0.0,-0.0
338859,-0.0,-0.0,-0.0
338884,-0.0,-0.0,-0.0
338908,-0.0,-0.0,-0.0
338933,-0.0,-0.0,-0.0
338958,-0.0,-0.0,-0.0
338982,-0.0,-0.0,-0.0
339007,-0.0,-0.0,-0.0
339031,-0.0,-0.0,-0.0
339056,-0.0,-0.0,-0.0
339080,-0.0,-0.0,-0.0
339109,-0.0,-0.0,-0.0
339134,-0.0,-0.0,-0.0
339158,-0.0,-0.0,-0.0
339183,-0.0,-0.0,-0.0
339208,-0.0,-0.0,-0.0
339232,-0.0,-0.0,-0.0
339256,-0.0,-0.0,-0.0
339281,-0.0,-0.0,-0.0
339306,-0.0,-0.0,-0.0
339330,-0.0,-0.0,-0.0
339359,-0.0,-0.0,-0.0
339384,-0.0,-0.0,-0.0
339408,-0.0,-0.0,-0.0
339433,-0.0,-0.0,-0.0
339457,-0.0,-0.0,-0.0
339482,-0.0,-0.0,-0.0
339507,-0.0,-0.0,-0.0
339531,-0.0,-0.0,-0.0
339556,-0.0,-0.0,-0.0
339580,-0.0,-0.0,-0.0
339609,-0.0,-0.0,-0.0
339634,-0.0,-0.0,-0.0
339658,-0.0,-0.0,-0.0
339683,-0.0,-0.0,-0.0
339707,-0.0,-0.0,-0.0
339732,-0.0,-0.0,-0.0
339757,-0.0,-0.0,-0.0
339781,-0.0,-0.0,-0.0
339806,-0.0,-0.0,-0.0
339830,-0.0,-0.0,-0.0
339859,-0.0,-0.0,-0.0
339883,-0.0,-0.0,-0.0
339908,-0.0,-0.0,-0.0
339932,-0.0,-0.0,-0.0
339957,-0.0,-0.0,-0.0
339982,-0.0,-0.0,-0.0
340006,-0.0,-0.0,-0.0
340031,-0.0,-0.0,-0.0
340055,-0.0,-0.0,-0.0
340080,-0.0,-0.0,-0.0
340105,-0.0,-0.0,-0.0
340133,-0.0,-0.0,-0.0
340157,-0.0,-0.0,-0.0
340182,-0.0,-0.0,-0.0
340207,-0.0,-0.0,-0.0
340232,-0.0,-0.0,-0.0
340256,-0.0,-0.0,-0.0
340280,-0.0,-0.0,-0.0
340306,-0.0,-0.0,-0.0
340330,-0.0,-0.0,-0.0
340354,-0.0,-0.0,-0.0
340383,-0.0,-0.0,-0.0
340408,-0.0,-0.0,-0.0
340432,-0.0,-0.0,-0.0
340457,-0.0,-0.0,-0.0
340481,-0.0,-0.0,-0.0
340506,-0.0,-0.0,-0.0
340530,-0.0,-0.0,-0.0
340555,-0.0,-0.0,-0.0
340579,-0.0,-0.0,-0.0
340604,-0.0,-0.0,-0.0
340633,-0.0,-0.0,-0.0
340657,-0.0,-0.0,-0.0
340682,-0.0,-0.0,-0.0
340706,-0.0,-0.0,-0.0
340731,-0.0,-0.0,-0.0
340756,-0.0,-0.0,-0.0
340780,-0.0,-0.0,-0.0
340805,-0.0,-0.0,-0.0
340829,-0.0,-0.0,-0.0
340854,-0.0,-0.0,-0.0
340883,-0.0,-0.0,-0.0
340907,-0.0,-0.0,-0.0
340932,-0.0,-0.0,-0.0
340956,-0.0,-0.0,-0.0
340981,-0.0,-0.0,-0.0
341005,-0.0,-0.0,-0.0
341030,-0.0,-0.0,-0.0
341055,-0.0,-0.0,-0.0
341079,-0.0,-0.0,-0.0
341104,-0.0,-0.0,-0.0
341132,-0.0,-0.0,-0.0
341157,-0.0,-0.0,-0.0
341181,-0.0,-0.0,-0.0
341206,-0.0,-0.0,-0.0
341231,-0.0,-0.0,-0.0
341255,-0.0,-0.0,-0.0
341280,-0.0,-0.0,-0.0
341305,-0.0,-0.0,-0.0
341329,-0.0,-0.0,-0.0
341354,-0.0,-0.0,-0.0
341378,-0.0,-0.0,-0.0
341407,-0.0,-0.0,-0.0
341431,-0.0,-0.0,-0.0
341456,-0.0,-0.0,-0.0
341480,-0.0,-0.0,-0.0
341505,-0.0,-0.0,-0.0
341530,-0.0,-0.0,-0.0
341554,-0.0,-0.0,-0.0
341579,-0.0,-0.0,-0.0
341605,-0.0,-0.0,-0.0
341628,-0.0,-0.0,-0.0
